{
  "arm": "web",
  "capacity": "linear",
  "frac": 1.0,
  "seed": 0,
  "best_epoch": 60,
  "cfg_hash": "6b1e8b2d",
  "val": {
    "mAP50": 0.19736151477486605,
    "mAP50_95": 0.05250032118189708,
    "AP_small": 0.0,
    "score_thr": 0.25,
    "precision": 0.4075471698113208,
    "recall": 0.31486880466472306,
    "f1": 0.3552631578947369,
    "tp": 108,
    "fp": 157,
    "fn": 235,
    "count_mae": 3.212121212121212,
    "strata_readable": {
      "isolated": {
        "recall": 0.21,
        "n": 100
      },
      "touching": {
        "recall": 0.358,
        "n": 243
      }
    }
  }
}