{
  "capacity": "mlp",
  "ranking": [
    {
      "arm": "dapt_s42_shuf_i999",
      "val_mAP50_mean": 0.4136702757361877,
      "val_mAP50_std": 0.013317132971785639,
      "seeds": [
        0,
        1,
        2,
        3,
        4
      ]
    },
    {
      "arm": "dapt_s42_shuf_i499",
      "val_mAP50_mean": 0.407627149065174,
      "val_mAP50_std": 0.01828906352751142,
      "seeds": [
        0,
        1,
        2,
        3,
        4
      ]
    },
    {
      "arm": "web",
      "val_mAP50_mean": 0.39990682076418427,
      "val_mAP50_std": 0.015791584434871105,
      "seeds": [
        0,
        1,
        2,
        3,
        4
      ]
    },
    {
      "arm": "dapt_s42_shuf_i1999",
      "val_mAP50_mean": 0.39811981660968687,
      "val_mAP50_std": 0.015613717403597585,
      "seeds": [
        0,
        1,
        2,
        3,
        4
      ]
    }
  ],
  "winner": "dapt_s42_shuf_i999"
}