{
  "capacity": "mlp",
  "ranking": [
    {
      "arm": "dapt_s42_i999",
      "val_mAP50_mean": 0.4095821370818834,
      "val_mAP50_std": 0.014876885651952701,
      "seeds": [
        0,
        1,
        2,
        3,
        4
      ]
    },
    {
      "arm": "dapt_s42_i499",
      "val_mAP50_mean": 0.40790503860393795,
      "val_mAP50_std": 0.013764040838797708,
      "seeds": [
        0,
        1,
        2,
        3,
        4
      ]
    },
    {
      "arm": "dapt_s42_i4999",
      "val_mAP50_mean": 0.4019386987438763,
      "val_mAP50_std": 0.012830432825669294,
      "seeds": [
        0,
        1,
        2,
        3,
        4
      ]
    },
    {
      "arm": "web",
      "val_mAP50_mean": 0.39990682076418427,
      "val_mAP50_std": 0.015791584434871105,
      "seeds": [
        0,
        1,
        2,
        3,
        4
      ]
    }
  ],
  "winner": "dapt_s42_i999"
}