{
  "label": "grid_web_o10-50_n2",
  "feat_tag": "web",
  "include_raw": false,
  "cfg": {
    "offset_min": 10,
    "offset_max": 50,
    "offset_steps": 8,
    "aggregation": "max",
    "logsumexp_beta": 4.0,
    "brightness_proxy": "greenness",
    "azimuth_points_to": "shadow",
    "n_channels": 2,
    "shift_mode": "nearest",
    "shift_order": 1,
    "contrast_gain": 1.5,
    "z_clip": 6.0
  },
  "n_grid": [
    6,
    12,
    24,
    48
  ],
  "n_draws": 20,
  "n_test_scenes": 30,
  "curve": [
    {
      "N": 6,
      "ap_mean": {
        "r1": 0.22297220044651636,
        "r2": 0.22209299884902425,
        "r3": 0.22364005471560028
      },
      "ap_std": {
        "r1": 0.032194425555070724,
        "r2": 0.03243552389055037,
        "r3": 0.031955280329293664
      },
      "d23_mean": -0.0015470558665760762,
      "d21_mean": -0.0008792015974920936,
      "nb_23": {
        "name": "nadeau-bengio",
        "mean_delta": -0.0015470558665760762,
        "ci_low": -0.011052047340475568,
        "ci_high": 0.007957935607323415,
        "effect_size_dz": -0.7655510808969549,
        "p_value": 0.7370931109482957,
        "n_folds": 20,
        "statistic": -0.3406657597903898,
        "df": 19,
        "note": "correction_factor=5.0500 (1/J + n_test/n_train)"
      },
      "mde": {
        "mean_metric": 0.22209299884902425,
        "seed_std": 0.03243552389055037,
        "n_seeds": 20,
        "paired_diff_std": 0.04587075778869287,
        "minimum_detectable_effect": 0.028735896729788563,
        "alpha": 0.05,
        "power": 0.8
      }
    },
    {
      "N": 12,
      "ap_mean": {
        "r1": 0.2553723462769386,
        "r2": 0.25253913166287456,
        "r3": 0.2539615305532612
      },
      "ap_std": {
        "r1": 0.019806118135726115,
        "r2": 0.01977769289845162,
        "r3": 0.019956385256002115
      },
      "d23_mean": -0.001422398890386678,
      "d21_mean": -0.0028332146140640736,
      "nb_23": {
        "name": "nadeau-bengio",
        "mean_delta": -0.001422398890386678,
        "ci_low": -0.00919031423326075,
        "ci_high": 0.006345516452487394,
        "effect_size_dz": -0.6120138222854089,
        "p_value": 0.7057830144461206,
        "n_folds": 20,
        "statistic": -0.38325792199499287,
        "df": 19,
        "note": "correction_factor=2.5500 (1/J + n_test/n_train)"
      },
      "mde": {
        "mean_metric": 0.25253913166287456,
        "seed_std": 0.01977769289845162,
        "n_seeds": 20,
        "paired_diff_std": 0.027969881529440334,
        "minimum_detectable_effect": 0.017521830157611645,
        "alpha": 0.05,
        "power": 0.8
      }
    },
    {
      "N": 24,
      "ap_mean": {
        "r1": 0.26562298061782497,
        "r2": 0.2620316792694576,
        "r3": 0.2644995466668591
      },
      "ap_std": {
        "r1": 0.007408798327788452,
        "r2": 0.007161869970827848,
        "r3": 0.0068702121984541885
      },
      "d23_mean": -0.002467867397401613,
      "d21_mean": -0.0035913013483674454,
      "nb_23": {
        "name": "nadeau-bengio",
        "mean_delta": -0.002467867397401613,
        "ci_low": -0.006080091606225505,
        "ci_high": 0.0011443568114222796,
        "effect_size_dz": -1.630395685675004,
        "p_value": 0.16896987609429176,
        "n_folds": 20,
        "statistic": -1.4299516107648447,
        "df": 19,
        "note": "correction_factor=1.3000 (1/J + n_test/n_train)"
      },
      "mde": {
        "mean_metric": 0.2620316792694576,
        "seed_std": 0.007161869970827848,
        "n_seeds": 20,
        "paired_diff_std": 0.010128413644697347,
        "minimum_detectable_effect": 0.006344980169530747,
        "alpha": 0.05,
        "power": 0.8
      }
    },
    {
      "N": 48,
      "ap_mean": {
        "r1": 0.2711468411078234,
        "r2": 0.2670454769319374,
        "r3": 0.2698740423477811
      },
      "ap_std": {
        "r1": 0.006068836204870092,
        "r2": 0.005192752955451857,
        "r3": 0.0056203057114830686
      },
      "d23_mean": -0.00282856541584377,
      "d21_mean": -0.004101364175885957,
      "nb_23": {
        "name": "nadeau-bengio",
        "mean_delta": -0.00282856541584377,
        "ci_low": -0.0046805708027662755,
        "ci_high": -0.000976560028921264,
        "effect_size_dz": -2.6263347950009193,
        "p_value": 0.00474947783013087,
        "n_folds": 20,
        "statistic": -3.1966729128504663,
        "df": 19,
        "note": "correction_factor=0.6750 (1/J + n_test/n_train)"
      },
      "mde": {
        "mean_metric": 0.2670454769319374,
        "seed_std": 0.005192752955451857,
        "n_seeds": 20,
        "paired_diff_std": 0.007343661655652988,
        "minimum_detectable_effect": 0.00460046254146188,
        "alpha": 0.05,
        "power": 0.8
      }
    }
  ]
}