{
  "label": "grid_raw_o2-20_n2",
  "feat_tag": "raw",
  "include_raw": false,
  "cfg": {
    "offset_min": 2,
    "offset_max": 20,
    "offset_steps": 8,
    "aggregation": "max",
    "logsumexp_beta": 4.0,
    "brightness_proxy": "greenness",
    "azimuth_points_to": "shadow",
    "n_channels": 2,
    "shift_mode": "nearest",
    "shift_order": 1,
    "contrast_gain": 1.5,
    "z_clip": 6.0
  },
  "n_grid": [
    6,
    12,
    24,
    48
  ],
  "n_draws": 20,
  "n_test_scenes": 30,
  "curve": [
    {
      "N": 6,
      "ap_mean": {
        "r1": 0.03512168649187973,
        "r2": 0.13384134381321464,
        "r3": 0.05371722521770306
      },
      "ap_std": {
        "r1": 0.0054040703848091,
        "r2": 0.017573475118147882,
        "r3": 0.014188625682254005
      },
      "d23_mean": 0.08012411859551159,
      "d21_mean": 0.09871965732133492,
      "nb_23": {
        "name": "nadeau-bengio",
        "mean_delta": 0.08012411859551159,
        "ci_low": 0.007915875802039035,
        "ci_high": 0.15233236138898415,
        "effect_size_dz": 5.219109362603019,
        "p_value": 0.03146689262983327,
        "n_folds": 20,
        "statistic": 2.322473184097841,
        "df": 19,
        "note": "correction_factor=5.0500 (1/J + n_test/n_train)"
      },
      "mde": {
        "mean_metric": 0.13384134381321464,
        "seed_std": 0.017573475118147882,
        "n_seeds": 20,
        "paired_diff_std": 0.024852646850110866,
        "minimum_detectable_effect": 0.015569027584774974,
        "alpha": 0.05,
        "power": 0.8
      }
    },
    {
      "N": 12,
      "ap_mean": {
        "r1": 0.03875112073767466,
        "r2": 0.1486674584136361,
        "r3": 0.0545110421127063
      },
      "ap_std": {
        "r1": 0.005032904453005837,
        "r2": 0.013304077651051823,
        "r3": 0.010452164675972347
      },
      "d23_mean": 0.09415641630092983,
      "d21_mean": 0.10991633767596147,
      "nb_23": {
        "name": "nadeau-bengio",
        "mean_delta": 0.09415641630092983,
        "ci_low": 0.036078695802239664,
        "ci_high": 0.15223413679962,
        "effect_size_dz": 5.418569746347122,
        "p_value": 0.003050752582855344,
        "n_folds": 20,
        "statistic": 3.3932399981016643,
        "df": 19,
        "note": "correction_factor=2.5500 (1/J + n_test/n_train)"
      },
      "mde": {
        "mean_metric": 0.1486674584136361,
        "seed_std": 0.013304077651051823,
        "n_seeds": 20,
        "paired_diff_std": 0.01881480704898228,
        "minimum_detectable_effect": 0.011786601713471697,
        "alpha": 0.05,
        "power": 0.8
      }
    },
    {
      "N": 24,
      "ap_mean": {
        "r1": 0.044746335422998475,
        "r2": 0.15203099506499296,
        "r3": 0.059039897060559156
      },
      "ap_std": {
        "r1": 0.001623540260547442,
        "r2": 0.006242342489605854,
        "r3": 0.005944425455143771
      },
      "d23_mean": 0.0929910980044338,
      "d21_mean": 0.10728465964199448,
      "nb_23": {
        "name": "nadeau-bengio",
        "mean_delta": 0.0929910980044338,
        "ci_low": 0.07191042484259205,
        "ci_high": 0.11407177116627554,
        "effect_size_dz": 10.52695572883815,
        "p_value": 1.873816893370517e-08,
        "n_folds": 20,
        "statistic": 9.232750940867573,
        "df": 19,
        "note": "correction_factor=1.3000 (1/J + n_test/n_train)"
      },
      "mde": {
        "mean_metric": 0.15203099506499296,
        "seed_std": 0.006242342489605854,
        "n_seeds": 20,
        "paired_diff_std": 0.00882800540977843,
        "minimum_detectable_effect": 0.005530334880317585,
        "alpha": 0.05,
        "power": 0.8
      }
    },
    {
      "N": 48,
      "ap_mean": {
        "r1": 0.04656721721717329,
        "r2": 0.1538775337623421,
        "r3": 0.06099328233341213
      },
      "ap_std": {
        "r1": 0.000875900925972856,
        "r2": 0.0018649776704198922,
        "r3": 0.002688617301478663
      },
      "d23_mean": 0.09288425142892993,
      "d21_mean": 0.1073103165451688,
      "nb_23": {
        "name": "nadeau-bengio",
        "mean_delta": 0.09288425142892993,
        "ci_low": 0.08724495509792796,
        "ci_high": 0.09852354775993191,
        "effect_size_dz": 28.3232623483394,
        "p_value": 1.3500515335481545e-18,
        "n_folds": 20,
        "statistic": 34.473977089604965,
        "df": 19,
        "note": "correction_factor=0.6750 (1/J + n_test/n_train)"
      },
      "mde": {
        "mean_metric": 0.1538775337623421,
        "seed_std": 0.0018649776704198922,
        "n_seeds": 20,
        "paired_diff_std": 0.002637476715030792,
        "minimum_detectable_effect": 0.0016522565173106665,
        "alpha": 0.05,
        "power": 0.8
      }
    }
  ]
}