{
  "label": "grid_raw_o10-50_n1",
  "feat_tag": "raw",
  "include_raw": false,
  "cfg": {
    "offset_min": 10,
    "offset_max": 50,
    "offset_steps": 8,
    "aggregation": "max",
    "logsumexp_beta": 4.0,
    "brightness_proxy": "greenness",
    "azimuth_points_to": "shadow",
    "n_channels": 1,
    "shift_mode": "nearest",
    "shift_order": 1,
    "contrast_gain": 1.5,
    "z_clip": 6.0
  },
  "n_grid": [
    6,
    12,
    24,
    48
  ],
  "n_draws": 20,
  "n_test_scenes": 30,
  "curve": [
    {
      "N": 6,
      "ap_mean": {
        "r1": 0.03512168649187973,
        "r2": 0.09826486056214807,
        "r3": 0.07673866748149942
      },
      "ap_std": {
        "r1": 0.0054040703848091,
        "r2": 0.00972575813186745,
        "r3": 0.01065834666629589
      },
      "d23_mean": 0.021526193080648667,
      "d21_mean": 0.06314317407026837,
      "nb_23": {
        "name": "nadeau-bengio",
        "mean_delta": 0.021526193080648667,
        "ci_low": -0.00812032744312556,
        "ci_high": 0.051172713604422895,
        "effect_size_dz": 3.415178521551274,
        "p_value": 0.1450442174374117,
        "n_folds": 20,
        "statistic": 1.5197344957059584,
        "df": 19,
        "note": "correction_factor=5.0500 (1/J + n_test/n_train)"
      },
      "mde": {
        "mean_metric": 0.09826486056214807,
        "seed_std": 0.00972575813186745,
        "n_seeds": 20,
        "paired_diff_std": 0.013754299054447366,
        "minimum_detectable_effect": 0.008616428772333363,
        "alpha": 0.05,
        "power": 0.8
      }
    },
    {
      "N": 12,
      "ap_mean": {
        "r1": 0.03875112073767466,
        "r2": 0.10210470901337135,
        "r3": 0.0785517155256063
      },
      "ap_std": {
        "r1": 0.005032904453005837,
        "r2": 0.008244391385510535,
        "r3": 0.010329671609625238
      },
      "d23_mean": 0.023552993487765024,
      "d21_mean": 0.06335358827569668,
      "nb_23": {
        "name": "nadeau-bengio",
        "mean_delta": 0.023552993487765024,
        "ci_low": 0.003961566283071306,
        "ci_high": 0.043144420692458746,
        "effect_size_dz": 4.018133362574494,
        "p_value": 0.02100741950357613,
        "n_folds": 20,
        "statistic": 2.5162527164638004,
        "df": 19,
        "note": "correction_factor=2.5500 (1/J + n_test/n_train)"
      },
      "mde": {
        "mean_metric": 0.10210470901337135,
        "seed_std": 0.008244391385510535,
        "n_seeds": 20,
        "paired_diff_std": 0.01165933011090091,
        "minimum_detectable_effect": 0.007304028146837163,
        "alpha": 0.05,
        "power": 0.8
      }
    },
    {
      "N": 24,
      "ap_mean": {
        "r1": 0.044746335422998475,
        "r2": 0.10595769662404206,
        "r3": 0.08258763236075262
      },
      "ap_std": {
        "r1": 0.001623540260547442,
        "r2": 0.005129422989766757,
        "r3": 0.008354608141370842
      },
      "d23_mean": 0.02337006426328946,
      "d21_mean": 0.061211361201043604,
      "nb_23": {
        "name": "nadeau-bengio",
        "mean_delta": 0.02337006426328946,
        "ci_low": 0.010787859081080549,
        "ci_high": 0.03595226944549837,
        "effect_size_dz": 4.4325030105898025,
        "p_value": 0.0009905522288968993,
        "n_folds": 20,
        "statistic": 3.8875623110403357,
        "df": 19,
        "note": "correction_factor=1.3000 (1/J + n_test/n_train)"
      },
      "mde": {
        "mean_metric": 0.10595769662404206,
        "seed_std": 0.005129422989766757,
        "n_seeds": 20,
        "paired_diff_std": 0.0072540995592764975,
        "minimum_detectable_effect": 0.004544356052787028,
        "alpha": 0.05,
        "power": 0.8
      }
    },
    {
      "N": 48,
      "ap_mean": {
        "r1": 0.04656721721717329,
        "r2": 0.10773945175056057,
        "r3": 0.08494048601399516
      },
      "ap_std": {
        "r1": 0.000875900925972856,
        "r2": 0.0020105021853066597,
        "r3": 0.0038703452961169663
      },
      "d23_mean": 0.022798965736565403,
      "d21_mean": 0.06117223453338727,
      "nb_23": {
        "name": "nadeau-bengio",
        "mean_delta": 0.022798965736565403,
        "ci_low": 0.019106530527230433,
        "ci_high": 0.026491400945900374,
        "effect_size_dz": 10.61764909958124,
        "p_value": 7.334965334980165e-11,
        "n_folds": 20,
        "statistic": 12.92339093225569,
        "df": 19,
        "note": "correction_factor=0.6750 (1/J + n_test/n_train)"
      },
      "mde": {
        "mean_metric": 0.10773945175056057,
        "seed_std": 0.0020105021853066597,
        "n_seeds": 20,
        "paired_diff_std": 0.002843279457641424,
        "minimum_detectable_effect": 0.0017811823655735036,
        "alpha": 0.05,
        "power": 0.8
      }
    }
  ]
}