{
  "label": "grid_raw_o20-80_n1",
  "feat_tag": "raw",
  "include_raw": false,
  "cfg": {
    "offset_min": 20,
    "offset_max": 80,
    "offset_steps": 8,
    "aggregation": "max",
    "logsumexp_beta": 4.0,
    "brightness_proxy": "greenness",
    "azimuth_points_to": "shadow",
    "n_channels": 1,
    "shift_mode": "nearest",
    "shift_order": 1,
    "contrast_gain": 1.5,
    "z_clip": 6.0
  },
  "n_grid": [
    6,
    12,
    24,
    48
  ],
  "n_draws": 20,
  "n_test_scenes": 30,
  "curve": [
    {
      "N": 6,
      "ap_mean": {
        "r1": 0.03512168649187973,
        "r2": 0.08001632955642597,
        "r3": 0.06962208261751579
      },
      "ap_std": {
        "r1": 0.0054040703848091,
        "r2": 0.009142475916889185,
        "r3": 0.009805982112075558
      },
      "d23_mean": 0.010394246938910178,
      "d21_mean": 0.044894643064546255,
      "nb_23": {
        "name": "nadeau-bengio",
        "mean_delta": 0.010394246938910178,
        "ci_low": -0.013758165179611776,
        "ci_high": 0.034546659057432136,
        "effect_size_dz": 2.024195375517346,
        "p_value": 0.3789946311737723,
        "n_folds": 20,
        "statistic": 0.9007551197718556,
        "df": 19,
        "note": "correction_factor=5.0500 (1/J + n_test/n_train)"
      },
      "mde": {
        "mean_metric": 0.08001632955642597,
        "seed_std": 0.009142475916889185,
        "n_seeds": 20,
        "paired_diff_std": 0.012929413435334084,
        "minimum_detectable_effect": 0.00809967628976221,
        "alpha": 0.05,
        "power": 0.8
      }
    },
    {
      "N": 12,
      "ap_mean": {
        "r1": 0.03875112073767466,
        "r2": 0.0823356699367491,
        "r3": 0.07102590579431532
      },
      "ap_std": {
        "r1": 0.005032904453005837,
        "r2": 0.00862214763725965,
        "r3": 0.009287585505451055
      },
      "d23_mean": 0.011309764142433777,
      "d21_mean": 0.04358454919907444,
      "nb_23": {
        "name": "nadeau-bengio",
        "mean_delta": 0.011309764142433777,
        "ci_low": -0.0022873442492533733,
        "ci_high": 0.024906872534120925,
        "effect_size_dz": 2.780041623047025,
        "p_value": 0.09786564673264339,
        "n_folds": 20,
        "statistic": 1.7409295945798315,
        "df": 19,
        "note": "correction_factor=2.5500 (1/J + n_test/n_train)"
      },
      "mde": {
        "mean_metric": 0.0823356699367491,
        "seed_std": 0.00862214763725965,
        "n_seeds": 20,
        "paired_diff_std": 0.012193558125395734,
        "minimum_detectable_effect": 0.007638697155912645,
        "alpha": 0.05,
        "power": 0.8
      }
    },
    {
      "N": 24,
      "ap_mean": {
        "r1": 0.044746335422998475,
        "r2": 0.08599159348904235,
        "r3": 0.07424287869470426
      },
      "ap_std": {
        "r1": 0.001623540260547442,
        "r2": 0.005795986642242924,
        "r3": 0.006649111185296255
      },
      "d23_mean": 0.011748714794338085,
      "d21_mean": 0.041245258066043886,
      "nb_23": {
        "name": "nadeau-bengio",
        "mean_delta": 0.011748714794338085,
        "ci_low": 0.006709939087894252,
        "ci_high": 0.016787490500781918,
        "effect_size_dz": 5.564308880545735,
        "p_value": 0.00010394162396912974,
        "n_folds": 20,
        "statistic": 4.880221725583955,
        "df": 19,
        "note": "correction_factor=1.3000 (1/J + n_test/n_train)"
      },
      "mde": {
        "mean_metric": 0.08599159348904235,
        "seed_std": 0.005795986642242924,
        "n_seeds": 20,
        "paired_diff_std": 0.00819676291679324,
        "minimum_detectable_effect": 0.005134890811714296,
        "alpha": 0.05,
        "power": 0.8
      }
    },
    {
      "N": 48,
      "ap_mean": {
        "r1": 0.04656721721717329,
        "r2": 0.08760535118447547,
        "r3": 0.07564042043746809
      },
      "ap_std": {
        "r1": 0.000875900925972856,
        "r2": 0.002689620259644938,
        "r3": 0.0032045386809945045
      },
      "d23_mean": 0.011964930747007389,
      "d21_mean": 0.041038133967302194,
      "nb_23": {
        "name": "nadeau-bengio",
        "mean_delta": 0.011964930747007389,
        "ci_low": 0.010458635578735087,
        "ci_high": 0.01347122591527969,
        "effect_size_dz": 13.659229820741976,
        "p_value": 8.892856586131986e-13,
        "n_folds": 20,
        "statistic": 16.625485091039167,
        "df": 19,
        "note": "correction_factor=0.6750 (1/J + n_test/n_train)"
      },
      "mde": {
        "mean_metric": 0.08760535118447547,
        "seed_std": 0.002689620259644938,
        "n_seeds": 20,
        "paired_diff_std": 0.003803697448823317,
        "minimum_detectable_effect": 0.002382839576888135,
        "alpha": 0.05,
        "power": 0.8
      }
    }
  ]
}