{
  "label": "grid_web_o2-20_n1",
  "feat_tag": "web",
  "include_raw": false,
  "cfg": {
    "offset_min": 2,
    "offset_max": 20,
    "offset_steps": 8,
    "aggregation": "max",
    "logsumexp_beta": 4.0,
    "brightness_proxy": "greenness",
    "azimuth_points_to": "shadow",
    "n_channels": 1,
    "shift_mode": "nearest",
    "shift_order": 1,
    "contrast_gain": 1.5,
    "z_clip": 6.0
  },
  "n_grid": [
    6,
    12,
    24,
    48
  ],
  "n_draws": 20,
  "n_test_scenes": 30,
  "curve": [
    {
      "N": 6,
      "ap_mean": {
        "r1": 0.22297220044651636,
        "r2": 0.23717063334345564,
        "r3": 0.22230188299010298
      },
      "ap_std": {
        "r1": 0.032194425555070724,
        "r2": 0.03460812443183817,
        "r3": 0.032659406791029556
      },
      "d23_mean": 0.014868750353352705,
      "d21_mean": 0.01419843289693934,
      "nb_23": {
        "name": "nadeau-bengio",
        "mean_delta": 0.014868750353352705,
        "ci_low": -0.020072234480299416,
        "ci_high": 0.04980973518700482,
        "effect_size_dz": 2.0015167856135,
        "p_value": 0.38424970960425076,
        "n_folds": 20,
        "statistic": 0.8906632797191756,
        "df": 19,
        "note": "correction_factor=5.0500 (1/J + n_test/n_train)"
      },
      "mde": {
        "mean_metric": 0.23717063334345564,
        "seed_std": 0.03460812443183817,
        "n_seeds": 20,
        "paired_diff_std": 0.048943278939801216,
        "minimum_detectable_effect": 0.030660688356407475,
        "alpha": 0.05,
        "power": 0.8
      }
    },
    {
      "N": 12,
      "ap_mean": {
        "r1": 0.2553723462769386,
        "r2": 0.2703370280777569,
        "r3": 0.2552368566805645
      },
      "ap_std": {
        "r1": 0.019806118135726115,
        "r2": 0.0197876975000186,
        "r3": 0.019315739388954145
      },
      "d23_mean": 0.015100171397192358,
      "d21_mean": 0.014964681800818202,
      "nb_23": {
        "name": "nadeau-bengio",
        "mean_delta": 0.015100171397192358,
        "ci_low": 0.0013372980751939472,
        "ci_high": 0.028863044719190767,
        "effect_size_dz": 3.6670520480639137,
        "p_value": 0.03319671581490135,
        "n_folds": 20,
        "statistic": 2.29639706917117,
        "df": 19,
        "note": "correction_factor=2.5500 (1/J + n_test/n_train)"
      },
      "mde": {
        "mean_metric": 0.2703370280777569,
        "seed_std": 0.0197876975000186,
        "n_seeds": 20,
        "paired_diff_std": 0.027984030172662492,
        "minimum_detectable_effect": 0.017530693624667745,
        "alpha": 0.05,
        "power": 0.8
      }
    },
    {
      "N": 24,
      "ap_mean": {
        "r1": 0.26562298061782497,
        "r2": 0.2788727219080724,
        "r3": 0.26568063292230143
      },
      "ap_std": {
        "r1": 0.007408798327788452,
        "r2": 0.00738322837719057,
        "r3": 0.007453335418257768
      },
      "d23_mean": 0.013192088985770881,
      "d21_mean": 0.013249741290247422,
      "nb_23": {
        "name": "nadeau-bengio",
        "mean_delta": 0.013192088985770881,
        "ci_low": 0.00819546844152096,
        "ci_high": 0.018188709530020802,
        "effect_size_dz": 6.300617259669316,
        "p_value": 2.4897105346656033e-05,
        "n_folds": 20,
        "statistic": 5.526006894177252,
        "df": 19,
        "note": "correction_factor=1.3000 (1/J + n_test/n_train)"
      },
      "mde": {
        "mean_metric": 0.2788727219080724,
        "seed_std": 0.00738322837719057,
        "n_seeds": 20,
        "paired_diff_std": 0.010441461705120803,
        "minimum_detectable_effect": 0.006541090222415168,
        "alpha": 0.05,
        "power": 0.8
      }
    },
    {
      "N": 48,
      "ap_mean": {
        "r1": 0.2711468411078234,
        "r2": 0.2854006988034184,
        "r3": 0.2716607952783352
      },
      "ap_std": {
        "r1": 0.006068836204870092,
        "r2": 0.006326990647341246,
        "r3": 0.005945642052654131
      },
      "d23_mean": 0.01373990352508322,
      "d21_mean": 0.014253857695595066,
      "nb_23": {
        "name": "nadeau-bengio",
        "mean_delta": 0.01373990352508322,
        "ci_low": 0.011071905799546661,
        "ci_high": 0.016407901250619777,
        "effect_size_dz": 8.85572933356847,
        "p_value": 1.5516610059107912e-09,
        "n_folds": 20,
        "statistic": 10.778850487012539,
        "df": 19,
        "note": "correction_factor=0.6750 (1/J + n_test/n_train)"
      },
      "mde": {
        "mean_metric": 0.2854006988034184,
        "seed_std": 0.006326990647341246,
        "n_seeds": 20,
        "paired_diff_std": 0.00894771598247772,
        "minimum_detectable_effect": 0.005605327987481787,
        "alpha": 0.05,
        "power": 0.8
      }
    }
  ]
}