{
  "label": "grn_web_occ",
  "feat_tag": "web",
  "include_raw": false,
  "cfg": {
    "offset_min": 2.0,
    "offset_max": 20.0,
    "offset_steps": 8,
    "aggregation": "max",
    "logsumexp_beta": 4.0,
    "brightness_proxy": "greenness",
    "azimuth_points_to": "shadow",
    "n_channels": 1,
    "shift_mode": "nearest",
    "shift_order": 1,
    "contrast_gain": 1.5,
    "z_clip": 6.0
  },
  "n_grid": [
    6,
    12,
    24,
    48
  ],
  "n_draws": 20,
  "n_test_scenes": 30,
  "curve": [
    {
      "N": 6,
      "ap_mean": {
        "r1": 0.6770020025061112,
        "r2": 0.6765538599365684,
        "r3": 0.6770685789367081
      },
      "ap_std": {
        "r1": 0.1075314274859533,
        "r2": 0.1086560882943964,
        "r3": 0.10734936286565543
      },
      "d23_mean": -0.0005147190001398045,
      "d21_mean": -0.00044814256954284204,
      "nb_23": {
        "name": "nadeau-bengio",
        "mean_delta": -0.0005147190001398045,
        "ci_low": -0.009708565293077013,
        "ci_high": 0.008679127292797403,
        "effect_size_dz": -0.2633254710923165,
        "p_value": 0.9079485718905163,
        "n_folds": 20,
        "statistic": -0.11717829668102966,
        "df": 19,
        "note": "correction_factor=5.0500 (1/J + n_test/n_train)"
      },
      "mde": {
        "mean_metric": 0.6765538599365684,
        "seed_std": 0.1086560882943964,
        "n_seeds": 20,
        "paired_diff_std": 0.15366291370034388,
        "minimum_detectable_effect": 0.09626266999190382,
        "alpha": 0.05,
        "power": 0.8
      }
    },
    {
      "N": 12,
      "ap_mean": {
        "r1": 0.7563716657775902,
        "r2": 0.7553430750704486,
        "r3": 0.7556431189704869
      },
      "ap_std": {
        "r1": 0.053892933708416635,
        "r2": 0.05751706618666624,
        "r3": 0.05516922012923883
      },
      "d23_mean": -0.00030004390003834924,
      "d21_mean": -0.0010285907071415135,
      "nb_23": {
        "name": "nadeau-bengio",
        "mean_delta": -0.00030004390003834924,
        "ci_low": -0.01103985640543931,
        "ci_high": 0.010439768605362611,
        "effect_size_dz": -0.09337538642394087,
        "p_value": 0.9539817422183027,
        "n_folds": 20,
        "statistic": -0.05847393516813426,
        "df": 19,
        "note": "correction_factor=2.5500 (1/J + n_test/n_train)"
      },
      "mde": {
        "mean_metric": 0.7553430750704486,
        "seed_std": 0.05751706618666624,
        "n_seeds": 20,
        "paired_diff_std": 0.08134141506909436,
        "minimum_detectable_effect": 0.05095661410364873,
        "alpha": 0.05,
        "power": 0.8
      }
    },
    {
      "N": 24,
      "ap_mean": {
        "r1": 0.8229888816241182,
        "r2": 0.8231114333661276,
        "r3": 0.8229108543355055
      },
      "ap_std": {
        "r1": 0.01868150186155753,
        "r2": 0.018751554532374044,
        "r3": 0.018912570432724277
      },
      "d23_mean": 0.0002005790306219113,
      "d21_mean": 0.00012255174200932474,
      "nb_23": {
        "name": "nadeau-bengio",
        "mean_delta": 0.0002005790306219113,
        "ci_low": -0.00048280497738011644,
        "ci_high": 0.0008839630386239391,
        "effect_size_dz": 0.700433021135116,
        "p_value": 0.5462901688912427,
        "n_folds": 20,
        "statistic": 0.6143203981740033,
        "df": 19,
        "note": "correction_factor=1.3000 (1/J + n_test/n_train)"
      },
      "mde": {
        "mean_metric": 0.8231114333661276,
        "seed_std": 0.018751554532374044,
        "n_seeds": 20,
        "paired_diff_std": 0.026518702735262054,
        "minimum_detectable_effect": 0.01661273412396719,
        "alpha": 0.05,
        "power": 0.8
      }
    },
    {
      "N": 48,
      "ap_mean": {
        "r1": 0.8433433166573451,
        "r2": 0.843448777984784,
        "r3": 0.843353182840984
      },
      "ap_std": {
        "r1": 0.004225296670233643,
        "r2": 0.004206201002812932,
        "r3": 0.004228089953060816
      },
      "d23_mean": 9.559514379992029e-05,
      "d21_mean": 0.00010546132743896041,
      "nb_23": {
        "name": "nadeau-bengio",
        "mean_delta": 9.559514379992029e-05,
        "ci_low": -4.2746398899878055e-07,
        "ci_high": 0.00019161775158883936,
        "effect_size_dz": 1.7119396095191448,
        "p_value": 0.05092918955767579,
        "n_folds": 20,
        "statistic": 2.0837065360449363,
        "df": 19,
        "note": "correction_factor=0.6750 (1/J + n_test/n_train)"
      },
      "mde": {
        "mean_metric": 0.843448777984784,
        "seed_std": 0.004206201002812932,
        "n_seeds": 20,
        "paired_diff_std": 0.005948466504245362,
        "minimum_detectable_effect": 0.0037264376567316356,
        "alpha": 0.05,
        "power": 0.8
      }
    }
  ]
}