{
  "label": "grn_raw_occ",
  "feat_tag": "raw",
  "include_raw": false,
  "cfg": {
    "offset_min": 2.0,
    "offset_max": 20.0,
    "offset_steps": 8,
    "aggregation": "max",
    "logsumexp_beta": 4.0,
    "brightness_proxy": "greenness",
    "azimuth_points_to": "shadow",
    "n_channels": 1,
    "shift_mode": "nearest",
    "shift_order": 1,
    "contrast_gain": 1.5,
    "z_clip": 6.0
  },
  "n_grid": [
    6,
    12,
    24,
    48
  ],
  "n_draws": 20,
  "n_test_scenes": 30,
  "curve": [
    {
      "N": 6,
      "ap_mean": {
        "r1": 0.3542788805587943,
        "r2": 0.35898861792987763,
        "r3": 0.355634136757477
      },
      "ap_std": {
        "r1": 0.034612831276140364,
        "r2": 0.03748343815621107,
        "r3": 0.03592059026789892
      },
      "d23_mean": 0.0033544811724005503,
      "d21_mean": 0.004709737371083234,
      "nb_23": {
        "name": "nadeau-bengio",
        "mean_delta": 0.0033544811724005503,
        "ci_low": -0.016355424527602302,
        "ci_high": 0.023064386872403406,
        "effect_size_dz": 0.8004988656617356,
        "p_value": 0.7256027189405313,
        "n_folds": 20,
        "statistic": 0.35621731989783023,
        "df": 19,
        "note": "correction_factor=5.0500 (1/J + n_test/n_train)"
      },
      "mde": {
        "mean_metric": 0.35898861792987763,
        "seed_std": 0.03748343815621107,
        "n_seeds": 20,
        "paired_diff_std": 0.05300958660488686,
        "minimum_detectable_effect": 0.03320804102221087,
        "alpha": 0.05,
        "power": 0.8
      }
    },
    {
      "N": 12,
      "ap_mean": {
        "r1": 0.37456417925315166,
        "r2": 0.3821779302527256,
        "r3": 0.37618105266418184
      },
      "ap_std": {
        "r1": 0.03343373103480869,
        "r2": 0.03923915328113707,
        "r3": 0.03883651632019872
      },
      "d23_mean": 0.005996877588543744,
      "d21_mean": 0.007613750999573976,
      "nb_23": {
        "name": "nadeau-bengio",
        "mean_delta": 0.005996877588543744,
        "ci_low": -0.005746801832518139,
        "ci_high": 0.017740557009605626,
        "effect_size_dz": 1.706731901841996,
        "p_value": 0.29855267686905024,
        "n_folds": 20,
        "statistic": 1.0687969753034128,
        "df": 19,
        "note": "correction_factor=2.5500 (1/J + n_test/n_train)"
      },
      "mde": {
        "mean_metric": 0.3821779302527256,
        "seed_std": 0.03923915328113707,
        "n_seeds": 20,
        "paired_diff_std": 0.05549254274622078,
        "minimum_detectable_effect": 0.03476349758542365,
        "alpha": 0.05,
        "power": 0.8
      }
    },
    {
      "N": 24,
      "ap_mean": {
        "r1": 0.4118945780640245,
        "r2": 0.4256850864708195,
        "r3": 0.41893632233118716
      },
      "ap_std": {
        "r1": 0.011034904629563403,
        "r2": 0.015063211155702638,
        "r3": 0.013557764133897204
      },
      "d23_mean": 0.006748764139632271,
      "d21_mean": 0.013790508406794962,
      "nb_23": {
        "name": "nadeau-bengio",
        "mean_delta": 0.006748764139632271,
        "ci_low": 0.0007685716461959214,
        "ci_high": 0.012728956633068621,
        "effect_size_dz": 2.6931155195358567,
        "p_value": 0.029002261814213025,
        "n_folds": 20,
        "statistic": 2.3620185633291393,
        "df": 19,
        "note": "correction_factor=1.3000 (1/J + n_test/n_train)"
      },
      "mde": {
        "mean_metric": 0.4256850864708195,
        "seed_std": 0.015063211155702638,
        "n_seeds": 20,
        "paired_diff_std": 0.021302597509284375,
        "minimum_detectable_effect": 0.013345086752718557,
        "alpha": 0.05,
        "power": 0.8
      }
    },
    {
      "N": 48,
      "ap_mean": {
        "r1": 0.4215217331427977,
        "r2": 0.43777089837013944,
        "r3": 0.43061150945898846
      },
      "ap_std": {
        "r1": 0.007641843879120882,
        "r2": 0.009333479337834105,
        "r3": 0.008831080985140747
      },
      "d23_mean": 0.007159388911151035,
      "d21_mean": 0.0162491652273418,
      "nb_23": {
        "name": "nadeau-bengio",
        "mean_delta": 0.007159388911151035,
        "ci_low": 0.0057405747783557115,
        "ci_high": 0.008578203043946358,
        "effect_size_dz": 8.677139007420672,
        "p_value": 2.1676496275815467e-09,
        "n_folds": 20,
        "statistic": 10.561477264382866,
        "df": 19,
        "note": "correction_factor=0.6750 (1/J + n_test/n_train)"
      },
      "mde": {
        "mean_metric": 0.43777089837013944,
        "seed_std": 0.009333479337834105,
        "n_seeds": 20,
        "paired_diff_std": 0.013199533063694046,
        "minimum_detectable_effect": 0.008268893676163317,
        "alpha": 0.05,
        "power": 0.8
      }
    }
  ]
}