{
  "label": "grid_web_o20-80_n2",
  "feat_tag": "web",
  "include_raw": false,
  "cfg": {
    "offset_min": 20,
    "offset_max": 80,
    "offset_steps": 8,
    "aggregation": "max",
    "logsumexp_beta": 4.0,
    "brightness_proxy": "greenness",
    "azimuth_points_to": "shadow",
    "n_channels": 2,
    "shift_mode": "nearest",
    "shift_order": 1,
    "contrast_gain": 1.5,
    "z_clip": 6.0
  },
  "n_grid": [
    6,
    12,
    24,
    48
  ],
  "n_draws": 20,
  "n_test_scenes": 30,
  "curve": [
    {
      "N": 6,
      "ap_mean": {
        "r1": 0.22297220044651636,
        "r2": 0.22178449455031113,
        "r3": 0.22338923824109197
      },
      "ap_std": {
        "r1": 0.032194425555070724,
        "r2": 0.032392976638419356,
        "r3": 0.03220300609164746
      },
      "d23_mean": -0.0016047436907807757,
      "d21_mean": -0.0011877058962051531,
      "nb_23": {
        "name": "nadeau-bengio",
        "mean_delta": -0.0016047436907807757,
        "ci_low": -0.010490565561306477,
        "ci_high": 0.007281078179744926,
        "effect_size_dz": -0.8494307575974122,
        "p_value": 0.7096265904183745,
        "n_folds": 20,
        "statistic": -0.37799172602200143,
        "df": 19,
        "note": "correction_factor=5.0500 (1/J + n_test/n_train)"
      },
      "mde": {
        "mean_metric": 0.22178449455031113,
        "seed_std": 0.032392976638419356,
        "n_seeds": 20,
        "paired_diff_std": 0.045810586887687486,
        "minimum_detectable_effect": 0.028698202458300955,
        "alpha": 0.05,
        "power": 0.8
      }
    },
    {
      "N": 12,
      "ap_mean": {
        "r1": 0.2553723462769386,
        "r2": 0.25350202943159034,
        "r3": 0.25420806696748677
      },
      "ap_std": {
        "r1": 0.019806118135726115,
        "r2": 0.020394181853815994,
        "r3": 0.020190065143621965
      },
      "d23_mean": -0.00070603753589642,
      "d21_mean": -0.0018703168453483034,
      "nb_23": {
        "name": "nadeau-bengio",
        "mean_delta": -0.00070603753589642,
        "ci_low": -0.004956519308923431,
        "ci_high": 0.003544444237130591,
        "effect_size_dz": -0.55518016571259,
        "p_value": 0.7319119091685737,
        "n_folds": 20,
        "statistic": -0.3476673056979025,
        "df": 19,
        "note": "correction_factor=2.5500 (1/J + n_test/n_train)"
      },
      "mde": {
        "mean_metric": 0.25350202943159034,
        "seed_std": 0.020394181853815994,
        "n_seeds": 20,
        "paired_diff_std": 0.02884172857116985,
        "minimum_detectable_effect": 0.0180680017877103,
        "alpha": 0.05,
        "power": 0.8
      }
    },
    {
      "N": 24,
      "ap_mean": {
        "r1": 0.26562298061782497,
        "r2": 0.26374993178851186,
        "r3": 0.26476392064313836
      },
      "ap_std": {
        "r1": 0.007408798327788452,
        "r2": 0.007143225470115624,
        "r3": 0.007314369746555021
      },
      "d23_mean": -0.0010139888546265518,
      "d21_mean": -0.001873048829313151,
      "nb_23": {
        "name": "nadeau-bengio",
        "mean_delta": -0.0010139888546265518,
        "ci_low": -0.0029947540522552714,
        "ci_high": 0.0009667763430021678,
        "effect_size_dz": -1.2216479775929023,
        "p_value": 0.29738639761878277,
        "n_folds": 20,
        "statistic": -1.071456155518069,
        "df": 19,
        "note": "correction_factor=1.3000 (1/J + n_test/n_train)"
      },
      "mde": {
        "mean_metric": 0.26374993178851186,
        "seed_std": 0.007143225470115624,
        "n_seeds": 20,
        "paired_diff_std": 0.010102046338926444,
        "minimum_detectable_effect": 0.006328462278564878,
        "alpha": 0.05,
        "power": 0.8
      }
    },
    {
      "N": 48,
      "ap_mean": {
        "r1": 0.2711468411078234,
        "r2": 0.2686796248293823,
        "r3": 0.2701400785374256
      },
      "ap_std": {
        "r1": 0.006068836204870092,
        "r2": 0.005519334099072932,
        "r3": 0.00584123774603079
      },
      "d23_mean": -0.0014604537080433327,
      "d21_mean": -0.0024672162784410757,
      "nb_23": {
        "name": "nadeau-bengio",
        "mean_delta": -0.0014604537080433327,
        "ci_low": -0.0026385086304375445,
        "ci_high": -0.0002823987856491212,
        "effect_size_dz": -2.1318093536572063,
        "p_value": 0.017783054992438353,
        "n_folds": 20,
        "statistic": -2.5947557139968005,
        "df": 19,
        "note": "correction_factor=0.6750 (1/J + n_test/n_train)"
      },
      "mde": {
        "mean_metric": 0.2686796248293823,
        "seed_std": 0.005519334099072932,
        "n_seeds": 20,
        "paired_diff_std": 0.007805517138177229,
        "minimum_detectable_effect": 0.004889793524635103,
        "alpha": 0.05,
        "power": 0.8
      }
    }
  ]
}