{
  "label": "grid_raw_o20-80_n2",
  "feat_tag": "raw",
  "include_raw": false,
  "cfg": {
    "offset_min": 20,
    "offset_max": 80,
    "offset_steps": 8,
    "aggregation": "max",
    "logsumexp_beta": 4.0,
    "brightness_proxy": "greenness",
    "azimuth_points_to": "shadow",
    "n_channels": 2,
    "shift_mode": "nearest",
    "shift_order": 1,
    "contrast_gain": 1.5,
    "z_clip": 6.0
  },
  "n_grid": [
    6,
    12,
    24,
    48
  ],
  "n_draws": 20,
  "n_test_scenes": 30,
  "curve": [
    {
      "N": 6,
      "ap_mean": {
        "r1": 0.03512168649187973,
        "r2": 0.08028851290674459,
        "r3": 0.06908471324932816
      },
      "ap_std": {
        "r1": 0.0054040703848091,
        "r2": 0.009438563250521077,
        "r3": 0.009740003731348977
      },
      "d23_mean": 0.011203799657416427,
      "d21_mean": 0.045166826414864865,
      "nb_23": {
        "name": "nadeau-bengio",
        "mean_delta": 0.011203799657416427,
        "ci_low": -0.01257470565721246,
        "ci_high": 0.03498230497204531,
        "effect_size_dz": 2.216157851917013,
        "p_value": 0.3364390048327194,
        "n_folds": 20,
        "statistic": 0.9861773006109414,
        "df": 19,
        "note": "correction_factor=5.0500 (1/J + n_test/n_train)"
      },
      "mde": {
        "mean_metric": 0.08028851290674459,
        "seed_std": 0.009438563250521077,
        "n_seeds": 20,
        "paired_diff_std": 0.013348144158203193,
        "minimum_detectable_effect": 0.008361991616345339,
        "alpha": 0.05,
        "power": 0.8
      }
    },
    {
      "N": 12,
      "ap_mean": {
        "r1": 0.03875112073767466,
        "r2": 0.08423401898199026,
        "r3": 0.07064042646457228
      },
      "ap_std": {
        "r1": 0.005032904453005837,
        "r2": 0.008206464738979215,
        "r3": 0.009302479410715136
      },
      "d23_mean": 0.01359359251741798,
      "d21_mean": 0.0454828982443156,
      "nb_23": {
        "name": "nadeau-bengio",
        "mean_delta": 0.01359359251741798,
        "ci_low": 0.0017811775657268544,
        "ci_high": 0.025406007469109107,
        "effect_size_dz": 3.8462708408754285,
        "p_value": 0.026328025070883925,
        "n_folds": 20,
        "statistic": 2.408628230648697,
        "df": 19,
        "note": "correction_factor=2.5500 (1/J + n_test/n_train)"
      },
      "mde": {
        "mean_metric": 0.08423401898199026,
        "seed_std": 0.008206464738979215,
        "n_seeds": 20,
        "paired_diff_std": 0.011605693733000988,
        "minimum_detectable_effect": 0.00727042745021488,
        "alpha": 0.05,
        "power": 0.8
      }
    },
    {
      "N": 24,
      "ap_mean": {
        "r1": 0.044746335422998475,
        "r2": 0.08853372248670453,
        "r3": 0.07420644492924981
      },
      "ap_std": {
        "r1": 0.001623540260547442,
        "r2": 0.005810881673198851,
        "r3": 0.006577484040212548
      },
      "d23_mean": 0.014327277557454703,
      "d21_mean": 0.043787387063706065,
      "nb_23": {
        "name": "nadeau-bengio",
        "mean_delta": 0.014327277557454703,
        "ci_low": 0.007748590143406294,
        "ci_high": 0.020905964971503113,
        "effect_size_dz": 5.1972106379585945,
        "p_value": 0.0002148439471564406,
        "n_folds": 20,
        "statistic": 4.558255268049387,
        "df": 19,
        "note": "correction_factor=1.3000 (1/J + n_test/n_train)"
      },
      "mde": {
        "mean_metric": 0.08853372248670453,
        "seed_std": 0.005810881673198851,
        "n_seeds": 20,
        "paired_diff_std": 0.00821782767158308,
        "minimum_detectable_effect": 0.005148086901063148,
        "alpha": 0.05,
        "power": 0.8
      }
    },
    {
      "N": 48,
      "ap_mean": {
        "r1": 0.04656721721717329,
        "r2": 0.09000241610781498,
        "r3": 0.07566718988441284
      },
      "ap_std": {
        "r1": 0.000875900925972856,
        "r2": 0.0026133798406515743,
        "r3": 0.0031699630861527777
      },
      "d23_mean": 0.01433522622340214,
      "d21_mean": 0.043435198890641694,
      "nb_23": {
        "name": "nadeau-bengio",
        "mean_delta": 0.01433522622340214,
        "ci_low": 0.012441234744471565,
        "ci_high": 0.016229217702332713,
        "effect_size_dz": 13.015253642913123,
        "p_value": 2.0988773117057593e-12,
        "n_folds": 20,
        "statistic": 15.841662248610682,
        "df": 19,
        "note": "correction_factor=0.6750 (1/J + n_test/n_train)"
      },
      "mde": {
        "mean_metric": 0.09000241610781498,
        "seed_std": 0.0026133798406515743,
        "n_seeds": 20,
        "paired_diff_std": 0.0036958772142818945,
        "minimum_detectable_effect": 0.0023152952136701456,
        "alpha": 0.05,
        "power": 0.8
      }
    }
  ]
}