{
  "label": "grid_web_o10-50_n1",
  "feat_tag": "web",
  "include_raw": false,
  "cfg": {
    "offset_min": 10,
    "offset_max": 50,
    "offset_steps": 8,
    "aggregation": "max",
    "logsumexp_beta": 4.0,
    "brightness_proxy": "greenness",
    "azimuth_points_to": "shadow",
    "n_channels": 1,
    "shift_mode": "nearest",
    "shift_order": 1,
    "contrast_gain": 1.5,
    "z_clip": 6.0
  },
  "n_grid": [
    6,
    12,
    24,
    48
  ],
  "n_draws": 20,
  "n_test_scenes": 30,
  "curve": [
    {
      "N": 6,
      "ap_mean": {
        "r1": 0.22297220044651636,
        "r2": 0.22243272846669543,
        "r3": 0.2235015447098585
      },
      "ap_std": {
        "r1": 0.032194425555070724,
        "r2": 0.031212973435151056,
        "r3": 0.03207096866628754
      },
      "d23_mean": -0.0010688162431630426,
      "d21_mean": -0.0005394719798208894,
      "nb_23": {
        "name": "nadeau-bengio",
        "mean_delta": -0.0010688162431630426,
        "ci_low": -0.01221129493956348,
        "ci_high": 0.010073662453237396,
        "effect_size_dz": -0.45117096349368946,
        "p_value": 0.8430131738007024,
        "n_folds": 20,
        "statistic": -0.20076844368616092,
        "df": 19,
        "note": "correction_factor=5.0500 (1/J + n_test/n_train)"
      },
      "mde": {
        "mean_metric": 0.22243272846669543,
        "seed_std": 0.031212973435151056,
        "n_seeds": 20,
        "paired_diff_std": 0.04414181035398176,
        "minimum_detectable_effect": 0.02765279155930153,
        "alpha": 0.05,
        "power": 0.8
      }
    },
    {
      "N": 12,
      "ap_mean": {
        "r1": 0.2553723462769386,
        "r2": 0.2526232588895855,
        "r3": 0.25412155066169806
      },
      "ap_std": {
        "r1": 0.019806118135726115,
        "r2": 0.01964885106450828,
        "r3": 0.019816752647025773
      },
      "d23_mean": -0.0014982917721126047,
      "d21_mean": -0.002749087387353162,
      "nb_23": {
        "name": "nadeau-bengio",
        "mean_delta": -0.0014982917721126047,
        "ci_low": -0.009381328848699381,
        "ci_high": 0.006384745304474171,
        "effect_size_dz": -0.6352536004150515,
        "p_value": 0.6952035358945808,
        "n_folds": 20,
        "statistic": -0.39781123557920445,
        "df": 19,
        "note": "correction_factor=2.5500 (1/J + n_test/n_train)"
      },
      "mde": {
        "mean_metric": 0.2526232588895855,
        "seed_std": 0.01964885106450828,
        "n_seeds": 20,
        "paired_diff_std": 0.027787671660476635,
        "minimum_detectable_effect": 0.017407684147602194,
        "alpha": 0.05,
        "power": 0.8
      }
    },
    {
      "N": 24,
      "ap_mean": {
        "r1": 0.26562298061782497,
        "r2": 0.2622156727862351,
        "r3": 0.26458507341364734
      },
      "ap_std": {
        "r1": 0.007408798327788452,
        "r2": 0.007112843585390455,
        "r3": 0.006919836762000525
      },
      "d23_mean": -0.0023694006274122743,
      "d21_mean": -0.003407307831589923,
      "nb_23": {
        "name": "nadeau-bengio",
        "mean_delta": -0.0023694006274122743,
        "ci_low": -0.005945421110075074,
        "ci_high": 0.0012066198552505257,
        "effect_size_dz": -1.5811912310183087,
        "p_value": 0.1815605455789546,
        "n_folds": 20,
        "statistic": -1.386796449222561,
        "df": 19,
        "note": "correction_factor=1.3000 (1/J + n_test/n_train)"
      },
      "mde": {
        "mean_metric": 0.2622156727862351,
        "seed_std": 0.007112843585390455,
        "n_seeds": 20,
        "paired_diff_std": 0.010059079865497653,
        "minimum_detectable_effect": 0.006301545780935155,
        "alpha": 0.05,
        "power": 0.8
      }
    },
    {
      "N": 48,
      "ap_mean": {
        "r1": 0.2711468411078234,
        "r2": 0.2671605755543339,
        "r3": 0.27013425254299656
      },
      "ap_std": {
        "r1": 0.006068836204870092,
        "r2": 0.005179844168865251,
        "r3": 0.005759793365137466
      },
      "d23_mean": -0.0029736769886625795,
      "d21_mean": -0.0039862655534893595,
      "nb_23": {
        "name": "nadeau-bengio",
        "mean_delta": -0.0029736769886625795,
        "ci_low": -0.004863700641434105,
        "ci_high": -0.0010836533358910543,
        "effect_size_dz": -2.7055319000250604,
        "p_value": 0.00382459643052914,
        "n_folds": 20,
        "statistic": -3.2930685593189715,
        "df": 19,
        "note": "correction_factor=0.6750 (1/J + n_test/n_train)"
      },
      "mde": {
        "mean_metric": 0.2671605755543339,
        "seed_std": 0.005179844168865251,
        "n_seeds": 20,
        "paired_diff_std": 0.007325405874588431,
        "minimum_detectable_effect": 0.004589026143532521,
        "alpha": 0.05,
        "power": 0.8
      }
    }
  ]
}