{
  "label": "grid_web_o20-80_n1",
  "feat_tag": "web",
  "include_raw": false,
  "cfg": {
    "offset_min": 20,
    "offset_max": 80,
    "offset_steps": 8,
    "aggregation": "max",
    "logsumexp_beta": 4.0,
    "brightness_proxy": "greenness",
    "azimuth_points_to": "shadow",
    "n_channels": 1,
    "shift_mode": "nearest",
    "shift_order": 1,
    "contrast_gain": 1.5,
    "z_clip": 6.0
  },
  "n_grid": [
    6,
    12,
    24,
    48
  ],
  "n_draws": 20,
  "n_test_scenes": 30,
  "curve": [
    {
      "N": 6,
      "ap_mean": {
        "r1": 0.22297220044651636,
        "r2": 0.2222030243372381,
        "r3": 0.22324441684668064
      },
      "ap_std": {
        "r1": 0.032194425555070724,
        "r2": 0.03105641048751404,
        "r3": 0.03182023367150918
      },
      "d23_mean": -0.001041392509442611,
      "d21_mean": -0.0007691761092782481,
      "nb_23": {
        "name": "nadeau-bengio",
        "mean_delta": -0.001041392509442611,
        "ci_low": -0.010192870001081383,
        "ci_high": 0.00811008498219616,
        "effect_size_dz": -0.5352333205530151,
        "p_value": 0.814294595195539,
        "n_folds": 20,
        "statistic": -0.23817570161052254,
        "df": 19,
        "note": "correction_factor=5.0500 (1/J + n_test/n_train)"
      },
      "mde": {
        "mean_metric": 0.2222030243372381,
        "seed_std": 0.03105641048751404,
        "n_seeds": 20,
        "paired_diff_std": 0.04392039691006838,
        "minimum_detectable_effect": 0.02751408633258191,
        "alpha": 0.05,
        "power": 0.8
      }
    },
    {
      "N": 12,
      "ap_mean": {
        "r1": 0.2553723462769386,
        "r2": 0.253937131125461,
        "r3": 0.25434830345163595
      },
      "ap_std": {
        "r1": 0.019806118135726115,
        "r2": 0.02037864307501104,
        "r3": 0.02018544462119473
      },
      "d23_mean": -0.00041117232617498276,
      "d21_mean": -0.0014352151514776632,
      "nb_23": {
        "name": "nadeau-bengio",
        "mean_delta": -0.00041117232617498276,
        "ci_low": -0.005519951233571965,
        "ci_high": 0.004697606581222,
        "effect_size_dz": -0.2689992558392445,
        "p_value": 0.8680065246612629,
        "n_folds": 20,
        "statistic": -0.16845386829036366,
        "df": 19,
        "note": "correction_factor=2.5500 (1/J + n_test/n_train)"
      },
      "mde": {
        "mean_metric": 0.253937131125461,
        "seed_std": 0.02037864307501104,
        "n_seeds": 20,
        "paired_diff_std": 0.02881975341944117,
        "minimum_detectable_effect": 0.01805423537701341,
        "alpha": 0.05,
        "power": 0.8
      }
    },
    {
      "N": 24,
      "ap_mean": {
        "r1": 0.26562298061782497,
        "r2": 0.2639068406175873,
        "r3": 0.2646934786356022
      },
      "ap_std": {
        "r1": 0.007408798327788452,
        "r2": 0.006995315246339224,
        "r3": 0.0072451658800044595
      },
      "d23_mean": -0.0007866380180148902,
      "d21_mean": -0.001716140000237687,
      "nb_23": {
        "name": "nadeau-bengio",
        "mean_delta": -0.0007866380180148902,
        "ci_low": -0.0033292570905933804,
        "ci_high": 0.0017559810545636002,
        "effect_size_dz": -0.7383113201085033,
        "p_value": 0.5250290724329816,
        "n_folds": 20,
        "statistic": -0.6475418640463219,
        "df": 19,
        "note": "correction_factor=1.3000 (1/J + n_test/n_train)"
      },
      "mde": {
        "mean_metric": 0.2639068406175873,
        "seed_std": 0.006995315246339224,
        "n_seeds": 20,
        "paired_diff_std": 0.00989286969444822,
        "minimum_detectable_effect": 0.006197422837670975,
        "alpha": 0.05,
        "power": 0.8
      }
    },
    {
      "N": 48,
      "ap_mean": {
        "r1": 0.2711468411078234,
        "r2": 0.26896271649196024,
        "r3": 0.27022589754033366
      },
      "ap_std": {
        "r1": 0.006068836204870092,
        "r2": 0.005572767667701369,
        "r3": 0.005868740187320413
      },
      "d23_mean": -0.0012631810483734545,
      "d21_mean": -0.0021841246158631395,
      "nb_23": {
        "name": "nadeau-bengio",
        "mean_delta": -0.0012631810483734545,
        "ci_low": -0.002367157499618834,
        "ci_high": -0.0001592045971280751,
        "effect_size_dz": -1.967577726767148,
        "p_value": 0.027093092529115802,
        "n_folds": 20,
        "statistic": -2.394859343544674,
        "df": 19,
        "note": "correction_factor=0.6750 (1/J + n_test/n_train)"
      },
      "mde": {
        "mean_metric": 0.26896271649196024,
        "seed_std": 0.005572767667701369,
        "n_seeds": 20,
        "paired_diff_std": 0.007881083615617557,
        "minimum_detectable_effect": 0.004937132408853284,
        "alpha": 0.05,
        "power": 0.8
      }
    }
  ]
}