{
  "label": "grid_raw_o2-20_n1",
  "feat_tag": "raw",
  "include_raw": false,
  "cfg": {
    "offset_min": 2,
    "offset_max": 20,
    "offset_steps": 8,
    "aggregation": "max",
    "logsumexp_beta": 4.0,
    "brightness_proxy": "greenness",
    "azimuth_points_to": "shadow",
    "n_channels": 1,
    "shift_mode": "nearest",
    "shift_order": 1,
    "contrast_gain": 1.5,
    "z_clip": 6.0
  },
  "n_grid": [
    6,
    12,
    24,
    48
  ],
  "n_draws": 20,
  "n_test_scenes": 30,
  "curve": [
    {
      "N": 6,
      "ap_mean": {
        "r1": 0.03512168649187973,
        "r2": 0.1367660939005445,
        "r3": 0.048017299508258025
      },
      "ap_std": {
        "r1": 0.0054040703848091,
        "r2": 0.019519240536580263,
        "r3": 0.014306075065124194
      },
      "d23_mean": 0.08874879439228647,
      "d21_mean": 0.10164440740866476,
      "nb_23": {
        "name": "nadeau-bengio",
        "mean_delta": 0.08874879439228647,
        "ci_low": 0.008681679292007694,
        "ci_high": 0.16881590949256525,
        "effect_size_dz": 5.213485740155515,
        "p_value": 0.031629208342080425,
        "n_folds": 20,
        "statistic": 2.3199707049535245,
        "df": 19,
        "note": "correction_factor=5.0500 (1/J + n_test/n_train)"
      },
      "mde": {
        "mean_metric": 0.1367660939005445,
        "seed_std": 0.019519240536580263,
        "n_seeds": 20,
        "paired_diff_std": 0.0276043746940545,
        "minimum_detectable_effect": 0.017292857121585885,
        "alpha": 0.05,
        "power": 0.8
      }
    },
    {
      "N": 12,
      "ap_mean": {
        "r1": 0.03875112073767466,
        "r2": 0.14921854763367295,
        "r3": 0.04871980726535023
      },
      "ap_std": {
        "r1": 0.005032904453005837,
        "r2": 0.012851639500619714,
        "r3": 0.01030612111355169
      },
      "d23_mean": 0.10049874036832274,
      "d21_mean": 0.11046742689599831,
      "nb_23": {
        "name": "nadeau-bengio",
        "mean_delta": 0.10049874036832274,
        "ci_low": 0.048257445250692144,
        "ci_high": 0.15274003548595333,
        "effect_size_dz": 6.42970419432609,
        "p_value": 0.0007212932740403041,
        "n_folds": 20,
        "statistic": 4.026436950979068,
        "df": 19,
        "note": "correction_factor=2.5500 (1/J + n_test/n_train)"
      },
      "mde": {
        "mean_metric": 0.14921854763367295,
        "seed_std": 0.012851639500619714,
        "n_seeds": 20,
        "paired_diff_std": 0.01817496288050619,
        "minimum_detectable_effect": 0.011385769095157759,
        "alpha": 0.05,
        "power": 0.8
      }
    },
    {
      "N": 24,
      "ap_mean": {
        "r1": 0.044746335422998475,
        "r2": 0.15645215927056272,
        "r3": 0.055099936958316456
      },
      "ap_std": {
        "r1": 0.001623540260547442,
        "r2": 0.006301801532212347,
        "r3": 0.005162642776895394
      },
      "d23_mean": 0.10135222231224623,
      "d21_mean": 0.1117058238475642,
      "nb_23": {
        "name": "nadeau-bengio",
        "mean_delta": 0.10135222231224623,
        "ci_low": 0.08489484546994015,
        "ci_high": 0.11780959915455232,
        "effect_size_dz": 14.69665697465213,
        "p_value": 7.669495268595635e-11,
        "n_folds": 20,
        "statistic": 12.889820856623237,
        "df": 19,
        "note": "correction_factor=1.3000 (1/J + n_test/n_train)"
      },
      "mde": {
        "mean_metric": 0.15645215927056272,
        "seed_std": 0.006301801532212347,
        "n_seeds": 20,
        "paired_diff_std": 0.008912093194238253,
        "minimum_detectable_effect": 0.005583011967136278,
        "alpha": 0.05,
        "power": 0.8
      }
    },
    {
      "N": 48,
      "ap_mean": {
        "r1": 0.04656721721717329,
        "r2": 0.15933082820427752,
        "r3": 0.056807202513130886
      },
      "ap_std": {
        "r1": 0.000875900925972856,
        "r2": 0.0019473062439374763,
        "r3": 0.0014026051329180259
      },
      "d23_mean": 0.10252362569114666,
      "d21_mean": 0.11276361098710423,
      "nb_23": {
        "name": "nadeau-bengio",
        "mean_delta": 0.10252362569114666,
        "ci_low": 0.09965602849610879,
        "ci_high": 0.10539122288618454,
        "effect_size_dz": 61.47972488924023,
        "p_value": 6.083872504193072e-25,
        "n_folds": 20,
        "statistic": 74.83073811344148,
        "df": 19,
        "note": "correction_factor=0.6750 (1/J + n_test/n_train)"
      },
      "mde": {
        "mean_metric": 0.15933082820427752,
        "seed_std": 0.0019473062439374763,
        "n_seeds": 20,
        "paired_diff_std": 0.00275390690027019,
        "minimum_detectable_effect": 0.0017251946142717376,
        "alpha": 0.05,
        "power": 0.8
      }
    }
  ]
}