{
  "label": "grid_web_o2-20_n2",
  "feat_tag": "web",
  "include_raw": false,
  "cfg": {
    "offset_min": 2,
    "offset_max": 20,
    "offset_steps": 8,
    "aggregation": "max",
    "logsumexp_beta": 4.0,
    "brightness_proxy": "greenness",
    "azimuth_points_to": "shadow",
    "n_channels": 2,
    "shift_mode": "nearest",
    "shift_order": 1,
    "contrast_gain": 1.5,
    "z_clip": 6.0
  },
  "n_grid": [
    6,
    12,
    24,
    48
  ],
  "n_draws": 20,
  "n_test_scenes": 30,
  "curve": [
    {
      "N": 6,
      "ap_mean": {
        "r1": 0.22297220044651636,
        "r2": 0.23681089664934013,
        "r3": 0.22266118941639576
      },
      "ap_std": {
        "r1": 0.032194425555070724,
        "r2": 0.037680284742241534,
        "r3": 0.03182962673996361
      },
      "d23_mean": 0.014149707232944342,
      "d21_mean": 0.013838696202823778,
      "nb_23": {
        "name": "nadeau-bengio",
        "mean_delta": 0.014149707232944342,
        "ci_low": -0.03656276929645858,
        "ci_high": 0.06486218376234726,
        "effect_size_dz": 1.3123586648206518,
        "p_value": 0.5660953083494005,
        "n_folds": 20,
        "statistic": 0.5839919410012646,
        "df": 19,
        "note": "correction_factor=5.0500 (1/J + n_test/n_train)"
      },
      "mde": {
        "mean_metric": 0.23681089664934013,
        "seed_std": 0.037680284742241534,
        "n_seeds": 20,
        "paired_diff_std": 0.053287969716557984,
        "minimum_detectable_effect": 0.03338243509664821,
        "alpha": 0.05,
        "power": 0.8
      }
    },
    {
      "N": 12,
      "ap_mean": {
        "r1": 0.2553723462769386,
        "r2": 0.27117090812192723,
        "r3": 0.25485690189807153
      },
      "ap_std": {
        "r1": 0.019806118135726115,
        "r2": 0.020126364202560296,
        "r3": 0.01941698716568906
      },
      "d23_mean": 0.01631400622385571,
      "d21_mean": 0.01579856184498859,
      "nb_23": {
        "name": "nadeau-bengio",
        "mean_delta": 0.01631400622385571,
        "ci_low": 0.0025185202402331075,
        "ci_high": 0.030109492207478314,
        "effect_size_dz": 3.952464056270033,
        "p_value": 0.02290873640935922,
        "n_folds": 20,
        "statistic": 2.475129001677236,
        "df": 19,
        "note": "correction_factor=2.5500 (1/J + n_test/n_train)"
      },
      "mde": {
        "mean_metric": 0.27117090812192723,
        "seed_std": 0.020126364202560296,
        "n_seeds": 20,
        "paired_diff_std": 0.028462977216521135,
        "minimum_detectable_effect": 0.01783073167624648,
        "alpha": 0.05,
        "power": 0.8
      }
    },
    {
      "N": 24,
      "ap_mean": {
        "r1": 0.26562298061782497,
        "r2": 0.2796021021607368,
        "r3": 0.2651805118381104
      },
      "ap_std": {
        "r1": 0.007408798327788452,
        "r2": 0.007664262115649213,
        "r3": 0.0072940555445970105
      },
      "d23_mean": 0.01442159032262635,
      "d21_mean": 0.013979121542911751,
      "nb_23": {
        "name": "nadeau-bengio",
        "mean_delta": 0.01442159032262635,
        "ci_low": 0.008381210268726833,
        "ci_high": 0.02046197037652587,
        "effect_size_dz": 5.697637112883276,
        "p_value": 8.000582601179693e-05,
        "n_folds": 20,
        "statistic": 4.997158320955627,
        "df": 19,
        "note": "correction_factor=1.3000 (1/J + n_test/n_train)"
      },
      "mde": {
        "mean_metric": 0.2796021021607368,
        "seed_std": 0.007664262115649213,
        "n_seeds": 20,
        "paired_diff_std": 0.010838903429533428,
        "minimum_detectable_effect": 0.006790068981419789,
        "alpha": 0.05,
        "power": 0.8
      }
    },
    {
      "N": 48,
      "ap_mean": {
        "r1": 0.2711468411078234,
        "r2": 0.2857303369337515,
        "r3": 0.2708999400214266
      },
      "ap_std": {
        "r1": 0.006068836204870092,
        "r2": 0.006335600378041157,
        "r3": 0.005699923875194436
      },
      "d23_mean": 0.014830396912324887,
      "d21_mean": 0.01458349582592812,
      "nb_23": {
        "name": "nadeau-bengio",
        "mean_delta": 0.014830396912324887,
        "ci_low": 0.012187612531291213,
        "ci_high": 0.01747318129335856,
        "effect_size_dz": 9.649774149919661,
        "p_value": 3.718914724792983e-10,
        "n_folds": 20,
        "statistic": 11.745331059424974,
        "df": 19,
        "note": "correction_factor=0.6750 (1/J + n_test/n_train)"
      },
      "mde": {
        "mean_metric": 0.2857303369337515,
        "seed_std": 0.006335600378041157,
        "n_seeds": 20,
        "paired_diff_std": 0.008959891980401914,
        "minimum_detectable_effect": 0.005612955683988209,
        "alpha": 0.05,
        "power": 0.8
      }
    }
  ]
}