{
  "label": "grid_raw_o10-50_n2",
  "feat_tag": "raw",
  "include_raw": false,
  "cfg": {
    "offset_min": 10,
    "offset_max": 50,
    "offset_steps": 8,
    "aggregation": "max",
    "logsumexp_beta": 4.0,
    "brightness_proxy": "greenness",
    "azimuth_points_to": "shadow",
    "n_channels": 2,
    "shift_mode": "nearest",
    "shift_order": 1,
    "contrast_gain": 1.5,
    "z_clip": 6.0
  },
  "n_grid": [
    6,
    12,
    24,
    48
  ],
  "n_draws": 20,
  "n_test_scenes": 30,
  "curve": [
    {
      "N": 6,
      "ap_mean": {
        "r1": 0.03512168649187973,
        "r2": 0.10001239322239716,
        "r3": 0.07686295657735821
      },
      "ap_std": {
        "r1": 0.0054040703848091,
        "r2": 0.010834838433697869,
        "r3": 0.0102901064468497
      },
      "d23_mean": 0.02314943664503894,
      "d21_mean": 0.06489070673051742,
      "nb_23": {
        "name": "nadeau-bengio",
        "mean_delta": 0.02314943664503894,
        "ci_low": -0.010690058882255146,
        "ci_high": 0.05698893217233303,
        "effect_size_dz": 3.217632613766031,
        "p_value": 0.1684389565338512,
        "n_folds": 20,
        "statistic": 1.431827720510378,
        "df": 19,
        "note": "correction_factor=5.0500 (1/J + n_test/n_train)"
      },
      "mde": {
        "mean_metric": 0.10001239322239716,
        "seed_std": 0.010834838433697869,
        "n_seeds": 20,
        "paired_diff_std": 0.01532277545905679,
        "minimum_detectable_effect": 0.00959900630448559,
        "alpha": 0.05,
        "power": 0.8
      }
    },
    {
      "N": 12,
      "ap_mean": {
        "r1": 0.03875112073767466,
        "r2": 0.10686934560174108,
        "r3": 0.07828989881828344
      },
      "ap_std": {
        "r1": 0.005032904453005837,
        "r2": 0.008211113450888713,
        "r3": 0.010328989794014433
      },
      "d23_mean": 0.028579446783457634,
      "d21_mean": 0.06811822486406643,
      "nb_23": {
        "name": "nadeau-bengio",
        "mean_delta": 0.028579446783457634,
        "ci_low": 0.004058931993717905,
        "ci_high": 0.053099961573197366,
        "effect_size_dz": 3.895547856475795,
        "p_value": 0.02468599262995465,
        "n_folds": 20,
        "statistic": 2.4394866948098284,
        "df": 19,
        "note": "correction_factor=2.5500 (1/J + n_test/n_train)"
      },
      "mde": {
        "mean_metric": 0.10686934560174108,
        "seed_std": 0.008211113450888713,
        "n_seeds": 20,
        "paired_diff_std": 0.011612268004430965,
        "minimum_detectable_effect": 0.0072745459255571816,
        "alpha": 0.05,
        "power": 0.8
      }
    },
    {
      "N": 24,
      "ap_mean": {
        "r1": 0.044746335422998475,
        "r2": 0.11068623500422389,
        "r3": 0.08198433538429571
      },
      "ap_std": {
        "r1": 0.001623540260547442,
        "r2": 0.005529014748856183,
        "r3": 0.008442561756921997
      },
      "d23_mean": 0.028701899619928195,
      "d21_mean": 0.06593989958122544,
      "nb_23": {
        "name": "nadeau-bengio",
        "mean_delta": 0.028701899619928195,
        "ci_low": 0.011908243674075943,
        "ci_high": 0.04549555556578044,
        "effect_size_dz": 4.07860160185608,
        "p_value": 0.0020101675633307824,
        "n_folds": 20,
        "statistic": 3.57717024246637,
        "df": 19,
        "note": "correction_factor=1.3000 (1/J + n_test/n_train)"
      },
      "mde": {
        "mean_metric": 0.11068623500422389,
        "seed_std": 0.005529014748856183,
        "n_seeds": 20,
        "paired_diff_std": 0.007819207644393287,
        "minimum_detectable_effect": 0.0048983699901606,
        "alpha": 0.05,
        "power": 0.8
      }
    },
    {
      "N": 48,
      "ap_mean": {
        "r1": 0.04656721721717329,
        "r2": 0.11229545591284314,
        "r3": 0.08460764787398017
      },
      "ap_std": {
        "r1": 0.000875900925972856,
        "r2": 0.0016149324460147272,
        "r3": 0.0037873762774140517
      },
      "d23_mean": 0.027687808038862966,
      "d21_mean": 0.06572823869566986,
      "nb_23": {
        "name": "nadeau-bengio",
        "mean_delta": 0.027687808038862966,
        "ci_low": 0.02233990251897091,
        "ci_high": 0.03303571355875502,
        "effect_size_dz": 8.902888928604437,
        "p_value": 1.4217215048970895e-09,
        "n_folds": 20,
        "statistic": 10.836251318132554,
        "df": 19,
        "note": "correction_factor=0.6750 (1/J + n_test/n_train)"
      },
      "mde": {
        "mean_metric": 0.11229545591284314,
        "seed_std": 0.0016149324460147272,
        "n_seeds": 20,
        "paired_diff_std": 0.0022838593674703836,
        "minimum_detectable_effect": 0.001430731692537389,
        "alpha": 0.05,
        "power": 0.8
      }
    }
  ]
}