{
  "k": 5,
  "repeats": 3,
  "seeds": [
    0,
    1,
    2,
    3,
    4
  ],
  "capacity": "mlp",
  "n_safe_tiles": 81,
  "arm_map50": {
    "dapt_v3_s101_i499+dapt_v3_s201_i999+dapt_v3_s301_i999+dapt_v3_s401_i999+dapt_v3_s501_i499": 0.2555830380616477,
    "web": 0.2560409554079418,
    "sat": 0.13662502420126998
  },
  "paired": {
    "dapt_v3_s101_i499+dapt_v3_s201_i999+dapt_v3_s301_i999+dapt_v3_s401_i999+dapt_v3_s501_i499 - web": {
      "FULL": {
        "n_tiles": 81,
        "gap": -0.00024322642621010804,
        "ci95": [
          -0.003221096773265657,
          0.002988151570720554
        ],
        "p_gt0": 0.441,
        "resolved": false
      },
      "WON": {
        "n_tiles": 28,
        "gap": -8.239786107810954e-05,
        "ci95": [
          -0.003589669004232855,
          0.00326990652649762
        ],
        "p_gt0": 0.48,
        "resolved": false
      },
      "BRU": {
        "n_tiles": 53,
        "gap": -0.0017761255941850206,
        "ci95": [
          -0.004018906090502566,
          -0.00015591900435702407
        ],
        "p_gt0": 0.021,
        "resolved": true
      }
    },
    "dapt_v3_s101_i499+dapt_v3_s201_i999+dapt_v3_s301_i999+dapt_v3_s401_i999+dapt_v3_s501_i499 - sat": {
      "FULL": {
        "n_tiles": 81,
        "gap": 0.11936087631991164,
        "ci95": [
          0.09949957141108424,
          0.13951300398673674
        ],
        "p_gt0": 1.0,
        "resolved": true
      },
      "WON": {
        "n_tiles": 28,
        "gap": 0.12774308987536018,
        "ci95": [
          0.1059460769852042,
          0.15117080388806486
        ],
        "p_gt0": 1.0,
        "resolved": true
      },
      "BRU": {
        "n_tiles": 53,
        "gap": 0.0326118423790509,
        "ci95": [
          0.014982547530724165,
          0.05943977458137468
        ],
        "p_gt0": 1.0,
        "resolved": true
      }
    },
    "web - sat": {
      "FULL": {
        "n_tiles": 81,
        "gap": 0.11987360611824119,
        "ci95": [
          0.09969663602395953,
          0.13974514220668813
        ],
        "p_gt0": 1.0,
        "resolved": true
      },
      "WON": {
        "n_tiles": 28,
        "gap": 0.12838456528656766,
        "ci95": [
          0.10583014995949076,
          0.15124494228268556
        ],
        "p_gt0": 1.0,
        "resolved": true
      },
      "BRU": {
        "n_tiles": 53,
        "gap": 0.03458365926612378,
        "ci95": [
          0.016130380989334062,
          0.062372618937910226
        ],
        "p_gt0": 1.0,
        "resolved": true
      }
    }
  }
}