{
  "k": 5,
  "repeats": 3,
  "seeds": [
    0,
    1,
    2,
    3,
    4
  ],
  "capacity": "linear",
  "n_safe_tiles": 81,
  "arm_map50": {
    "dapt_v3_s101_i999+dapt_v3_s201_i999+dapt_v3_s301_i999+dapt_v3_s401_i999+dapt_v3_s501_i499": 0.06660479101449118,
    "web": 0.059877663957916764,
    "sat": 0.08016085026279697
  },
  "paired": {
    "dapt_v3_s101_i999+dapt_v3_s201_i999+dapt_v3_s301_i999+dapt_v3_s401_i999+dapt_v3_s501_i499 - web": {
      "FULL": {
        "n_tiles": 81,
        "gap": 0.00650445598647725,
        "ci95": [
          0.004663929324908689,
          0.00841286943087735
        ],
        "p_gt0": 1.0,
        "resolved": true
      },
      "WON": {
        "n_tiles": 28,
        "gap": 0.007668260788923582,
        "ci95": [
          0.005380493075673036,
          0.01021810967767241
        ],
        "p_gt0": 1.0,
        "resolved": true
      },
      "BRU": {
        "n_tiles": 53,
        "gap": 4.335726408902853e-05,
        "ci95": [
          -3.357752535010038e-05,
          0.00019659250400593916
        ],
        "p_gt0": 0.889,
        "resolved": false
      }
    },
    "dapt_v3_s101_i999+dapt_v3_s201_i999+dapt_v3_s301_i999+dapt_v3_s401_i999+dapt_v3_s501_i499 - sat": {
      "FULL": {
        "n_tiles": 81,
        "gap": -0.014747844257131174,
        "ci95": [
          -0.027924811735765193,
          -0.002282223117391214
        ],
        "p_gt0": 0.01,
        "resolved": true
      },
      "WON": {
        "n_tiles": 28,
        "gap": -0.002895319716338024,
        "ci95": [
          -0.023713693752899834,
          0.017586805465244795
        ],
        "p_gt0": 0.398,
        "resolved": false
      },
      "BRU": {
        "n_tiles": 53,
        "gap": -0.0024469161498016784,
        "ci95": [
          -0.006093717124653807,
          -0.0006620375611873007
        ],
        "p_gt0": 0.0,
        "resolved": true
      }
    },
    "web - sat": {
      "FULL": {
        "n_tiles": 81,
        "gap": -0.021164822660640955,
        "ci95": [
          -0.03448633546874921,
          -0.008904687883550847
        ],
        "p_gt0": 0.0,
        "resolved": true
      },
      "WON": {
        "n_tiles": 28,
        "gap": -0.010822896084748013,
        "ci95": [
          -0.031233533425841602,
          0.009072314464819344
        ],
        "p_gt0": 0.165,
        "resolved": false
      },
      "BRU": {
        "n_tiles": 53,
        "gap": -0.0024862844691654327,
        "ci95": [
          -0.0062492408936465444,
          -0.0006754063557215759
        ],
        "p_gt0": 0.0,
        "resolved": true
      }
    }
  }
}