{
  "config": {
    "seed": 0,
    "conds": [
      "correct",
      "shuffle",
      "flip",
      "rot90"
    ]
  },
  "auc": {
    "ALL": {
      "correct": 0.7382083265938024,
      "shuffle": 0.5125129253960499,
      "flip": 0.2617908223956254,
      "rot90": 0.49994443109262615
    },
    "WON": {
      "correct": 0.7936818062561529,
      "shuffle": 0.5155414091003611,
      "flip": 0.20631819374384708,
      "rot90": 0.5059939844958137
    },
    "BRU": {
      "correct": 0.6235295559789044,
      "shuffle": 0.5061810114904569,
      "flip": 0.37647044402109564,
      "rot90": 0.47092402957884416
    },
    "NEON": {
      "correct": 0.4546741087504501,
      "shuffle": 0.4875035919288483,
      "flip": 0.5453150882247029,
      "rot90": 0.47537179244744665
    },
    "ALL_dark(zc<-0.3)": {
      "correct": 0.75191485480186,
      "shuffle": 0.5127709370964767,
      "flip": 0.24808459423125426,
      "rot90": 0.5029571298899409
    }
  },
  "lambda_sweep": {
    "ALL": {
      "lambda": [
        0.0,
        0.5,
        1.0,
        2.0,
        3.0,
        5.0
      ],
      "correct": [
        0.579349193542928,
        0.4862367639458175,
        0.37699838143449804,
        0.2712868859412146,
        0.2269363162078615,
        0.19099455102487686
      ],
      "flip": [
        0.579349193542928,
        0.2370853181515827,
        0.10604223290579634,
        0.059644968690679666,
        0.0520221769360326,
        0.04807714657800534
      ],
      "none": 0.579349193542928
    },
    "WON": {
      "lambda": [
        0.0,
        0.5,
        1.0,
        2.0,
        3.0,
        5.0
      ],
      "correct": [
        0.6946847456415661,
        0.6349711525391004,
        0.5521047949543466,
        0.45926924393734936,
        0.41403328413657015,
        0.37109061880718164
      ],
      "flip": [
        0.6946847456415661,
        0.3507761044156913,
        0.1754847744298781,
        0.11350167233872106,
        0.10412479972087371,
        0.10061136689561476
      ],
      "none": 0.6946847456415661
    },
    "BRU": {
      "lambda": [
        0.0,
        0.5,
        1.0,
        2.0,
        3.0,
        5.0
      ],
      "correct": [
        0.09113764826940493,
        0.08378413445294469,
        0.06187222773046744,
        0.04047355592703188,
        0.033107606707313234,
        0.028188993516888236
      ],
      "flip": [
        0.09113764826940493,
        0.05350622433433492,
        0.03321784680208465,
        0.023885357877274013,
        0.020873525633950413,
        0.01913268569522436
      ],
      "none": 0.09113764826940493
    },
    "NEON": {
      "lambda": [
        0.0,
        0.5,
        1.0,
        2.0,
        3.0,
        5.0
      ],
      "correct": [
        0.1152114676207811,
        0.07348572715735333,
        0.04944358956696328,
        0.035612303553969715,
        0.03171417672880242,
        0.029837962048243596
      ],
      "flip": [
        0.1152114676207811,
        0.08057852352377429,
        0.06163520005932627,
        0.04713190668724754,
        0.041951792173005105,
        0.037287692896673066
      ],
      "none": 0.1152114676207811
    }
  }
}