{
  "config": {
    "seed": 0,
    "recall_targets": [
      0.4,
      0.5,
      0.6,
      0.7,
      0.8
    ],
    "ref_recall": 0.6,
    "n_boot": 1000,
    "arms": [
      "NONE",
      "CORRECT",
      "WRONG_flip",
      "WRONG_rot90",
      "WRONG_shuffle"
    ],
    "filter": {
      "D_MIN": 15.0,
      "D_MAX": 60.0,
      "D_STEPS": 10,
      "K_GAIN": 2.0
    }
  },
  "n_candidates": 35810,
  "n_gt_total": 1685,
  "overall": {
    "NONE": {
      "AP": 0.579349193542928,
      "P@R0.4": 0.6927029804727647,
      "P@R0.5": 0.622140221402214,
      "P@R0.6": 0.5432563138097797,
      "P@R0.7": 0.46993229788928714,
      "P@R0.8": 0.3701263042284459,
      "FP@R0.4": 299.0,
      "FP@R0.5": 512.0,
      "FP@R0.6": 850.0,
      "FP@R0.7": 1331.0,
      "FP@R0.8": 2294.0
    },
    "CORRECT": {
      "AP": 0.530564060278569,
      "P@R0.4": 0.6310861423220974,
      "P@R0.5": 0.5817805383022774,
      "P@R0.6": 0.5171355498721227,
      "P@R0.7": 0.4338235294117647,
      "P@R0.8": 0.25799043062200955,
      "FP@R0.4": 394.0,
      "FP@R0.5": 606.0,
      "FP@R0.6": 944.0,
      "FP@R0.7": 1540.0,
      "FP@R0.8": 3877.0
    },
    "WRONG_flip": {
      "AP": 0.2068473156695638,
      "P@R0.4": 0.13412935323383085,
      "P@R0.5": 0.08310331230283911,
      "P@R0.6": 0.060160666468313,
      "P@R0.7": 0.04959441852645736,
      "P@R0.8": 0.045460677188722515,
      "FP@R0.4": 4351.0,
      "FP@R0.5": 9301.0,
      "FP@R0.6": 15794.0,
      "FP@R0.7": 22613.0,
      "FP@R0.8": 28304.0
    },
    "WRONG_rot90": {
      "AP": 0.3806236324490284,
      "P@R0.4": 0.44873501997336884,
      "P@R0.5": 0.3694127957931639,
      "P@R0.6": 0.2709003215434084,
      "P@R0.7": 0.19146519552166152,
      "P@R0.8": 0.12086434143279835,
      "FP@R0.4": 828.0,
      "FP@R0.5": 1439.0,
      "FP@R0.6": 2721.0,
      "FP@R0.7": 4983.0,
      "FP@R0.8": 9805.0
    },
    "WRONG_shuffle": {
      "AP": 0.3817299712659533,
      "P@R0.4": 0.4641873278236915,
      "P@R0.5": 0.38041516245487367,
      "P@R0.6": 0.27951340890240534,
      "P@R0.7": 0.18825781748564135,
      "P@R0.8": 0.11171887949610476,
      "FP@R0.4": 778.0,
      "FP@R0.5": 1373.0,
      "FP@R0.6": 2606.0,
      "FP@R0.7": 5088.0,
      "FP@R0.8": 10718.0
    }
  },
  "per_domain": {
    "WON": {
      "NONE": {
        "AP": 0.6946847456415661,
        "P@R0.4": 0.7489481065918654,
        "P@R0.5": 0.71875,
        "P@R0.6": 0.6700167504187605,
        "P@R0.7": 0.6169088507265522,
        "P@R0.8": 0.5764451647757969,
        "FP@R0.4": 179.0,
        "FP@R0.5": 261.0,
        "FP@R0.6": 394.0,
        "FP@R0.7": 580.0,
        "FP@R0.8": 784.0
      },
      "CORRECT": {
        "AP": 0.6537654209735889,
        "P@R0.4": 0.711051930758988,
        "P@R0.5": 0.6663336663336663,
        "P@R0.6": 0.6369426751592356,
        "P@R0.7": 0.5949044585987261,
        "P@R0.8": 0.5378024193548387,
        "FP@R0.4": 217.0,
        "FP@R0.5": 334.0,
        "FP@R0.6": 456.0,
        "FP@R0.7": 636.0,
        "FP@R0.8": 917.0
      },
      "WRONG_flip": {
        "AP": 0.28270549082318874,
        "P@R0.4": 0.21939194741166804,
        "P@R0.5": 0.1413734633319203,
        "P@R0.6": 0.11057360055286801,
        "P@R0.7": 0.09824339960029452,
        "P@R0.8": 0.09307397069085833,
        "FP@R0.4": 1900.0,
        "FP@R0.5": 4051.0,
        "FP@R0.6": 6435.0,
        "FP@R0.7": 8573.0,
        "FP@R0.8": 10397.0
      },
      "WRONG_rot90": {
        "AP": 0.5101236890835446,
        "P@R0.4": 0.5920177383592018,
        "P@R0.5": 0.5413961038961039,
        "P@R0.6": 0.48602673147023084,
        "P@R0.7": 0.39260193358554013,
        "P@R0.8": 0.2863660762211487,
        "FP@R0.4": 368.0,
        "FP@R0.5": 565.0,
        "FP@R0.6": 846.0,
        "FP@R0.7": 1445.0,
        "FP@R0.8": 2659.0
      },
      "WRONG_shuffle": {
        "AP": 0.5006142351426832,
        "P@R0.4": 0.5939933259176863,
        "P@R0.5": 0.5348837209302325,
        "P@R0.6": 0.4810583283223091,
        "P@R0.7": 0.39243697478991596,
        "P@R0.8": 0.26755265797392175,
        "FP@R0.4": 365.0,
        "FP@R0.5": 580.0,
        "FP@R0.6": 863.0,
        "FP@R0.7": 1446.0,
        "FP@R0.8": 2921.0
      }
    },
    "BRU": {
      "NONE": {
        "AP": 0.09113764826940493,
        "P@R0.4": 0.09891808346213292,
        "P@R0.5": 0.0936768149882904,
        "P@R0.6": 0.07441860465116279,
        "P@R0.7": 0.0563097033685269,
        "P@R0.8": 0.047424972211930344,
        "FP@R0.4": 583.0,
        "FP@R0.5": 774.0,
        "FP@R0.6": 1194.0,
        "FP@R0.7": 1877.0,
        "FP@R0.8": 2571.0
      },
      "CORRECT": {
        "AP": 0.09380785758470958,
        "P@R0.4": 0.08387942332896461,
        "P@R0.5": 0.06557377049180328,
        "P@R0.6": 0.05378151260504202,
        "P@R0.7": 0.04536249493722155,
        "P@R0.8": 0.02962277250636427,
        "FP@R0.4": 699.0,
        "FP@R0.5": 1140.0,
        "FP@R0.6": 1689.0,
        "FP@R0.7": 2357.0,
        "FP@R0.8": 4193.0
      },
      "WRONG_flip": {
        "AP": 0.05826278001953938,
        "P@R0.4": 0.03710144927536232,
        "P@R0.5": 0.026490066225165563,
        "P@R0.6": 0.018860510805500982,
        "P@R0.7": 0.012536377882247594,
        "P@R0.8": 0.010896399080616327,
        "FP@R0.4": 1661.0,
        "FP@R0.5": 2940.0,
        "FP@R0.6": 4994.0,
        "FP@R0.7": 8822.0,
        "FP@R0.8": 11619.0
      },
      "WRONG_rot90": {
        "AP": 0.059594900034788054,
        "P@R0.4": 0.05355648535564853,
        "P@R0.5": 0.03894839337877313,
        "P@R0.6": 0.029529375576745617,
        "P@R0.7": 0.020911127707244213,
        "P@R0.8": 0.013341671878257244,
        "FP@R0.4": 1131.0,
        "FP@R0.5": 1974.0,
        "FP@R0.6": 3155.0,
        "FP@R0.7": 5244.0,
        "FP@R0.8": 9466.0
      },
      "WRONG_shuffle": {
        "AP": 0.06719614265179086,
        "P@R0.4": 0.06171648987463838,
        "P@R0.5": 0.049813200498132,
        "P@R0.6": 0.03590127150336574,
        "P@R0.7": 0.02581834946980175,
        "P@R0.8": 0.01919616076784643,
        "FP@R0.4": 973.0,
        "FP@R0.5": 1526.0,
        "FP@R0.6": 2578.0,
        "FP@R0.7": 4226.0,
        "FP@R0.8": 6540.0
      }
    },
    "NEON": {
      "NONE": {
        "AP": 0.1152114676207811,
        "P@R0.4": 0.10860366713681241,
        "P@R0.5": 0.09746192893401015,
        "P@R0.6": 0.09347300564061241,
        "P@R0.7": 0.09500351864883885,
        "P@R0.8": 0.08096740273396424,
        "FP@R0.4": 632.0,
        "FP@R0.5": 889.0,
        "FP@R0.6": 1125.0,
        "FP@R0.7": 1286.0,
        "FP@R0.8": 1748.0
      },
      "CORRECT": {
        "AP": 0.059419498484263165,
        "P@R0.4": 0.0630114566284779,
        "P@R0.5": 0.05200433369447454,
        "P@R0.6": 0.03789611238157465,
        "P@R0.7": 0.032506621719239105,
        "P@R0.8": 0.02924420812761109,
        "FP@R0.4": 1145.0,
        "FP@R0.5": 1750.0,
        "FP@R0.6": 2945.0,
        "FP@R0.7": 4018.0,
        "FP@R0.8": 5112.0
      },
      "WRONG_flip": {
        "AP": 0.08102421451703144,
        "P@R0.4": 0.08881199538638986,
        "P@R0.5": 0.082687338501292,
        "P@R0.6": 0.0596401028277635,
        "P@R0.7": 0.04430587463078438,
        "P@R0.8": 0.035549399815327794,
        "FP@R0.4": 790.0,
        "FP@R0.5": 1065.0,
        "FP@R0.6": 1829.0,
        "FP@R0.7": 2912.0,
        "FP@R0.8": 4178.0
      },
      "WRONG_rot90": {
        "AP": 0.060411634239558636,
        "P@R0.4": 0.0603448275862069,
        "P@R0.5": 0.04212373848179026,
        "P@R0.6": 0.031233171782444804,
        "P@R0.7": 0.02940535830973644,
        "P@R0.8": 0.02693720482770684,
        "FP@R0.4": 1199.0,
        "FP@R0.5": 2183.0,
        "FP@R0.6": 3598.0,
        "FP@R0.7": 4456.0,
        "FP@R0.8": 5563.0
      },
      "WRONG_shuffle": {
        "AP": 0.06569381872963145,
        "P@R0.4": 0.07929969104016478,
        "P@R0.5": 0.06504065040650407,
        "P@R0.6": 0.046511627906976744,