✓ Initialized. View run at 
https://modal.com/apps/tomdpitts/main/ap-Z10WOp1dAuxMJNcKR3TYSw
✓ Created objects.
├── 🔨 Created mount 
│   /Users/tompitts/dphil/CanopyAI2/boxinst_commonality_tcd_04/detectree2_baseli
│   ne/detectree2_modal.py
├── 🔨 Created mount 
│   /Users/tompitts/dphil/CanopyAI2/data/tcd_sparse/sparse_gt.json
├── 🔨 Created mount 
│   /Users/tompitts/dphil/CanopyAI2/boxinst_commonality_tcd_04/modal_sparse_tcd_
│   multiseed/manifest_sparse.json
├── 🔨 Created mount 
│   /Users/tompitts/dphil/CanopyAI2/boxinst_commonality_tcd_04/test_gt.json
├── 🔨 Created mount 
│   /Users/tompitts/dphil/CanopyAI2/boxinst_commonality_tcd_04/modal_tcd_multise
│   ed/phase4/manifest.json
├── 🔨 Created mount 
│   /Users/tompitts/dphil/CanopyAI2/boxinst_commonality_tcd_04/detectree2_baseli
│   ne/stitch.py
├── 🔨 Created mount 
│   /Users/tompitts/dphil/CanopyAI2/boxinst_commonality_tcd_04/train_tiles_gt.js
│   on
├── 🔨 Created mount 
│   /Users/tompitts/dphil/CanopyAI2/boxinst_commonality_tcd_04/detectree2_baseli
│   ne/dt2_recipe.py
├── 🔨 Created mount 
│   /Users/tompitts/dphil/CanopyAI2/boxinst_commonality_tcd_04/detectree2_baseli
│   ne/build_coco.py
├── 🔨 Created function build_shard.
├── 🔨 Created function build_data.
├── 🔨 Created function build_shard_sparse.
├── 🔨 Created function build_test_fullcov.
├── 🔨 Created function validate_data.
├── 🔨 Created function stitch_cpu.
├── 🔨 Created function build_data_sparse.
├── 🔨 Created function fetch_weights.
├── 🔨 Created function imports_ok.
├── 🔨 Created function train.
├── 🔨 Created function eval_val.
└── 🔨 Created function predict.

==========
== CUDA ==
==========

CUDA Version 12.1.1

Container image Copyright (c) 2016-2023, NVIDIA CORPORATION & AFFILIATES. All rights reserved.

This container image and its contents are governed by the NVIDIA Deep Learning Container License.
By pulling and using the container, you accept the terms and conditions of this license:
https://developer.nvidia.com/ngc/nvidia-deep-learning-container-license

A copy of this license is made available in this container at /NGC-DL-CONTAINER-LICENSE for your convenience.

[train] seed=0v2 gpu=NVIDIA A100-SXM4-40GB base_lr=0.0003389 freeze=3 max_iter=16000 eval_every=2000 patience=2 dets=500 val_eval=896/896 subtiles min_size_test=1000 max_size_test=1333
[09/02 11:52:17 d2.engine.defaults]: Model:
GeneralizedRCNN(
  (backbone): FPN(
    (fpn_lateral2): Conv2d(256, 256, kernel_size=(1, 1), stride=(1, 1))
    (fpn_output2): Conv2d(256, 256, kernel_size=(3, 3), stride=(1, 1), padding=(1, 1))
    (fpn_lateral3): Conv2d(512, 256, kernel_size=(1, 1), stride=(1, 1))
    (fpn_output3): Conv2d(256, 256, kernel_size=(3, 3), stride=(1, 1), padding=(1, 1))
    (fpn_lateral4): Conv2d(1024, 256, kernel_size=(1, 1), stride=(1, 1))
    (fpn_output4): Conv2d(256, 256, kernel_size=(3, 3), stride=(1, 1), padding=(1, 1))
    (fpn_lateral5): Conv2d(2048, 256, kernel_size=(1, 1), stride=(1, 1))
    (fpn_output5): Conv2d(256, 256, kernel_size=(3, 3), stride=(1, 1), padding=(1, 1))
    (top_block): LastLevelMaxPool()
    (bottom_up): ResNet(
      (stem): BasicStem(
        (conv1): Conv2d(
          3, 64, kernel_size=(7, 7), stride=(2, 2), padding=(3, 3), bias=False
          (norm): FrozenBatchNorm2d(num_features=64, eps=1e-05)
        )
      )
      (res2): Sequential(
        (0): BottleneckBlock(
          (shortcut): Conv2d(
            64, 256, kernel_size=(1, 1), stride=(1, 1), bias=False
            (norm): FrozenBatchNorm2d(num_features=256, eps=1e-05)
          )
          (conv1): Conv2d(
            64, 64, kernel_size=(1, 1), stride=(1, 1), bias=False
            (norm): FrozenBatchNorm2d(num_features=64, eps=1e-05)
          )
          (conv2): Conv2d(
            64, 64, kernel_size=(3, 3), stride=(1, 1), padding=(1, 1), bias=False
            (norm): FrozenBatchNorm2d(num_features=64, eps=1e-05)
          )
          (conv3): Conv2d(
            64, 256, kernel_size=(1, 1), stride=(1, 1), bias=False
            (norm): FrozenBatchNorm2d(num_features=256, eps=1e-05)
          )
        )
        (1): BottleneckBlock(
          (conv1): Conv2d(
            256, 64, kernel_size=(1, 1), stride=(1, 1), bias=False
            (norm): FrozenBatchNorm2d(num_features=64, eps=1e-05)
          )
          (conv2): Conv2d(
            64, 64, kernel_size=(3, 3), stride=(1, 1), padding=(1, 1), bias=False
            (norm): FrozenBatchNorm2d(num_features=64, eps=1e-05)
          )
          (conv3): Conv2d(
            64, 256, kernel_size=(1, 1), stride=(1, 1), bias=False
            (norm): FrozenBatchNorm2d(num_features=256, eps=1e-05)
          )
        )
        (2): BottleneckBlock(
          (conv1): Conv2d(
            256, 64, kernel_size=(1, 1), stride=(1, 1), bias=False
            (norm): FrozenBatchNorm2d(num_features=64, eps=1e-05)
          )
          (conv2): Conv2d(
            64, 64, kernel_size=(3, 3), stride=(1, 1), padding=(1, 1), bias=False
            (norm): FrozenBatchNorm2d(num_features=64, eps=1e-05)
          )
          (conv3): Conv2d(
            64, 256, kernel_size=(1, 1), stride=(1, 1), bias=False
            (norm): FrozenBatchNorm2d(num_features=256, eps=1e-05)
          )
        )
      )
      (res3): Sequential(
        (0): BottleneckBlock(
          (shortcut): Conv2d(
            256, 512, kernel_size=(1, 1), stride=(2, 2), bias=False
            (norm): FrozenBatchNorm2d(num_features=512, eps=1e-05)
          )
          (conv1): Conv2d(
            256, 128, kernel_size=(1, 1), stride=(2, 2), bias=False
            (norm): FrozenBatchNorm2d(num_features=128, eps=1e-05)
          )
          (conv2): Conv2d(
            128, 128, kernel_size=(3, 3), stride=(1, 1), padding=(1, 1), bias=False
            (norm): FrozenBatchNorm2d(num_features=128, eps=1e-05)
          )
          (conv3): Conv2d(
            128, 512, kernel_size=(1, 1), stride=(1, 1), bias=False
            (norm): FrozenBatchNorm2d(num_features=512, eps=1e-05)
          )
        )
        (1): BottleneckBlock(
          (conv1): Conv2d(
            512, 128, kernel_size=(1, 1), stride=(1, 1), bias=False
            (norm): FrozenBatchNorm2d(num_features=128, eps=1e-05)
          )
          (conv2): Conv2d(
            128, 128, kernel_size=(3, 3), stride=(1, 1), padding=(1, 1), bias=False
            (norm): FrozenBatchNorm2d(num_features=128, eps=1e-05)
          )
          (conv3): Conv2d(
            128, 512, kernel_size=(1, 1), stride=(1, 1), bias=False
            (norm): FrozenBatchNorm2d(num_features=512, eps=1e-05)
          )
        )
        (2): BottleneckBlock(
          (conv1): Conv2d(
            512, 128, kernel_size=(1, 1), stride=(1, 1), bias=False
            (norm): FrozenBatchNorm2d(num_features=128, eps=1e-05)
          )
          (conv2): Conv2d(
            128, 128, kernel_size=(3, 3), stride=(1, 1), padding=(1, 1), bias=False
            (norm): FrozenBatchNorm2d(num_features=128, eps=1e-05)
          )
          (conv3): Conv2d(
            128, 512, kernel_size=(1, 1), stride=(1, 1), bias=False
            (norm): FrozenBatchNorm2d(num_features=512, eps=1e-05)
          )
        )
        (3): BottleneckBlock(
          (conv1): Conv2d(
            512, 128, kernel_size=(1, 1), stride=(1, 1), bias=False
            (norm): FrozenBatchNorm2d(num_features=128, eps=1e-05)
          )
          (conv2): Conv2d(
            128, 128, kernel_size=(3, 3), stride=(1, 1), padding=(1, 1), bias=False
            (norm): FrozenBatchNorm2d(num_features=128, eps=1e-05)
          )
          (conv3): Conv2d(
            128, 512, kernel_size=(1, 1), stride=(1, 1), bias=False
            (norm): FrozenBatchNorm2d(num_features=512, eps=1e-05)
          )
        )
      )
      (res4): Sequential(
        (0): BottleneckBlock(
          (shortcut): Conv2d(
            512, 1024, kernel_size=(1, 1), stride=(2, 2), bias=False
            (norm): FrozenBatchNorm2d(num_features=1024, eps=1e-05)
          )
          (conv1): Conv2d(
            512, 256, kernel_size=(1, 1), stride=(2, 2), bias=False
            (norm): FrozenBatchNorm2d(num_features=256, eps=1e-05)
          )
          (conv2): Conv2d(
            256, 256, kernel_size=(3, 3), stride=(1, 1), padding=(1, 1), bias=False
            (norm): FrozenBatchNorm2d(num_features=256, eps=1e-05)
          )
          (conv3): Conv2d(
            256, 1024, kernel_size=(1, 1), stride=(1, 1), bias=False
            (norm): FrozenBatchNorm2d(num_features=1024, eps=1e-05)
          )
        )
        (1): BottleneckBlock(
          (conv1): Conv2d(
            1024, 256, kernel_size=(1, 1), stride=(1, 1), bias=False
            (norm): FrozenBatchNorm2d(num_features=256, eps=1e-05)
          )
          (conv2): Conv2d(
            256, 256, kernel_size=(3, 3), stride=(1, 1), padding=(1, 1), bias=False
            (norm): FrozenBatchNorm2d(num_features=256, eps=1e-05)
          )
          (conv3): Conv2d(
            256, 1024, kernel_size=(1, 1), stride=(1, 1), bias=False
            (norm): FrozenBatchNorm2d(num_features=1024, eps=1e-05)
          )
        )
        (2): BottleneckBlock(
          (conv1): Conv2d(
            1024, 256, kernel_size=(1, 1), stride=(1, 1), bias=False
            (norm): FrozenBatchNorm2d(num_features=256, eps=1e-05)
          )
          (conv2): Conv2d(
            256, 256, kernel_size=(3, 3), stride=(1, 1), padding=(1, 1), bias=False
            (norm): FrozenBatchNorm2d(num_features=256, eps=1e-05)
          )
          (conv3): Conv2d(
            256, 1024, kernel_size=(1, 1), stride=(1, 1), bias=False
            (norm): FrozenBatchNorm2d(num_features=1024, eps=1e-05)
          )
        )
        (3): BottleneckBlock(
          (conv1): Conv2d(
            1024, 256, kernel_size=(1, 1), stride=(1, 1), bias=False
            (norm): FrozenBatchNorm2d(num_features=256, eps=1e-05)
          )
          (conv2): Conv2d(
            256, 256, kernel_size=(3, 3), stride=(1, 1), padding=(1, 1), bias=False
            (norm): FrozenBatchNorm2d(num_features=256, eps=1e-05)
          )
          (conv3): Conv2d(
            256, 1024, kernel_size=(1, 1), stride=(1, 1), bias=False
            (norm): FrozenBatchNorm2d(num_features=1024, eps=1e-05)
          )
        )
        (4): BottleneckBlock(
          (conv1): Conv2d(
            1024, 256, kernel_size=(1, 1), stride=(1, 1), bias=False
            (norm): FrozenBatchNorm2d(num_features=256, eps=1e-05)
          )
          (conv2): Conv2d(
            256, 256, kernel_size=(3, 3), stride=(1, 1), padding=(1, 1), bias=False
            (norm): FrozenBatchNorm2d(num_features=256, eps=1e-05)
          )
          (conv3): Conv2d(
            256, 1024, kernel_size=(1, 1), stride=(1, 1), bias=False
            (norm): FrozenBatchNorm2d(num_features=1024, eps=1e-05)
          )
        )
        (5): BottleneckBlock(
          (conv1): Conv2d(
            1024, 256, kernel_size=(1, 1), stride=(1, 1), bias=False
            (norm): FrozenBatchNorm2d(num_features=256, eps=1e-05)
          )
          (conv2): Conv2d(
            256, 256, kernel_size=(3, 3), stride=(1, 1), padding=(1, 1), bias=False
            (norm): FrozenBatchNorm2d(num_features=256, eps=1e-05)
          )
          (conv3): Conv2d(
            256, 1024, kernel_size=(1, 1), stride=(1, 1), bias=False
            (norm): FrozenBatchNorm2d(num_features=1024, eps=1e-05)
          )
        )
        (6): BottleneckBlock(
          (conv1): Conv2d(
            1024, 256, kernel_size=(1, 1), stride=(1, 1), bias=False
            (norm): FrozenBatchNorm2d(num_features=256, eps=1e-05)
          )
          (conv2): Conv2d(
            256, 256, kernel_size=(3, 3), stride=(1, 1), padding=(1, 1), bias=False
            (norm): FrozenBatchNorm2d(num_features=256, eps=1e-05)
          )
          (conv3): Conv2d(
            256, 1024, kernel_size=(1, 1), stride=(1, 1), bias=False
            (norm): FrozenBatchNorm2d(num_features=1024, eps=1e-05)
          )
        )
        (7): BottleneckBlock(
          (conv1): Conv2d(
            1024, 256, kernel_size=(1, 1), stride=(1, 1), bias=False
            (norm): FrozenBatchNorm2d(num_features=256, eps=1e-05)
          )
          (conv2): Conv2d(
            256, 256, kernel_size=(3, 3), stride=(1, 1), padding=(1, 1), bias=False
            (norm): FrozenBatchNorm2d(num_features=256, eps=1e-05)
          )
          (conv3): Conv2d(
            256, 1024, kernel_size=(1, 1), stride=(1, 1), bias=False
            (norm): FrozenBatchNorm2d(num_features=1024, eps=1e-05)
          )
        )
        (8): BottleneckBlock(
          (conv1): Conv2d(
            1024, 256, kernel_size=(1, 1), stride=(1, 1), bias=False
            (norm): FrozenBatchNorm2d(num_features=256, eps=1e-05)
          )
          (conv2): Conv2d(
            256, 256, kernel_size=(3, 3), stride=(1, 1), padding=(1, 1), bias=False
            (norm): FrozenBatchNorm2d(num_features=256, eps=1e-05)
          )
          (conv3): Conv2d(
            256, 1024, kernel_size=(1, 1), stride=(1, 1), bias=False
            (norm): FrozenBatchNorm2d(num_features=1024, eps=1e-05)
          )
        )
        (9): BottleneckBlock(
          (conv1): Conv2d(
            1024, 256, kernel_size=(1, 1), stride=(1, 1), bias=False
            (norm): FrozenBatchNorm2d(num_features=256, eps=1e-05)
          )
          (conv2): Conv2d(
            256, 256, kernel_size=(3, 3), stride=(1, 1), padding=(1, 1), bias=False
            (norm): FrozenBatchNorm2d(num_features=256, eps=1e-05)
          )
          (conv3): Conv2d(
            256, 1024, kernel_size=(1, 1), stride=(1, 1), bias=False
            (norm): FrozenBatchNorm2d(num_features=1024, eps=1e-05)
          )
        )
        (10): BottleneckBlock(
          (conv1): Conv2d(
            1024, 256, kernel_size=(1, 1), stride=(1, 1), bias=False
            (norm): FrozenBatchNorm2d(num_features=256, eps=1e-05)
          )
          (conv2): Conv2d(
            256, 256, kernel_size=(3, 3), stride=(1, 1), padding=(1, 1), bias=False
            (norm): FrozenBatchNorm2d(num_features=256, eps=1e-05)
          )
          (conv3): Conv2d(
            256, 1024, kernel_size=(1, 1), stride=(1, 1), bias=False
            (norm): FrozenBatchNorm2d(num_features=1024, eps=1e-05)
          )
        )
        (11): BottleneckBlock(
          (conv1): Conv2d(
            1024, 256, kernel_size=(1, 1), stride=(1, 1), bias=False
            (norm): FrozenBatchNorm2d(num_features=256, eps=1e-05)
          )
          (conv2): Conv2d(
            256, 256, kernel_size=(3, 3), stride=(1, 1), padding=(1, 1), bias=False
            (norm): FrozenBatchNorm2d(num_features=256, eps=1e-05)
          )
          (conv3): Conv2d(
            256, 1024, kernel_size=(1, 1), stride=(1, 1), bias=False
            (norm): FrozenBatchNorm2d(num_features=1024, eps=1e-05)
          )
        )
        (12): BottleneckBlock(
          (conv1): Conv2d(
            1024, 256, kernel_size=(1, 1), stride=(1, 1), bias=False
            (norm): FrozenBatchNorm2d(num_features=256, eps=1e-05)
          )
          (conv2): Conv2d(
            256, 256, kernel_size=(3, 3), stride=(1, 1), padding=(1, 1), bias=False
            (norm): FrozenBatchNorm2d(num_features=256, eps=1e-05)
          )
          (conv3): Conv2d(
            256, 1024, kernel_size=(1, 1), stride=(1, 1), bias=False
            (norm): FrozenBatchNorm2d(num_features=1024, eps=1e-05)
          )
        )
        (13): BottleneckBlock(
          (conv1): Conv2d(
            1024, 256, kernel_size=(1, 1), stride=(1, 1), bias=False
            (norm): FrozenBatchNorm2d(num_features=256, eps=1e-05)
          )
          (conv2): Conv2d(
            256, 256, kernel_size=(3, 3), stride=(1, 1), padding=(1, 1), bias=False
            (norm): FrozenBatchNorm2d(num_features=256, eps=1e-05)
          )
          (conv3): Conv2d(
            256, 1024, kernel_size=(1, 1), stride=(1, 1), bias=False
            (norm): FrozenBatchNorm2d(num_features=1024, eps=1e-05)
          )
        )
        (14): BottleneckBlock(
          (conv1): Conv2d(
            1024, 256, kernel_size=(1, 1), stride=(1, 1), bias=False
            (norm): FrozenBatchNorm2d(num_features=256, eps=1e-05)
          )
          (conv2): Conv2d(
            256, 256, kernel_size=(3, 3), stride=(1, 1), padding=(1, 1), bias=False
            (norm): FrozenBatchNorm2d(num_features=256, eps=1e-05)
          )
          (conv3): Conv2d(
            256, 1024, kernel_size=(1, 1), stride=(1, 1), bias=False
            (norm): FrozenBatchNorm2d(num_features=1024, eps=1e-05)
          )
        )
        (15): BottleneckBlock(
          (conv1): Conv2d(
            1024, 256, kernel_size=(1, 1), stride=(1, 1), bias=False
            (norm): FrozenBatchNorm2d(num_features=256, eps=1e-05)
          )
          (conv2): Conv2d(
            256, 256, kernel_size=(3, 3), stride=(1, 1), padding=(1, 1), bias=False
            (norm): FrozenBatchNorm2d(num_features=256, eps=1e-05)
          )
          (conv3): Conv2d(
            256, 1024, kernel_size=(1, 1), stride=(1, 1), bias=False
            (norm): FrozenBatchNorm2d(num_features=1024, eps=1e-05)
          )
        )
        (16): BottleneckBlock(
          (conv1): Conv2d(
            1024, 256, kernel_size=(1, 1), stride=(1, 1), bias=False
            (norm): FrozenBatchNorm2d(num_features=256, eps=1e-05)
          )
          (conv2): Conv2d(
            256, 256, kernel_size=(3, 3), stride=(1, 1), padding=(1, 1), bias=False
            (norm): FrozenBatchNorm2d(num_features=256, eps=1e-05)
          )
          (conv3): Conv2d(
            256, 1024, kernel_size=(1, 1), stride=(1, 1), bias=False
            (norm): FrozenBatchNorm2d(num_features=1024, eps=1e-05)
          )
        )
        (17): BottleneckBlock(
          (conv1): Conv2d(
            1024, 256, kernel_size=(1, 1), stride=(1, 1), bias=False
            (norm): FrozenBatchNorm2d(num_features=256, eps=1e-05)
          )
          (conv2): Conv2d(
            256, 256, kernel_size=(3, 3), stride=(1, 1), padding=(1, 1), bias=False
            (norm): FrozenBatchNorm2d(num_features=256, eps=1e-05)
          )
          (conv3): Conv2d(
            256, 1024, kernel_size=(1, 1), stride=(1, 1), bias=False
            (norm): FrozenBatchNorm2d(num_features=1024, eps=1e-05)
          )
        )
        (18): BottleneckBlock(
          (conv1): Conv2d(
            1024, 256, kernel_size=(1, 1), stride=(1, 1), bias=False
            (norm): FrozenBatchNorm2d(num_features=256, eps=1e-05)
          )
          (conv2): Conv2d(
            256, 256, kernel_size=(3, 3), stride=(1, 1), padding=(1, 1), bias=False
            (norm): FrozenBatchNorm2d(num_features=256, eps=1e-05)
          )
          (conv3): Conv2d(
            256, 1024, kernel_size=(1, 1), stride=(1, 1), bias=False
            (norm): FrozenBatchNorm2d(num_features=1024, eps=1e-05)
          )
        )
        (19): BottleneckBlock(
          (conv1): Conv2d(
            1024, 256, kernel_size=(1, 1), stride=(1, 1), bias=False
            (norm): FrozenBatchNorm2d(num_features=256, eps=1e-05)
          )
          (conv2): Conv2d(
            256, 256, kernel_size=(3, 3), stride=(1, 1), padding=(1, 1), bias=False
            (norm): FrozenBatchNorm2d(num_features=256, eps=1e-05)
          )
          (conv3): Conv2d(
            256, 1024, kernel_size=(1, 1), stride=(1, 1), bias=False
            (norm): FrozenBatchNorm2d(num_features=1024, eps=1e-05)
          )
        )
        (20): BottleneckBlock(
          (conv1): Conv2d(
            1024, 256, kernel_size=(1, 1), stride=(1, 1), bias=False
            (norm): FrozenBatchNorm2d(num_features=256, eps=1e-05)
          )
          (conv2): Conv2d(
            256, 256, kernel_size=(3, 3), stride=(1, 1), padding=(1, 1), bias=False
            (norm): FrozenBatchNorm2d(num_features=256, eps=1e-05)
          )
          (conv3): Conv2d(
            256, 1024, kernel_size=(1, 1), stride=(1, 1), bias=False
            (norm): FrozenBatchNorm2d(num_features=1024, eps=1e-05)
          )
        )
        (21): BottleneckBlock(
          (conv1): Conv2d(
            1024, 256, kernel_size=(1, 1), stride=(1, 1), bias=False
            (norm): FrozenBatchNorm2d(num_features=256, eps=1e-05)
          )
          (conv2): Conv2d(
            256, 256, kernel_size=(3, 3), stride=(1, 1), padding=(1, 1), bias=False
            (norm): FrozenBatchNorm2d(num_features=256, eps=1e-05)
          )
          (conv3): Conv2d(
            256, 1024, kernel_size=(1, 1), stride=(1, 1), bias=False
            (norm): FrozenBatchNorm2d(num_features=1024, eps=1e-05)
          )
        )
        (22): BottleneckBlock(
          (conv1): Conv2d(
            1024, 256, kernel_size=(1, 1), stride=(1, 1), bias=False
            (norm): FrozenBatchNorm2d(num_features=256, eps=1e-05)
          )
          (conv2): Conv2d(
            256, 256, kernel_size=(3, 3), stride=(1, 1), padding=(1, 1), bias=False
            (norm): FrozenBatchNorm2d(num_features=256, eps=1e-05)
          )
          (conv3): Conv2d(
            256, 1024, kernel_size=(1, 1), stride=(1, 1), bias=False
            (norm): FrozenBatchNorm2d(num_features=1024, eps=1e-05)
          )
        )
      )
      (res5): Sequential(
        (0): BottleneckBlock(
          (shortcut): Conv2d(
            1024, 2048, kernel_size=(1, 1), stride=(2, 2), bias=False
            (norm): FrozenBatchNorm2d(num_features=2048, eps=1e-05)
          )
          (conv1): Conv2d(
            1024, 512, kernel_size=(1, 1), stride=(2, 2), bias=False
            (norm): FrozenBatchNorm2d(num_features=512, eps=1e-05)
          )
          (conv2): Conv2d(
            512, 512, kernel_size=(3, 3), stride=(1, 1), padding=(1, 1), bias=False
            (norm): FrozenBatchNorm2d(num_features=512, eps=1e-05)
          )
          (conv3): Conv2d(
            512, 2048, kernel_size=(1, 1), stride=(1, 1), bias=False
            (norm): FrozenBatchNorm2d(num_features=2048, eps=1e-05)
          )
        )
        (1): BottleneckBlock(
          (conv1): Conv2d(
            2048, 512, kernel_size=(1, 1), stride=(1, 1), bias=False
            (norm): FrozenBatchNorm2d(num_features=512, eps=1e-05)
          )
          (conv2): Conv2d(
            512, 512, kernel_size=(3, 3), stride=(1, 1), padding=(1, 1), bias=False
            (norm): FrozenBatchNorm2d(num_features=512, eps=1e-05)
          )
          (conv3): Conv2d(
            512, 2048, kernel_size=(1, 1), stride=(1, 1), bias=False
            (norm): FrozenBatchNorm2d(num_features=2048, eps=1e-05)
          )
        )
        (2): BottleneckBlock(
          (conv1): Conv2d(
            2048, 512, kernel_size=(1, 1), stride=(1, 1), bias=False
            (norm): FrozenBatchNorm2d(num_features=512, eps=1e-05)
          )
          (conv2): Conv2d(
            512, 512, kernel_size=(3, 3), stride=(1, 1), padding=(1, 1), bias=False
            (norm): FrozenBatchNorm2d(num_features=512, eps=1e-05)
          )
          (conv3): Conv2d(
            512, 2048, kernel_size=(1, 1), stride=(1, 1), bias=False
            (norm): FrozenBatchNorm2d(num_features=2048, eps=1e-05)
          )
        )
      )
    )
  )
  (proposal_generator): RPN(
    (rpn_head): StandardRPNHead(
      (conv): Conv2d(
        256, 256, kernel_size=(3, 3), stride=(1, 1), padding=(1, 1)
        (activation): ReLU()
      )
      (objectness_logits): Conv2d(256, 3, kernel_size=(1, 1), stride=(1, 1))
      (anchor_deltas): Conv2d(256, 12, kernel_size=(1, 1), stride=(1, 1))
    )
    (anchor_generator): DefaultAnchorGenerator(
      (cell_anchors): BufferList()
    )
  )
  (roi_heads): StandardROIHeads(
    (box_pooler): ROIPooler(
      (level_poolers): ModuleList(
        (0): ROIAlign(output_size=(7, 7), spatial_scale=0.25, sampling_ratio=0, aligned=True)
        (1): ROIAlign(output_size=(7, 7), spatial_scale=0.125, sampling_ratio=0, aligned=True)
        (2): ROIAlign(output_size=(7, 7), spatial_scale=0.0625, sampling_ratio=0, aligned=True)
        (3): ROIAlign(output_size=(7, 7), spatial_scale=0.03125, sampling_ratio=0, aligned=True)
      )
    )
    (box_head): FastRCNNConvFCHead(
      (flatten): Flatten(start_dim=1, end_dim=-1)
      (fc1): Linear(in_features=12544, out_features=1024, bias=True)
      (fc_relu1): ReLU()
      (fc2): Linear(in_features=1024, out_features=1024, bias=True)
      (fc_relu2): ReLU()
    )
    (box_predictor): FastRCNNOutputLayers(
      (cls_score): Linear(in_features=1024, out_features=2, bias=True)
      (bbox_pred): Linear(in_features=1024, out_features=4, bias=True)
    )
    (mask_pooler): ROIPooler(
      (level_poolers): ModuleList(
        (0): ROIAlign(output_size=(14, 14), spatial_scale=0.25, sampling_ratio=0, aligned=True)
        (1): ROIAlign(output_size=(14, 14), spatial_scale=0.125, sampling_ratio=0, aligned=True)
        (2): ROIAlign(output_size=(14, 14), spatial_scale=0.0625, sampling_ratio=0, aligned=True)
        (3): ROIAlign(output_size=(14, 14), spatial_scale=0.03125, sampling_ratio=0, aligned=True)
      )
    )
    (mask_head): MaskRCNNConvUpsampleHead(
      (mask_fcn1): Conv2d(
        256, 256, kernel_size=(3, 3), stride=(1, 1), padding=(1, 1)
        (activation): ReLU()
      )
      (mask_fcn2): Conv2d(
        256, 256, kernel_size=(3, 3), stride=(1, 1), padding=(1, 1)
        (activation): ReLU()
      )
      (mask_fcn3): Conv2d(
        256, 256, kernel_size=(3, 3), stride=(1, 1), padding=(1, 1)
        (activation): ReLU()
      )
      (mask_fcn4): Conv2d(
        256, 256, kernel_size=(3, 3), stride=(1, 1), padding=(1, 1)
        (activation): ReLU()
      )
      (deconv): ConvTranspose2d(256, 256, kernel_size=(2, 2), stride=(2, 2))
      (deconv_relu): ReLU()
      (predictor): Conv2d(256, 1, kernel_size=(1, 1), stride=(1, 1))
    )
  )
)
[09/02 11:52:17 d2.data.dataset_mapper]: [DatasetMapper] Augmentations used in training: [RandomRotation(angle=[0, 360], expand=False), RandomFlip(prob=0.5), RandomBrightness(intensity_min=0.7, intensity_max=1.5), RandomLighting(scale=0.7), RandomContrast(intensity_min=0.6, intensity_max=1.3), RandomSaturation(intensity_min=0.8, intensity_max=1.4), ResizeShortestEdge(short_edge_length=[1000, 1000], max_size=1333)]
[09/02 11:52:19 d2.data.datasets.coco]: Loading /vol/data/train/coco.json takes 1.32 seconds.
[09/02 11:52:19 d2.data.datasets.coco]: Loaded 6692 images in COCO format from /vol/data/train/coco.json
[09/02 11:52:19 d2.data.build]: Distribution of instances among all 1 categories:
|  category  | #instances   |
|:----------:|:-------------|
|    tree    | 127692       |
|            |              |
[09/02 11:52:19 d2.data.build]: Using training sampler TrainingSampler
[09/02 11:52:19 d2.data.common]: Serializing the dataset using: <class 'detectron2.data.common._TorchSerializedList'>
[09/02 11:52:19 d2.data.common]: Serializing 6692 elements to byte tensors and concatenating them all ...
[09/02 11:52:19 d2.data.common]: Serialized dataset takes 47.79 MiB
[09/02 11:52:19 d2.data.build]: Making batched data loader with batch_size=4
WARNING [09/02 11:52:20 d2.solver.build]: SOLVER.STEPS contains values larger than SOLVER.MAX_ITER. These values will be ignored.
[09/02 11:52:20 d2.checkpoint.detection_checkpoint]: [DetectionCheckpointer] Loading from /vol/weights/250312_flexi.pth ...
/opt/conda/lib/python3.10/site-packages/detectron2/data/detection_utils.py:449: UserWarning: The given NumPy array is not writable, and PyTorch does not support non-writable tensors. This means writing to this tensor will result in undefined behavior. You may want to copy the array to protect its data or make it writable before converting it to a tensor. This type of warning will be suppressed for the rest of this program. (Triggered internally at /opt/conda/conda-bld/pytorch_1695392067780/work/torch/csrc/utils/tensor_numpy.cpp:206.)
  torch.stack([torch.from_numpy(np.ascontiguousarray(x)) for x in masks])
/opt/conda/lib/python3.10/site-packages/detectron2/data/detection_utils.py:449: UserWarning: The given NumPy array is not writable, and PyTorch does not support non-writable tensors. This means writing to this tensor will result in undefined behavior. You may want to copy the array to protect its data or make it writable before converting it to a tensor. This type of warning will be suppressed for the rest of this program. (Triggered internally at /opt/conda/conda-bld/pytorch_1695392067780/work/torch/csrc/utils/tensor_numpy.cpp:206.)
  torch.stack([torch.from_numpy(np.ascontiguousarray(x)) for x in masks])
/opt/conda/lib/python3.10/site-packages/detectron2/data/detection_utils.py:449: UserWarning: The given NumPy array is not writable, and PyTorch does not support non-writable tensors. This means writing to this tensor will result in undefined behavior. You may want to copy the array to protect its data or make it writable before converting it to a tensor. This type of warning will be suppressed for the rest of this program. (Triggered internally at /opt/conda/conda-bld/pytorch_1695392067780/work/torch/csrc/utils/tensor_numpy.cpp:206.)
  torch.stack([torch.from_numpy(np.ascontiguousarray(x)) for x in masks])
/opt/conda/lib/python3.10/site-packages/detectron2/data/detection_utils.py:449: UserWarning: The given NumPy array is not writable, and PyTorch does not support non-writable tensors. This means writing to this tensor will result in undefined behavior. You may want to copy the array to protect its data or make it writable before converting it to a tensor. This type of warning will be suppressed for the rest of this program. (Triggered internally at /opt/conda/conda-bld/pytorch_1695392067780/work/torch/csrc/utils/tensor_numpy.cpp:206.)
  torch.stack([torch.from_numpy(np.ascontiguousarray(x)) for x in masks])
/opt/conda/lib/python3.10/site-packages/detectron2/data/detection_utils.py:449: UserWarning: The given NumPy array is not writable, and PyTorch does not support non-writable tensors. This means writing to this tensor will result in undefined behavior. You may want to copy the array to protect its data or make it writable before converting it to a tensor. This type of warning will be suppressed for the rest of this program. (Triggered internally at /opt/conda/conda-bld/pytorch_1695392067780/work/torch/csrc/utils/tensor_numpy.cpp:206.)
  torch.stack([torch.from_numpy(np.ascontiguousarray(x)) for x in masks])
/opt/conda/lib/python3.10/site-packages/detectron2/data/detection_utils.py:449: UserWarning: The given NumPy array is not writable, and PyTorch does not support non-writable tensors. This means writing to this tensor will result in undefined behavior. You may want to copy the array to protect its data or make it writable before converting it to a tensor. This type of warning will be suppressed for the rest of this program. (Triggered internally at /opt/conda/conda-bld/pytorch_1695392067780/work/torch/csrc/utils/tensor_numpy.cpp:206.)
  torch.stack([torch.from_numpy(np.ascontiguousarray(x)) for x in masks])
/opt/conda/lib/python3.10/site-packages/detectron2/data/detection_utils.py:449: UserWarning: The given NumPy array is not writable, and PyTorch does not support non-writable tensors. This means writing to this tensor will result in undefined behavior. You may want to copy the array to protect its data or make it writable before converting it to a tensor. This type of warning will be suppressed for the rest of this program. (Triggered internally at /opt/conda/conda-bld/pytorch_1695392067780/work/torch/csrc/utils/tensor_numpy.cpp:206.)
  torch.stack([torch.from_numpy(np.ascontiguousarray(x)) for x in masks])
/opt/conda/lib/python3.10/site-packages/detectron2/data/detection_utils.py:449: UserWarning: The given NumPy array is not writable, and PyTorch does not support non-writable tensors. This means writing to this tensor will result in undefined behavior. You may want to copy the array to protect its data or make it writable before converting it to a tensor. This type of warning will be suppressed for the rest of this program. (Triggered internally at /opt/conda/conda-bld/pytorch_1695392067780/work/torch/csrc/utils/tensor_numpy.cpp:206.)
  torch.stack([torch.from_numpy(np.ascontiguousarray(x)) for x in masks])
/opt/conda/lib/python3.10/site-packages/torch/functional.py:504: UserWarning: torch.meshgrid: in an upcoming release, it will be required to pass the indexing argument. (Triggered internally at /opt/conda/conda-bld/pytorch_1695392067780/work/aten/src/ATen/native/TensorShape.cpp:3526.)
  return _VF.meshgrid(tensors, **kwargs)  # type: ignore[attr-defined]
[09/02 11:52:34 d2.utils.events]:  eta: 1:45:25  iter: 19  total_loss: 0.9328  loss_cls: 0.2045  loss_box_reg: 0.1657  loss_mask: 0.2958  loss_rpn_cls: 0.1364  loss_rpn_loc: 0.04306    time: 0.4432  last_time: 0.3005  data_time: 0.1341  last_data_time: 0.0296   lr: 5.3944e-05  max_mem: 8380M
[09/02 11:52:44 d2.utils.events]:  eta: 1:52:02  iter: 39  total_loss: 0.9388  loss_cls: 0.2361  loss_box_reg: 0.1988  loss_mask: 0.3108  loss_rpn_cls: 0.1572  loss_rpn_loc: 0.04743    time: 0.4662  last_time: 0.3137  data_time: 0.0739  last_data_time: 0.0151   lr: 0.00011037  max_mem: 8428M
[09/02 11:52:53 d2.utils.events]:  eta: 1:54:25  iter: 59  total_loss: 0.9175  loss_cls: 0.1991  loss_box_reg: 0.2178  loss_mask: 0.3093  loss_rpn_cls: 0.1438  loss_rpn_loc: 0.05088    time: 0.4657  last_time: 0.4752  data_time: 0.0755  last_data_time: 0.0916   lr: 0.0001668  max_mem: 8428M
[09/02 11:53:03 d2.utils.events]:  eta: 1:56:49  iter: 79  total_loss: 0.9469  loss_cls: 0.2365  loss_box_reg: 0.2422  loss_mask: 0.2883  loss_rpn_cls: 0.1353  loss_rpn_loc: 0.04787    time: 0.4726  last_time: 0.2697  data_time: 0.0878  last_data_time: 0.0129   lr: 0.00022322  max_mem: 8428M
[09/02 11:53:12 d2.utils.events]:  eta: 1:55:06  iter: 99  total_loss: 0.8819  loss_cls: 0.187  loss_box_reg: 0.223  loss_mask: 0.3063  loss_rpn_cls: 0.1066  loss_rpn_loc: 0.04865    time: 0.4664  last_time: 0.3657  data_time: 0.0675  last_data_time: 0.0112   lr: 0.00027965  max_mem: 8428M
[09/02 11:53:22 d2.utils.events]:  eta: 1:57:22  iter: 119  total_loss: 0.9941  loss_cls: 0.2276  loss_box_reg: 0.2323  loss_mask: 0.3072  loss_rpn_cls: 0.1176  loss_rpn_loc: 0.06602    time: 0.4761  last_time: 0.4476  data_time: 0.0793  last_data_time: 0.0297   lr: 0.00033608  max_mem: 8436M
[09/02 11:53:31 d2.utils.events]:  eta: 1:57:52  iter: 139  total_loss: 0.971  loss_cls: 0.2271  loss_box_reg: 0.2592  loss_mask: 0.3035  loss_rpn_cls: 0.1003  loss_rpn_loc: 0.05138    time: 0.4710  last_time: 0.4416  data_time: 0.0602  last_data_time: 0.0818   lr: 0.0003389  max_mem: 8436M
[09/02 11:53:41 d2.utils.events]:  eta: 1:57:43  iter: 159  total_loss: 0.9413  loss_cls: 0.2373  loss_box_reg: 0.2541  loss_mask: 0.334  loss_rpn_cls: 0.1009  loss_rpn_loc: 0.04344    time: 0.4698  last_time: 0.3372  data_time: 0.0600  last_data_time: 0.0241   lr: 0.0003389  max_mem: 8436M
[09/02 11:53:50 d2.utils.events]:  eta: 1:56:25  iter: 179  total_loss: 0.7818  loss_cls: 0.1832  loss_box_reg: 0.248  loss_mask: 0.3042  loss_rpn_cls: 0.07848  loss_rpn_loc: 0.02647    time: 0.4718  last_time: 0.4553  data_time: 0.1528  last_data_time: 0.0472   lr: 0.0003389  max_mem: 8436M
[09/02 11:53:59 d2.utils.events]:  eta: 1:56:16  iter: 199  total_loss: 0.8434  loss_cls: 0.1961  loss_box_reg: 0.2317  loss_mask: 0.2861  loss_rpn_cls: 0.07923  loss_rpn_loc: 0.03158    time: 0.4696  last_time: 0.5099  data_time: 0.0758  last_data_time: 0.1170   lr: 0.0003389  max_mem: 8436M
[09/02 11:54:09 d2.utils.events]:  eta: 1:55:06  iter: 219  total_loss: 0.8624  loss_cls: 0.2118  loss_box_reg: 0.2767  loss_mask: 0.2892  loss_rpn_cls: 0.06128  loss_rpn_loc: 0.02785    time: 0.4713  last_time: 0.5389  data_time: 0.0782  last_data_time: 0.0175   lr: 0.0003389  max_mem: 8441M
[09/02 11:54:19 d2.utils.events]:  eta: 1:55:29  iter: 239  total_loss: 0.9246  loss_cls: 0.2273  loss_box_reg: 0.2376  loss_mask: 0.3171  loss_rpn_cls: 0.09125  loss_rpn_loc: 0.04302    time: 0.4714  last_time: 0.5171  data_time: 0.0677  last_data_time: 0.0296   lr: 0.0003389  max_mem: 8441M
[09/02 11:54:28 d2.utils.events]:  eta: 1:55:21  iter: 259  total_loss: 1.016  loss_cls: 0.2431  loss_box_reg: 0.2941  loss_mask: 0.3137  loss_rpn_cls: 0.09112  loss_rpn_loc: 0.03868    time: 0.4718  last_time: 0.4719  data_time: 0.0593  last_data_time: 0.0454   lr: 0.0003389  max_mem: 8446M
[09/02 11:54:38 d2.utils.events]:  eta: 1:55:12  iter: 279  total_loss: 0.9227  loss_cls: 0.2287  loss_box_reg: 0.2709  loss_mask: 0.2913  loss_rpn_cls: 0.07753  loss_rpn_loc: 0.04068    time: 0.4723  last_time: 0.5536  data_time: 0.0719  last_data_time: 0.0153   lr: 0.0003389  max_mem: 8446M
[09/02 11:54:48 d2.utils.events]:  eta: 1:54:31  iter: 299  total_loss: 0.9561  loss_cls: 0.2288  loss_box_reg: 0.2818  loss_mask: 0.3015  loss_rpn_cls: 0.09297  loss_rpn_loc: 0.03235    time: 0.4736  last_time: 0.3075  data_time: 0.0838  last_data_time: 0.0232   lr: 0.0003389  max_mem: 8446M
[09/02 11:54:55 d2.utils.events]:  eta: 1:54:00  iter: 319  total_loss: 0.7661  loss_cls: 0.1682  loss_box_reg: 0.2098  loss_mask: 0.3  loss_rpn_cls: 0.05115  loss_rpn_loc: 0.01717    time: 0.4681  last_time: 0.4872  data_time: 0.0569  last_data_time: 0.0789   lr: 0.0003389  max_mem: 8446M
[09/02 11:55:05 d2.utils.events]:  eta: 1:53:33  iter: 339  total_loss: 0.957  loss_cls: 0.2163  loss_box_reg: 0.2622  loss_mask: 0.295  loss_rpn_cls: 0.07722  loss_rpn_loc: 0.04836    time: 0.4680  last_time: 0.8744  data_time: 0.0605  last_data_time: 0.2079   lr: 0.0003389  max_mem: 8446M
[09/02 11:55:14 d2.utils.events]:  eta: 1:54:05  iter: 359  total_loss: 1.017  loss_cls: 0.2422  loss_box_reg: 0.2955  loss_mask: 0.2981  loss_rpn_cls: 0.0802  loss_rpn_loc: 0.03371    time: 0.4678  last_time: 0.4741  data_time: 0.0645  last_data_time: 0.1067   lr: 0.0003389  max_mem: 8446M
[09/02 11:55:23 d2.utils.events]:  eta: 1:54:03  iter: 379  total_loss: 0.9038  loss_cls: 0.2233  loss_box_reg: 0.2648  loss_mask: 0.2973  loss_rpn_cls: 0.07786  loss_rpn_loc: 0.03737    time: 0.4678  last_time: 0.4180  data_time: 0.0629  last_data_time: 0.0625   lr: 0.0003389  max_mem: 8446M
[09/02 11:55:33 d2.utils.events]:  eta: 1:54:03  iter: 399  total_loss: 0.846  loss_cls: 0.2102  loss_box_reg: 0.2512  loss_mask: 0.2841  loss_rpn_cls: 0.07138  loss_rpn_loc: 0.02894    time: 0.4685  last_time: 0.7913  data_time: 0.0809  last_data_time: 0.0348   lr: 0.0003389  max_mem: 8450M
[09/02 11:55:42 d2.utils.events]:  eta: 1:53:54  iter: 419  total_loss: 0.9129  loss_cls: 0.2428  loss_box_reg: 0.2863  loss_mask: 0.2871  loss_rpn_cls: 0.07344  loss_rpn_loc: 0.03255    time: 0.4679  last_time: 0.6711  data_time: 0.0690  last_data_time: 0.1586   lr: 0.0003389  max_mem: 8525M
[09/02 11:55:51 d2.utils.events]:  eta: 1:53:34  iter: 439  total_loss: 0.9829  loss_cls: 0.2244  loss_box_reg: 0.279  loss_mask: 0.3081  loss_rpn_cls: 0.07966  loss_rpn_loc: 0.03248    time: 0.4673  last_time: 0.3028  data_time: 0.0733  last_data_time: 0.0196   lr: 0.0003389  max_mem: 8525M
[09/02 11:56:01 d2.utils.events]:  eta: 1:53:21  iter: 459  total_loss: 0.9041  loss_cls: 0.2248  loss_box_reg: 0.2502  loss_mask: 0.2893  loss_rpn_cls: 0.06423  loss_rpn_loc: 0.04323    time: 0.4673  last_time: 0.4689  data_time: 0.0665  last_data_time: 0.0370   lr: 0.0003389  max_mem: 8525M
[09/02 11:56:11 d2.utils.events]:  eta: 1:53:08  iter: 479  total_loss: 0.9093  loss_cls: 0.2023  loss_box_reg: 0.2327  loss_mask: 0.3033  loss_rpn_cls: 0.0676  loss_rpn_loc: 0.04654    time: 0.4689  last_time: 0.5679  data_time: 0.1133  last_data_time: 0.2122   lr: 0.0003389  max_mem: 8525M
[09/02 11:56:22 d2.utils.events]:  eta: 1:53:29  iter: 499  total_loss: 1.123  loss_cls: 0.2942  loss_box_reg: 0.2941  loss_mask: 0.302  loss_rpn_cls: 0.1004  loss_rpn_loc: 0.07821    time: 0.4720  last_time: 0.7868  data_time: 0.1081  last_data_time: 0.1529   lr: 0.0003389  max_mem: 8525M
[09/02 11:56:32 d2.utils.events]:  eta: 1:53:39  iter: 519  total_loss: 0.9808  loss_cls: 0.2343  loss_box_reg: 0.2913  loss_mask: 0.3017  loss_rpn_cls: 0.1023  loss_rpn_loc: 0.05408    time: 0.4730  last_time: 0.6141  data_time: 0.0815  last_data_time: 0.1562   lr: 0.0003389  max_mem: 8525M
[09/02 11:56:42 d2.utils.events]:  eta: 1:53:46  iter: 539  total_loss: 0.9511  loss_cls: 0.2395  loss_box_reg: 0.2912  loss_mask: 0.2925  loss_rpn_cls: 0.08585  loss_rpn_loc: 0.03724    time: 0.4747  last_time: 0.3935  data_time: 0.0759  last_data_time: 0.0760   lr: 0.0003389  max_mem: 8544M
[09/02 11:56:52 d2.utils.events]:  eta: 1:53:45  iter: 559  total_loss: 1.016  loss_cls: 0.2479  loss_box_reg: 0.3413  loss_mask: 0.3088  loss_rpn_cls: 0.07623  loss_rpn_loc: 0.04871    time: 0.4751  last_time: 0.3693  data_time: 0.0769  last_data_time: 0.0696   lr: 0.0003389  max_mem: 8544M
[09/02 11:57:02 d2.utils.events]:  eta: 1:53:36  iter: 579  total_loss: 0.9278  loss_cls: 0.2189  loss_box_reg: 0.2917  loss_mask: 0.2953  loss_rpn_cls: 0.06735  loss_rpn_loc: 0.03129    time: 0.4764  last_time: 0.5482  data_time: 0.1182  last_data_time: 0.0783   lr: 0.0003389  max_mem: 8544M
[09/02 11:57:12 d2.utils.events]:  eta: 1:53:19  iter: 599  total_loss: 1.002  loss_cls: 0.2382  loss_box_reg: 0.2655  loss_mask: 0.3114  loss_rpn_cls: 0.09315  loss_rpn_loc: 0.06329    time: 0.4762  last_time: 0.6210  data_time: 0.0812  last_data_time: 0.0363   lr: 0.0003389  max_mem: 8580M
[09/02 11:57:21 d2.utils.events]:  eta: 1:53:01  iter: 619  total_loss: 0.8447  loss_cls: 0.2116  loss_box_reg: 0.2278  loss_mask: 0.2954  loss_rpn_cls: 0.08035  loss_rpn_loc: 0.02759    time: 0.4756  last_time: 0.5183  data_time: 0.0763  last_data_time: 0.0641   lr: 0.0003389  max_mem: 8580M
[09/02 11:57:30 d2.utils.events]:  eta: 1:52:37  iter: 639  total_loss: 0.962  loss_cls: 0.2349  loss_box_reg: 0.2875  loss_mask: 0.2998  loss_rpn_cls: 0.06169  loss_rpn_loc: 0.04077    time: 0.4753  last_time: 0.3499  data_time: 0.0753  last_data_time: 0.0499   lr: 0.0003389  max_mem: 8659M
[09/02 11:57:40 d2.utils.events]:  eta: 1:52:29  iter: 659  total_loss: 0.9105  loss_cls: 0.2399  loss_box_reg: 0.2839  loss_mask: 0.278  loss_rpn_cls: 0.06341  loss_rpn_loc: 0.03216    time: 0.4752  last_time: 0.7819  data_time: 0.0738  last_data_time: 0.1127   lr: 0.0003389  max_mem: 8659M
[09/02 11:57:49 d2.utils.events]:  eta: 1:52:04  iter: 679  total_loss: 0.9094  loss_cls: 0.2179  loss_box_reg: 0.2672  loss_mask: 0.3129  loss_rpn_cls: 0.06945  loss_rpn_loc: 0.03753    time: 0.4746  last_time: 0.3536  data_time: 0.0566  last_data_time: 0.0188   lr: 0.0003389  max_mem: 8659M
[09/02 11:57:57 d2.utils.events]:  eta: 1:51:49  iter: 699  total_loss: 0.7785  loss_cls: 0.1879  loss_box_reg: 0.2147  loss_mask: 0.2933  loss_rpn_cls: 0.065  loss_rpn_loc: 0.03082    time: 0.4736  last_time: 0.5299  data_time: 0.0687  last_data_time: 0.0521   lr: 0.0003389  max_mem: 8659M
[09/02 11:58:08 d2.utils.events]:  eta: 1:51:46  iter: 719  total_loss: 0.946  loss_cls: 0.2456  loss_box_reg: 0.2729  loss_mask: 0.2711  loss_rpn_cls: 0.07055  loss_rpn_loc: 0.03591    time: 0.4745  last_time: 0.4359  data_time: 0.1180  last_data_time: 0.0117   lr: 0.0003389  max_mem: 8659M
[09/02 11:58:17 d2.utils.events]:  eta: 1:51:37  iter: 739  total_loss: 1.014  loss_cls: 0.2575  loss_box_reg: 0.2999  loss_mask: 0.3008  loss_rpn_cls: 0.08902  loss_rpn_loc: 0.04603    time: 0.4750  last_time: 0.3267  data_time: 0.0789  last_data_time: 0.0208   lr: 0.0003389  max_mem: 8659M
[09/02 11:58:28 d2.utils.events]:  eta: 1:51:35  iter: 759  total_loss: 1.031  loss_cls: 0.2451  loss_box_reg: 0.291  loss_mask: 0.311  loss_rpn_cls: 0.101  loss_rpn_loc: 0.05287    time: 0.4767  last_time: 0.5437  data_time: 0.0788  last_data_time: 0.0289   lr: 0.0003389  max_mem: 8659M
[09/02 11:58:38 d2.utils.events]:  eta: 1:51:26  iter: 779  total_loss: 0.8857  loss_cls: 0.2014  loss_box_reg: 0.258  loss_mask: 0.2982  loss_rpn_cls: 0.06902  loss_rpn_loc: 0.0342    time: 0.4764  last_time: 0.4998  data_time: 0.0720  last_data_time: 0.0543   lr: 0.0003389  max_mem: 8659M
[09/02 11:58:47 d2.utils.events]:  eta: 1:50:59  iter: 799  total_loss: 0.9598  loss_cls: 0.2362  loss_box_reg: 0.2891  loss_mask: 0.3076  loss_rpn_cls: 0.06508  loss_rpn_loc: 0.03176    time: 0.4757  last_time: 0.6096  data_time: 0.0664  last_data_time: 0.0919   lr: 0.0003389  max_mem: 8659M
[09/02 11:58:56 d2.utils.events]:  eta: 1:51:09  iter: 819  total_loss: 0.9635  loss_cls: 0.2242  loss_box_reg: 0.2806  loss_mask: 0.3075  loss_rpn_cls: 0.07252  loss_rpn_loc: 0.03697    time: 0.4758  last_time: 0.4406  data_time: 0.0554  last_data_time: 0.1135   lr: 0.0003389  max_mem: 8659M
[09/02 11:59:05 d2.utils.events]:  eta: 1:51:17  iter: 839  total_loss: 0.9843  loss_cls: 0.2494  loss_box_reg: 0.2996  loss_mask: 0.3066  loss_rpn_cls: 0.06329  loss_rpn_loc: 0.03137    time: 0.4755  last_time: 0.4973  data_time: 0.0440  last_data_time: 0.0311   lr: 0.0003389  max_mem: 8659M
[09/02 11:59:15 d2.utils.events]:  eta: 1:51:24  iter: 859  total_loss: 0.997  loss_cls: 0.235  loss_box_reg: 0.3239  loss_mask: 0.3212  loss_rpn_cls: 0.05876  loss_rpn_loc: 0.03625    time: 0.4756  last_time: 0.4554  data_time: 0.0765  last_data_time: 0.0883   lr: 0.0003389  max_mem: 8659M
[09/02 11:59:25 d2.utils.events]:  eta: 1:51:16  iter: 879  total_loss: 0.9641  loss_cls: 0.2371  loss_box_reg: 0.3198  loss_mask: 0.2797  loss_rpn_cls: 0.06919  loss_rpn_loc: 0.0361    time: 0.4757  last_time: 0.5317  data_time: 0.0706  last_data_time: 0.0565   lr: 0.0003389  max_mem: 8659M
[09/02 11:59:34 d2.utils.events]:  eta: 1:50:48  iter: 899  total_loss: 0.8341  loss_cls: 0.2104  loss_box_reg: 0.2594  loss_mask: 0.2942  loss_rpn_cls: 0.05429  loss_rpn_loc: 0.03489    time: 0.4756  last_time: 0.3754  data_time: 0.0977  last_data_time: 0.0458   lr: 0.0003389  max_mem: 8659M
[09/02 11:59:44 d2.utils.events]:  eta: 1:50:42  iter: 919  total_loss: 0.9827  loss_cls: 0.2367  loss_box_reg: 0.2745  loss_mask: 0.3079  loss_rpn_cls: 0.08262  loss_rpn_loc: 0.04228    time: 0.4761  last_time: 0.2964  data_time: 0.1277  last_data_time: 0.0578   lr: 0.0003389  max_mem: 8659M
[09/02 11:59:56 d2.utils.events]:  eta: 1:51:01  iter: 939  total_loss: 0.9312  loss_cls: 0.2384  loss_box_reg: 0.2996  loss_mask: 0.2881  loss_rpn_cls: 0.0811  loss_rpn_loc: 0.06287    time: 0.4787  last_time: 0.3314  data_time: 0.1587  last_data_time: 0.0270   lr: 0.0003389  max_mem: 8659M
[09/02 12:00:06 d2.utils.events]:  eta: 1:50:56  iter: 959  total_loss: 1.059  loss_cls: 0.2606  loss_box_reg: 0.3338  loss_mask: 0.2952  loss_rpn_cls: 0.06313  loss_rpn_loc: 0.04799    time: 0.4786  last_time: 0.4948  data_time: 0.0882  last_data_time: 0.0554   lr: 0.0003389  max_mem: 8659M
[09/02 12:00:15 d2.utils.events]:  eta: 1:50:47  iter: 979  total_loss: 1.003  loss_cls: 0.2367  loss_box_reg: 0.3227  loss_mask: 0.2941  loss_rpn_cls: 0.07775  loss_rpn_loc: 0.05106    time: 0.4786  last_time: 0.4059  data_time: 0.0631  last_data_time: 0.0176   lr: 0.0003389  max_mem: 8659M
[09/02 12:00:23 d2.utils.events]:  eta: 1:50:07  iter: 999  total_loss: 0.7854  loss_cls: 0.1826  loss_box_reg: 0.233  loss_mask: 0.2958  loss_rpn_cls: 0.04886  loss_rpn_loc: 0.02545    time: 0.4770  last_time: 0.2798  data_time: 0.0577  last_data_time: 0.0414   lr: 0.0003389  max_mem: 8659M
[09/02 12:00:34 d2.utils.events]:  eta: 1:50:30  iter: 1019  total_loss: 0.9817  loss_cls: 0.238  loss_box_reg: 0.2892  loss_mask: 0.2966  loss_rpn_cls: 0.0753  loss_rpn_loc: 0.0463    time: 0.4780  last_time: 0.3845  data_time: 0.0791  last_data_time: 0.0370   lr: 0.0003389  max_mem: 8659M
[09/02 12:00:43 d2.utils.events]:  eta: 1:50:27  iter: 1039  total_loss: 0.9503  loss_cls: 0.237  loss_box_reg: 0.2979  loss_mask: 0.2846  loss_rpn_cls: 0.07354  loss_rpn_loc: 0.04485    time: 0.4777  last_time: 0.2609  data_time: 0.0605  last_data_time: 0.0161   lr: 0.0003389  max_mem: 8659M
[09/02 12:00:53 d2.utils.events]:  eta: 1:50:18  iter: 1059  total_loss: 0.8736  loss_cls: 0.2048  loss_box_reg: 0.2787  loss_mask: 0.2956  loss_rpn_cls: 0.06338  loss_rpn_loc: 0.02656    time: 0.4777  last_time: 0.6903  data_time: 0.0756  last_data_time: 0.1530   lr: 0.0003389  max_mem: 8659M
[09/02 12:01:01 d2.utils.events]:  eta: 1:49:52  iter: 1079  total_loss: 0.9293  loss_cls: 0.2333  loss_box_reg: 0.3046  loss_mask: 0.2876  loss_rpn_cls: 0.05107  loss_rpn_loc: 0.03198    time: 0.4768  last_time: 0.4752  data_time: 0.0634  last_data_time: 0.0388   lr: 0.0003389  max_mem: 8659M
[09/02 12:01:11 d2.utils.events]:  eta: 1:49:59  iter: 1099  total_loss: 0.9861  loss_cls: 0.2384  loss_box_reg: 0.3013  loss_mask: 0.3032  loss_rpn_cls: 0.08002  loss_rpn_loc: 0.04703    time: 0.4772  last_time: 0.5332  data_time: 0.0960  last_data_time: 0.0315   lr: 0.0003389  max_mem: 8659M
[09/02 12:01:23 d2.utils.events]:  eta: 1:49:57  iter: 1119  total_loss: 1.015  loss_cls: 0.2643  loss_box_reg: 0.3009  loss_mask: 0.2998  loss_rpn_cls: 0.08677  loss_rpn_loc: 0.05195    time: 0.4789  last_time: 0.3892  data_time: 0.1104  last_data_time: 0.0745   lr: 0.0003389  max_mem: 8659M
[09/02 12:01:33 d2.utils.events]:  eta: 1:49:41  iter: 1139  total_loss: 0.973  loss_cls: 0.2303  loss_box_reg: 0.2926  loss_mask: 0.2798  loss_rpn_cls: 0.06274  loss_rpn_loc: 0.03834    time: 0.4789  last_time: 0.4746  data_time: 0.0816  last_data_time: 0.0654   lr: 0.0003389  max_mem: 8659M
[09/02 12:01:42 d2.utils.events]:  eta: 1:49:32  iter: 1159  total_loss: 0.887  loss_cls: 0.2099  loss_box_reg: 0.2697  loss_mask: 0.2854  loss_rpn_cls: 0.05345  loss_rpn_loc: 0.03737    time: 0.4787  last_time: 0.6470  data_time: 0.0761  last_data_time: 0.1268   lr: 0.0003389  max_mem: 8659M
[09/02 12:01:51 d2.utils.events]:  eta: 1:49:32  iter: 1179  total_loss: 0.942  loss_cls: 0.2221  loss_box_reg: 0.2889  loss_mask: 0.2754  loss_rpn_cls: 0.06695  loss_rpn_loc: 0.03765    time: 0.4787  last_time: 0.5010  data_time: 0.0663  last_data_time: 0.0310   lr: 0.0003389  max_mem: 8659M
[09/02 12:02:01 d2.utils.events]:  eta: 1:49:23  iter: 1199  total_loss: 0.939  loss_cls: 0.2282  loss_box_reg: 0.3026  loss_mask: 0.2951  loss_rpn_cls: 0.07278  loss_rpn_loc: 0.03293    time: 0.4790  last_time: 0.7267  data_time: 0.0876  last_data_time: 0.0591   lr: 0.0003389  max_mem: 8659M
[09/02 12:02:11 d2.utils.events]:  eta: 1:49:25  iter: 1219  total_loss: 0.974  loss_cls: 0.2315  loss_box_reg: 0.3213  loss_mask: 0.2833  loss_rpn_cls: 0.05951  loss_rpn_loc: 0.04043    time: 0.4788  last_time: 0.3307  data_time: 0.0589  last_data_time: 0.0222   lr: 0.0003389  max_mem: 8659M
[09/02 12:02:20 d2.utils.events]:  eta: 1:49:01  iter: 1239  total_loss: 0.9543  loss_cls: 0.2334  loss_box_reg: 0.2858  loss_mask: 0.2911  loss_rpn_cls: 0.06767  loss_rpn_loc: 0.03786    time: 0.4784  last_time: 0.4265  data_time: 0.0648  last_data_time: 0.0492   lr: 0.0003389  max_mem: 8659M
[09/02 12:02:30 d2.utils.events]:  eta: 1:48:56  iter: 1259  total_loss: 0.9691  loss_cls: 0.2348  loss_box_reg: 0.293  loss_mask: 0.2987  loss_rpn_cls: 0.07396  loss_rpn_loc: 0.04611    time: 0.4789  last_time: 0.4396  data_time: 0.1048  last_data_time: 0.0636   lr: 0.0003389  max_mem: 8659M
[09/02 12:02:40 d2.utils.events]:  eta: 1:48:52  iter: 1279  total_loss: 0.9126  loss_cls: 0.2157  loss_box_reg: 0.2754  loss_mask: 0.2883  loss_rpn_cls: 0.07599  loss_rpn_loc: 0.04488    time: 0.4791  last_time: 0.5033  data_time: 0.0833  last_data_time: 0.0441   lr: 0.0003389  max_mem: 8659M
[09/02 12:02:49 d2.utils.events]:  eta: 1:48:37  iter: 1299  total_loss: 0.8603  loss_cls: 0.2043  loss_box_reg: 0.2551  loss_mask: 0.292  loss_rpn_cls: 0.05487  loss_rpn_loc: 0.02639    time: 0.4784  last_time: 0.3302  data_time: 0.0813  last_data_time: 0.0214   lr: 0.0003389  max_mem: 8659M
[09/02 12:02:58 d2.utils.events]:  eta: 1:48:59  iter: 1319  total_loss: 0.8769  loss_cls: 0.2217  loss_box_reg: 0.2903  loss_mask: 0.2868  loss_rpn_cls: 0.06302  loss_rpn_loc: 0.03667    time: 0.4779  last_time: 0.5786  data_time: 0.0612  last_data_time: 0.1001   lr: 0.0003389  max_mem: 8659M
[09/02 12:03:07 d2.utils.events]:  eta: 1:48:40  iter: 1339  total_loss: 0.949  loss_cls: 0.2296  loss_box_reg: 0.3001  loss_mask: 0.2955  loss_rpn_cls: 0.05313  loss_rpn_loc: 0.03456    time: 0.4775  last_time: 0.7127  data_time: 0.0719  last_data_time: 0.1466   lr: 0.0003389  max_mem: 8659M
[09/02 12:03:16 d2.utils.events]:  eta: 1:47:55  iter: 1359  total_loss: 0.83  loss_cls: 0.1988  loss_box_reg: 0.2633  loss_mask: 0.288  loss_rpn_cls: 0.05482  loss_rpn_loc: 0.02888    time: 0.4771  last_time: 0.5993  data_time: 0.0750  last_data_time: 0.0568   lr: 0.0003389  max_mem: 8659M
[09/02 12:03:26 d2.utils.events]:  eta: 1:48:02  iter: 1379  total_loss: 0.9621  loss_cls: 0.276  loss_box_reg: 0.3369  loss_mask: 0.2838  loss_rpn_cls: 0.06242  loss_rpn_loc: 0.03297    time: 0.4776  last_time: 0.5789  data_time: 0.0741  last_data_time: 0.2227   lr: 0.0003389  max_mem: 8659M
[09/02 12:03:35 d2.utils.events]:  eta: 1:47:41  iter: 1399  total_loss: 0.9411  loss_cls: 0.2391  loss_box_reg: 0.2875  loss_mask: 0.2939  loss_rpn_cls: 0.06606  loss_rpn_loc: 0.03377    time: 0.4774  last_time: 0.4869  data_time: 0.0791  last_data_time: 0.0596   lr: 0.0003389  max_mem: 8659M
[09/02 12:03:45 d2.utils.events]:  eta: 1:47:02  iter: 1419  total_loss: 0.7983  loss_cls: 0.2008  loss_box_reg: 0.217  loss_mask: 0.3044  loss_rpn_cls: 0.06899  loss_rpn_loc: 0.03432    time: 0.4779  last_time: 0.3716  data_time: 0.1403  last_data_time: 0.0790   lr: 0.0003389  max_mem: 8659M
[09/02 12:03:53 d2.utils.events]:  eta: 1:46:54  iter: 1439  total_loss: 0.8499  loss_cls: 0.2053  loss_box_reg: 0.2471  loss_mask: 0.2923  loss_rpn_cls: 0.04658  loss_rpn_loc: 0.02302    time: 0.4767  last_time: 0.2626  data_time: 0.0605  last_data_time: 0.0207   lr: 0.0003389  max_mem: 8659M
[09/02 12:04:03 d2.utils.events]:  eta: 1:46:57  iter: 1459  total_loss: 1.058  loss_cls: 0.2478  loss_box_reg: 0.3372  loss_mask: 0.3017  loss_rpn_cls: 0.06567  loss_rpn_loc: 0.03912    time: 0.4767  last_time: 0.3920  data_time: 0.0671  last_data_time: 0.0274   lr: 0.0003389  max_mem: 8659M
[09/02 12:04:12 d2.utils.events]:  eta: 1:46:40  iter: 1479  total_loss: 0.8625  loss_cls: 0.2138  loss_box_reg: 0.2926  loss_mask: 0.2758  loss_rpn_cls: 0.05926  loss_rpn_loc: 0.0363    time: 0.4763  last_time: 0.6009  data_time: 0.0608  last_data_time: 0.0335   lr: 0.0003389  max_mem: 8659M
[09/02 12:04:22 d2.utils.events]:  eta: 1:46:09  iter: 1499  total_loss: 0.8904  loss_cls: 0.2149  loss_box_reg: 0.2724  loss_mask: 0.2854  loss_rpn_cls: 0.06089  loss_rpn_loc: 0.0312    time: 0.4765  last_time: 0.8492  data_time: 0.0836  last_data_time: 0.2487   lr: 0.0003389  max_mem: 8659M
[09/02 12:04:32 d2.utils.events]:  eta: 1:46:17  iter: 1519  total_loss: 1.026  loss_cls: 0.2409  loss_box_reg: 0.3539  loss_mask: 0.2945  loss_rpn_cls: 0.081  loss_rpn_loc: 0.04639    time: 0.4768  last_time: 0.4899  data_time: 0.0782  last_data_time: 0.0405   lr: 0.0003389  max_mem: 8659M
[09/02 12:04:41 d2.utils.events]:  eta: 1:46:06  iter: 1539  total_loss: 1.011  loss_cls: 0.2308  loss_box_reg: 0.3088  loss_mask: 0.2958  loss_rpn_cls: 0.07717  loss_rpn_loc: 0.05364    time: 0.4768  last_time: 0.4127  data_time: 0.0672  last_data_time: 0.0263   lr: 0.0003389  max_mem: 8659M
[09/02 12:04:51 d2.utils.events]:  eta: 1:45:43  iter: 1559  total_loss: 0.9261  loss_cls: 0.2319  loss_box_reg: 0.2597  loss_mask: 0.3122  loss_rpn_cls: 0.07094  loss_rpn_loc: 0.03964    time: 0.4769  last_time: 0.4960  data_time: 0.1046  last_data_time: 0.0737   lr: 0.0003389  max_mem: 8659M
[09/02 12:05:02 d2.utils.events]:  eta: 1:45:56  iter: 1579  total_loss: 1.045  loss_cls: 0.2561  loss_box_reg: 0.3243  loss_mask: 0.2838  loss_rpn_cls: 0.06984  loss_rpn_loc: 0.05825    time: 0.4777  last_time: 0.5521  data_time: 0.0787  last_data_time: 0.0692   lr: 0.0003389  max_mem: 8691M
[09/02 12:05:11 d2.utils.events]:  eta: 1:46:13  iter: 1599  total_loss: 0.9561  loss_cls: 0.2339  loss_box_reg: 0.2956  loss_mask: 0.297  loss_rpn_cls: 0.08346  loss_rpn_loc: 0.04593    time: 0.4777  last_time: 0.3789  data_time: 0.0713  last_data_time: 0.0684   lr: 0.0003389  max_mem: 8691M
[09/02 12:05:20 d2.utils.events]:  eta: 1:45:54  iter: 1619  total_loss: 0.9701  loss_cls: 0.2434  loss_box_reg: 0.3294  loss_mask: 0.2863  loss_rpn_cls: 0.08083  loss_rpn_loc: 0.04994    time: 0.4775  last_time: 0.4062  data_time: 0.0840  last_data_time: 0.0214   lr: 0.0003389  max_mem: 8691M
[09/02 12:05:30 d2.utils.events]:  eta: 1:45:30  iter: 1639  total_loss: 0.9521  loss_cls: 0.2241  loss_box_reg: 0.2762  loss_mask: 0.2988  loss_rpn_cls: 0.07303  loss_rpn_loc: 0.06784    time: 0.4775  last_time: 0.4308  data_time: 0.0590  last_data_time: 0.0316   lr: 0.0003389  max_mem: 8691M
[09/02 12:05:39 d2.utils.events]:  eta: 1:45:14  iter: 1659  total_loss: 0.8113  loss_cls: 0.1872  loss_box_reg: 0.2405  loss_mask: 0.2611  loss_rpn_cls: 0.05139  loss_rpn_loc: 0.02466    time: 0.4770  last_time: 0.5037  data_time: 0.0737  last_data_time: 0.0559   lr: 0.0003389  max_mem: 8691M
[09/02 12:05:47 d2.utils.events]:  eta: 1:45:12  iter: 1679  total_loss: 0.9174  loss_cls: 0.2149  loss_box_reg: 0.278  loss_mask: 0.3038  loss_rpn_cls: 0.05186  loss_rpn_loc: 0.03814    time: 0.4764  last_time: 0.3699  data_time: 0.0680  last_data_time: 0.0501   lr: 0.0003389  max_mem: 8691M
[09/02 12:05:57 d2.utils.events]:  eta: 1:45:28  iter: 1699  total_loss: 0.9316  loss_cls: 0.2483  loss_box_reg: 0.2639  loss_mask: 0.2946  loss_rpn_cls: 0.07381  loss_rpn_loc: 0.03671    time: 0.4765  last_time: 0.3199  data_time: 0.0795  last_data_time: 0.0428   lr: 0.0003389  max_mem: 8691M
[09/02 12:06:07 d2.utils.events]:  eta: 1:44:54  iter: 1719  total_loss: 0.9411  loss_cls: 0.235  loss_box_reg: 0.2964  loss_mask: 0.2919  loss_rpn_cls: 0.06031  loss_rpn_loc: 0.04525    time: 0.4765  last_time: 0.4297  data_time: 0.0636  last_data_time: 0.0276   lr: 0.0003389  max_mem: 8691M
[09/02 12:06:15 d2.utils.events]:  eta: 1:44:39  iter: 1739  total_loss: 0.8061  loss_cls: 0.1907  loss_box_reg: 0.219  loss_mask: 0.2872  loss_rpn_cls: 0.05929  loss_rpn_loc: 0.02801    time: 0.4760  last_time: 0.3646  data_time: 0.0603  last_data_time: 0.0769   lr: 0.0003389  max_mem: 8691M
[09/02 12:06:25 d2.utils.events]:  eta: 1:44:13  iter: 1759  total_loss: 0.8976  loss_cls: 0.2213  loss_box_reg: 0.2754  loss_mask: 0.2902  loss_rpn_cls: 0.06239  loss_rpn_loc: 0.03418    time: 0.4758  last_time: 0.4629  data_time: 0.0685  last_data_time: 0.0153   lr: 0.0003389  max_mem: 8691M
[09/02 12:06:34 d2.utils.events]:  eta: 1:44:16  iter: 1779  total_loss: 0.9421  loss_cls: 0.2363  loss_box_reg: 0.2967  loss_mask: 0.2842  loss_rpn_cls: 0.07546  loss_rpn_loc: 0.05357    time: 0.4759  last_time: 0.5285  data_time: 0.0560  last_data_time: 0.0630   lr: 0.0003389  max_mem: 8691M
[09/02 12:06:44 d2.utils.events]:  eta: 1:44:33  iter: 1799  total_loss: 0.9226  loss_cls: 0.2258  loss_box_reg: 0.2611  loss_mask: 0.2853  loss_rpn_cls: 0.07033  loss_rpn_loc: 0.05061    time: 0.4758  last_time: 0.4621  data_time: 0.0799  last_data_time: 0.1815   lr: 0.0003389  max_mem: 8691M
[09/02 12:06:54 d2.utils.events]:  eta: 1:44:09  iter: 1819  total_loss: 0.8569  loss_cls: 0.2105  loss_box_reg: 0.2738  loss_mask: 0.2937  loss_rpn_cls: 0.06987  loss_rpn_loc: 0.03948    time: 0.4760  last_time: 0.3589  data_time: 0.0921  last_data_time: 0.0486   lr: 0.0003389  max_mem: 8691M
[09/02 12:07:03 d2.utils.events]:  eta: 1:43:39  iter: 1839  total_loss: 0.933  loss_cls: 0.2065  loss_box_reg: 0.2622  loss_mask: 0.3003  loss_rpn_cls: 0.06995  loss_rpn_loc: 0.04362    time: 0.4758  last_time: 0.5476  data_time: 0.0641  last_data_time: 0.0458   lr: 0.0003389  max_mem: 8691M
[09/02 12:07:12 d2.utils.events]:  eta: 1:43:20  iter: 1859  total_loss: 0.9488  loss_cls: 0.2096  loss_box_reg: 0.2933  loss_mask: 0.2892  loss_rpn_cls: 0.0669  loss_rpn_loc: 0.03947    time: 0.4757  last_time: 0.2832  data_time: 0.0733  last_data_time: 0.0343   lr: 0.0003389  max_mem: 8691M
[09/02 12:07:21 d2.utils.events]:  eta: 1:42:58  iter: 1879  total_loss: 0.8652  loss_cls: 0.199  loss_box_reg: 0.258  loss_mask: 0.2663  loss_rpn_cls: 0.05892  loss_rpn_loc: 0.03965    time: 0.4752  last_time: 0.3815  data_time: 0.0577  last_data_time: 0.0394   lr: 0.0003389  max_mem: 8691M
[09/02 12:07:31 d2.utils.events]:  eta: 1:43:08  iter: 1899  total_loss: 0.8629  loss_cls: 0.2221  loss_box_reg: 0.2752  loss_mask: 0.2925  loss_rpn_cls: 0.05915  loss_rpn_loc: 0.0373    time: 0.4755  last_time: 0.7459  data_time: 0.0669  last_data_time: 0.0490   lr: 0.0003389  max_mem: 8691M
[09/02 12:07:40 d2.utils.events]:  eta: 1:42:44  iter: 1919  total_loss: 0.9457  loss_cls: 0.2459  loss_box_reg: 0.3295  loss_mask: 0.2861  loss_rpn_cls: 0.05961  loss_rpn_loc: 0.03825    time: 0.4751  last_time: 0.7316  data_time: 0.0535  last_data_time: 0.1134   lr: 0.0003389  max_mem: 8691M
[09/02 12:07:48 d2.utils.events]:  eta: 1:42:03  iter: 1939  total_loss: 0.9376  loss_cls: 0.2194  loss_box_reg: 0.3096  loss_mask: 0.2751  loss_rpn_cls: 0.06661  loss_rpn_loc: 0.05083    time: 0.4746  last_time: 0.3273  data_time: 0.0560  last_data_time: 0.0836   lr: 0.0003389  max_mem: 8691M
[09/02 12:07:58 d2.utils.events]:  eta: 1:41:50  iter: 1959  total_loss: 0.8851  loss_cls: 0.22  loss_box_reg: 0.2648  loss_mask: 0.3059  loss_rpn_cls: 0.06471  loss_rpn_loc: 0.03472    time: 0.4748  last_time: 0.3014  data_time: 0.1251  last_data_time: 0.0132   lr: 0.0003389  max_mem: 8691M
[09/02 12:08:06 d2.utils.events]:  eta: 1:41:20  iter: 1979  total_loss: 0.769  loss_cls: 0.194  loss_box_reg: 0.2169  loss_mask: 0.3011  loss_rpn_cls: 0.07909  loss_rpn_loc: 0.0266    time: 0.4743  last_time: 0.5103  data_time: 0.0552  last_data_time: 0.0513   lr: 0.0003389  max_mem: 8691M
[09/02 12:08:17 d2.data.datasets.coco]: Loaded 896 images in COCO format from /vol/data/val/coco.json
[09/02 12:08:17 d2.data.build]: Distribution of instances among all 1 categories:
|  category  | #instances   |
|:----------:|:-------------|
|    tree    | 16505        |
|            |              |
[09/02 12:08:17 d2.data.dataset_mapper]: [DatasetMapper] Augmentations used in inference: [ResizeShortestEdge(short_edge_length=(1000, 1000), max_size=1333, sample_style='choice')]
[09/02 12:08:17 d2.data.common]: Serializing the dataset using: <class 'detectron2.data.common._TorchSerializedList'>
[09/02 12:08:17 d2.data.common]: Serializing 896 elements to byte tensors and concatenating them all ...
[09/02 12:08:17 d2.data.common]: Serialized dataset takes 6.12 MiB
[09/02 12:08:17 d2.evaluation.evaluator]: Start inference on 896 batches
[09/02 12:08:29 d2.evaluation.evaluator]: Inference done 11/896. Dataloading: 0.0014 s/iter. Inference: 0.0631 s/iter. Eval: 0.6554 s/iter. Total: 0.7200 s/iter. ETA=0:10:37
[09/02 12:08:34 d2.evaluation.evaluator]: Inference done 20/896. Dataloading: 0.0019 s/iter. Inference: 0.0613 s/iter. Eval: 0.5950 s/iter. Total: 0.6583 s/iter. ETA=0:09:36
[09/02 12:08:40 d2.evaluation.evaluator]: Inference done 26/896. Dataloading: 0.0022 s/iter. Inference: 0.0628 s/iter. Eval: 0.6961 s/iter. Total: 0.7613 s/iter. ETA=0:11:02
[09/02 12:08:46 d2.evaluation.evaluator]: Inference done 35/896. Dataloading: 0.0025 s/iter. Inference: 0.0615 s/iter. Eval: 0.6429 s/iter. Total: 0.7070 s/iter. ETA=0:10:08
[09/02 12:08:51 d2.evaluation.evaluator]: Inference done 48/896. Dataloading: 0.0025 s/iter. Inference: 0.0592 s/iter. Eval: 0.5483 s/iter. Total: 0.6101 s/iter. ETA=0:08:37
[09/02 12:08:56 d2.evaluation.evaluator]: Inference done 57/896. Dataloading: 0.0026 s/iter. Inference: 0.0589 s/iter. Eval: 0.5420 s/iter. Total: 0.6036 s/iter. ETA=0:08:26
[09/02 12:09:01 d2.evaluation.evaluator]: Inference done 77/896. Dataloading: 0.0026 s/iter. Inference: 0.0577 s/iter. Eval: 0.4480 s/iter. Total: 0.5085 s/iter. ETA=0:06:56
[09/02 12:09:06 d2.evaluation.evaluator]: Inference done 92/896. Dataloading: 0.0026 s/iter. Inference: 0.0568 s/iter. Eval: 0.4204 s/iter. Total: 0.4800 s/iter. ETA=0:06:25
[09/02 12:09:12 d2.evaluation.evaluator]: Inference done 101/896. Dataloading: 0.0027 s/iter. Inference: 0.0570 s/iter. Eval: 0.4368 s/iter. Total: 0.4966 s/iter. ETA=0:06:34
[09/02 12:09:18 d2.evaluation.evaluator]: Inference done 106/896. Dataloading: 0.0027 s/iter. Inference: 0.0576 s/iter. Eval: 0.4709 s/iter. Total: 0.5313 s/iter. ETA=0:06:59
[09/02 12:09:24 d2.evaluation.evaluator]: Inference done 113/896. Dataloading: 0.0027 s/iter. Inference: 0.0579 s/iter. Eval: 0.4910 s/iter. Total: 0.5518 s/iter. ETA=0:07:12
[09/02 12:09:29 d2.evaluation.evaluator]: Inference done 121/896. Dataloading: 0.0027 s/iter. Inference: 0.0580 s/iter. Eval: 0.4972 s/iter. Total: 0.5580 s/iter. ETA=0:07:12
[09/02 12:09:35 d2.evaluation.evaluator]: Inference done 128/896. Dataloading: 0.0028 s/iter. Inference: 0.0583 s/iter. Eval: 0.5130 s/iter. Total: 0.5741 s/iter. ETA=0:07:20
[09/02 12:09:40 d2.evaluation.evaluator]: Inference done 136/896. Dataloading: 0.0028 s/iter. Inference: 0.0583 s/iter. Eval: 0.5177 s/iter. Total: 0.5789 s/iter. ETA=0:07:19
[09/02 12:09:45 d2.evaluation.evaluator]: Inference done 149/896. Dataloading: 0.0028 s/iter. Inference: 0.0582 s/iter. Eval: 0.5023 s/iter. Total: 0.5634 s/iter. ETA=0:07:00
[09/02 12:09:51 d2.evaluation.evaluator]: Inference done 159/896. Dataloading: 0.0028 s/iter. Inference: 0.0582 s/iter. Eval: 0.5007 s/iter. Total: 0.5618 s/iter. ETA=0:06:54
[09/02 12:09:56 d2.evaluation.evaluator]: Inference done 176/896. Dataloading: 0.0028 s/iter. Inference: 0.0577 s/iter. Eval: 0.4747 s/iter. Total: 0.5353 s/iter. ETA=0:06:25
[09/02 12:10:01 d2.evaluation.evaluator]: Inference done 183/896. Dataloading: 0.0028 s/iter. Inference: 0.0578 s/iter. Eval: 0.4826 s/iter. Total: 0.5433 s/iter. ETA=0:06:27
[09/02 12:10:08 d2.evaluation.evaluator]: Inference done 189/896. Dataloading: 0.0028 s/iter. Inference: 0.0598 s/iter. Eval: 0.4980 s/iter. Total: 0.5607 s/iter. ETA=0:06:36
[09/02 12:10:13 d2.evaluation.evaluator]: Inference done 197/896. Dataloading: 0.0028 s/iter. Inference: 0.0599 s/iter. Eval: 0.5020 s/iter. Total: 0.5648 s/iter. ETA=0:06:34
[09/02 12:10:18 d2.evaluation.evaluator]: Inference done 203/896. Dataloading: 0.0028 s/iter. Inference: 0.0599 s/iter. Eval: 0.5111 s/iter. Total: 0.5739 s/iter. ETA=0:06:37
[09/02 12:10:24 d2.evaluation.evaluator]: Inference done 209/896. Dataloading: 0.0028 s/iter. Inference: 0.0601 s/iter. Eval: 0.5255 s/iter. Total: 0.5886 s/iter. ETA=0:06:44
[09/02 12:10:30 d2.evaluation.evaluator]: Inference done 213/896. Dataloading: 0.0028 s/iter. Inference: 0.0604 s/iter. Eval: 0.5385 s/iter. Total: 0.6018 s/iter. ETA=0:06:51
[09/02 12:10:35 d2.evaluation.evaluator]: Inference done 219/896. Dataloading: 0.0028 s/iter. Inference: 0.0605 s/iter. Eval: 0.5462 s/iter. Total: 0.6097 s/iter. ETA=0:06:52
[09/02 12:10:40 d2.evaluation.evaluator]: Inference done 227/896. Dataloading: 0.0029 s/iter. Inference: 0.0605 s/iter. Eval: 0.5474 s/iter. Total: 0.6109 s/iter. ETA=0:06:48
[09/02 12:10:46 d2.evaluation.evaluator]: Inference done 239/896. Dataloading: 0.0028 s/iter. Inference: 0.0602 s/iter. Eval: 0.5423 s/iter. Total: 0.6055 s/iter. ETA=0:06:37
[09/02 12:10:51 d2.evaluation.evaluator]: Inference done 247/896. Dataloading: 0.0028 s/iter. Inference: 0.0602 s/iter. Eval: 0.5433 s/iter. Total: 0.6065 s/iter. ETA=0:06:33
[09/02 12:10:57 d2.evaluation.evaluator]: Inference done 252/896. Dataloading: 0.0028 s/iter. Inference: 0.0604 s/iter. Eval: 0.5530 s/iter. Total: 0.6163 s/iter. ETA=0:06:36
[09/02 12:11:02 d2.evaluation.evaluator]: Inference done 258/896. Dataloading: 0.0028 s/iter. Inference: 0.0605 s/iter. Eval: 0.5588 s/iter. Total: 0.6223 s/iter. ETA=0:06:37
[09/02 12:11:08 d2.evaluation.evaluator]: Inference done 262/896. Dataloading: 0.0028 s/iter. Inference: 0.0607 s/iter. Eval: 0.5723 s/iter. Total: 0.6360 s/iter. ETA=0:06:43
[09/02 12:11:13 d2.evaluation.evaluator]: Inference done 266/896. Dataloading: 0.0028 s/iter. Inference: 0.0609 s/iter. Eval: 0.5817 s/iter. Total: 0.6456 s/iter. ETA=0:06:46
[09/02 12:11:18 d2.evaluation.evaluator]: Inference done 277/896. Dataloading: 0.0028 s/iter. Inference: 0.0607 s/iter. Eval: 0.5754 s/iter. Total: 0.6390 s/iter. ETA=0:06:35
[09/02 12:11:24 d2.evaluation.evaluator]: Inference done 285/896. Dataloading: 0.0028 s/iter. Inference: 0.0607 s/iter. Eval: 0.5769 s/iter. Total: 0.6406 s/iter. ETA=0:06:31
[09/02 12:11:29 d2.evaluation.evaluator]: Inference done 292/896. Dataloading: 0.0029 s/iter. Inference: 0.0607 s/iter. Eval: 0.5796 s/iter. Total: 0.6433 s/iter. ETA=0:06:28
[09/02 12:11:34 d2.evaluation.evaluator]: Inference done 305/896. Dataloading: 0.0029 s/iter. Inference: 0.0605 s/iter. Eval: 0.5688 s/iter. Total: 0.6323 s/iter. ETA=0:06:13
[09/02 12:11:39 d2.evaluation.evaluator]: Inference done 319/896. Dataloading: 0.0029 s/iter. Inference: 0.0602 s/iter. Eval: 0.5572 s/iter. Total: 0.6204 s/iter. ETA=0:05:57
[09/02 12:11:44 d2.evaluation.evaluator]: Inference done 326/896. Dataloading: 0.0029 s/iter. Inference: 0.0602 s/iter. Eval: 0.5601 s/iter. Total: 0.6233 s/iter. ETA=0:05:55
[09/02 12:11:49 d2.evaluation.evaluator]: Inference done 334/896. Dataloading: 0.0029 s/iter. Inference: 0.0602 s/iter. Eval: 0.5602 s/iter. Total: 0.6234 s/iter. ETA=0:05:50
[09/02 12:11:55 d2.evaluation.evaluator]: Inference done 346/896. Dataloading: 0.0029 s/iter. Inference: 0.0599 s/iter. Eval: 0.5536 s/iter. Total: 0.6165 s/iter. ETA=0:05:39
[09/02 12:12:00 d2.evaluation.evaluator]: Inference done 362/896. Dataloading: 0.0028 s/iter. Inference: 0.0596 s/iter. Eval: 0.5410 s/iter. Total: 0.6036 s/iter. ETA=0:05:22
[09/02 12:12:05 d2.evaluation.evaluator]: Inference done 371/896. Dataloading: 0.0028 s/iter. Inference: 0.0595 s/iter. Eval: 0.5400 s/iter. Total: 0.6025 s/iter. ETA=0:05:16
[09/02 12:12:10 d2.evaluation.evaluator]: Inference done 379/896. Dataloading: 0.0028 s/iter. Inference: 0.0595 s/iter. Eval: 0.5408 s/iter. Total: 0.6033 s/iter. ETA=0:05:11
[09/02 12:12:15 d2.evaluation.evaluator]: Inference done 387/896. Dataloading: 0.0028 s/iter. Inference: 0.0595 s/iter. Eval: 0.5422 s/iter. Total: 0.6047 s/iter. ETA=0:05:07
[09/02 12:12:20 d2.evaluation.evaluator]: Inference done 400/896. Dataloading: 0.0028 s/iter. Inference: 0.0593 s/iter. Eval: 0.5355 s/iter. Total: 0.5978 s/iter. ETA=0:04:56
[09/02 12:12:26 d2.evaluation.evaluator]: Inference done 410/896. Dataloading: 0.0028 s/iter. Inference: 0.0593 s/iter. Eval: 0.5343 s/iter. Total: 0.5966 s/iter. ETA=0:04:49
[09/02 12:12:32 d2.evaluation.evaluator]: Inference done 417/896. Dataloading: 0.0028 s/iter. Inference: 0.0594 s/iter. Eval: 0.5392 s/iter. Total: 0.6015 s/iter. ETA=0:04:48
[09/02 12:12:38 d2.evaluation.evaluator]: Inference done 422/896. Dataloading: 0.0028 s/iter. Inference: 0.0595 s/iter. Eval: 0.5449 s/iter. Total: 0.6074 s/iter. ETA=0:04:47
[09/02 12:12:43 d2.evaluation.evaluator]: Inference done 429/896. Dataloading: 0.0028 s/iter. Inference: 0.0595 s/iter. Eval: 0.5470 s/iter. Total: 0.6095 s/iter. ETA=0:04:44
[09/02 12:12:48 d2.evaluation.evaluator]: Inference done 438/896. Dataloading: 0.0029 s/iter. Inference: 0.0595 s/iter. Eval: 0.5466 s/iter. Total: 0.6090 s/iter. ETA=0:04:38
[09/02 12:12:53 d2.evaluation.evaluator]: Inference done 445/896. Dataloading: 0.0029 s/iter. Inference: 0.0596 s/iter. Eval: 0.5483 s/iter. Total: 0.6108 s/iter. ETA=0:04:35
[09/02 12:12:58 d2.evaluation.evaluator]: Inference done 458/896. Dataloading: 0.0029 s/iter. Inference: 0.0595 s/iter. Eval: 0.5424 s/iter. Total: 0.6049 s/iter. ETA=0:04:24
[09/02 12:13:04 d2.evaluation.evaluator]: Inference done 469/896. Dataloading: 0.0029 s/iter. Inference: 0.0594 s/iter. Eval: 0.5393 s/iter. Total: 0.6017 s/iter. ETA=0:04:16
[09/02 12:13:09 d2.evaluation.evaluator]: Inference done 479/896. Dataloading: 0.0029 s/iter. Inference: 0.0594 s/iter. Eval: 0.5384 s/iter. Total: 0.6007 s/iter. ETA=0:04:10
[09/02 12:13:15 d2.evaluation.evaluator]: Inference done 490/896. Dataloading: 0.0029 s/iter. Inference: 0.0594 s/iter. Eval: 0.5367 s/iter. Total: 0.5990 s/iter. ETA=0:04:03
[09/02 12:13:20 d2.evaluation.evaluator]: Inference done 498/896. Dataloading: 0.0029 s/iter. Inference: 0.0594 s/iter. Eval: 0.5376 s/iter. Total: 0.6000 s/iter. ETA=0:03:58
[09/02 12:13:25 d2.evaluation.evaluator]: Inference done 507/896. Dataloading: 0.0029 s/iter. Inference: 0.0593 s/iter. Eval: 0.5375 s/iter. Total: 0.5999 s/iter. ETA=0:03:53
[09/02 12:13:31 d2.evaluation.evaluator]: Inference done 522/896. Dataloading: 0.0029 s/iter. Inference: 0.0592 s/iter. Eval: 0.5305 s/iter. Total: 0.5927 s/iter. ETA=0:03:41
[09/02 12:13:36 d2.evaluation.evaluator]: Inference done 538/896. Dataloading: 0.0029 s/iter. Inference: 0.0589 s/iter. Eval: 0.5229 s/iter. Total: 0.5848 s/iter. ETA=0:03:29
[09/02 12:13:42 d2.evaluation.evaluator]: Inference done 546/896. Dataloading: 0.0029 s/iter. Inference: 0.0590 s/iter. Eval: 0.5260 s/iter. Total: 0.5880 s/iter. ETA=0:03:25
[09/02 12:13:49 d2.evaluation.evaluator]: Inference done 551/896. Dataloading: 0.0029 s/iter. Inference: 0.0591 s/iter. Eval: 0.5325 s/iter. Total: 0.5946 s/iter. ETA=0:03:25
[09/02 12:13:54 d2.evaluation.evaluator]: Inference done 555/896. Dataloading: 0.0029 s/iter. Inference: 0.0592 s/iter. Eval: 0.5375 s/iter. Total: 0.5997 s/iter. ETA=0:03:24
[09/02 12:13:59 d2.evaluation.evaluator]: Inference done 567/896. Dataloading: 0.0029 s/iter. Inference: 0.0591 s/iter. Eval: 0.5339 s/iter. Total: 0.5960 s/iter. ETA=0:03:16
[09/02 12:14:04 d2.evaluation.evaluator]: Inference done 574/896. Dataloading: 0.0029 s/iter. Inference: 0.0591 s/iter. Eval: 0.5354 s/iter. Total: 0.5976 s/iter. ETA=0:03:12
[09/02 12:14:10 d2.evaluation.evaluator]: Inference done 591/896. Dataloading: 0.0028 s/iter. Inference: 0.0590 s/iter. Eval: 0.5277 s/iter. Total: 0.5896 s/iter. ETA=0:02:59
[09/02 12:14:15 d2.evaluation.evaluator]: Inference done 606/896. Dataloading: 0.0029 s/iter. Inference: 0.0589 s/iter. Eval: 0.5218 s/iter. Total: 0.5837 s/iter. ETA=0:02:49
[09/02 12:14:21 d2.evaluation.evaluator]: Inference done 614/896. Dataloading: 0.0028 s/iter. Inference: 0.0588 s/iter. Eval: 0.5232 s/iter. Total: 0.5850 s/iter. ETA=0:02:44
[09/02 12:14:26 d2.evaluation.evaluator]: Inference done 622/896. Dataloading: 0.0028 s/iter. Inference: 0.0589 s/iter. Eval: 0.5237 s/iter. Total: 0.5856 s/iter. ETA=0:02:40
[09/02 12:14:31 d2.evaluation.evaluator]: Inference done 627/896. Dataloading: 0.0028 s/iter. Inference: 0.0590 s/iter. Eval: 0.5277 s/iter. Total: 0.5897 s/iter. ETA=0:02:38
[09/02 12:14:37 d2.evaluation.evaluator]: Inference done 634/896. Dataloading: 0.0028 s/iter. Inference: 0.0591 s/iter. Eval: 0.5299 s/iter. Total: 0.5920 s/iter. ETA=0:02:35
[09/02 12:14:42 d2.evaluation.evaluator]: Inference done 645/896. Dataloading: 0.0028 s/iter. Inference: 0.0590 s/iter. Eval: 0.5277 s/iter. Total: 0.5897 s/iter. ETA=0:02:28
[09/02 12:14:47 d2.evaluation.evaluator]: Inference done 654/896. Dataloading: 0.0029 s/iter. Inference: 0.0590 s/iter. Eval: 0.5278 s/iter. Total: 0.5898 s/iter. ETA=0:02:22
[09/02 12:14:52 d2.evaluation.evaluator]: Inference done 670/896. Dataloading: 0.0028 s/iter. Inference: 0.0588 s/iter. Eval: 0.5213 s/iter. Total: 0.5831 s/iter. ETA=0:02:11
[09/02 12:14:58 d2.evaluation.evaluator]: Inference done 686/896. Dataloading: 0.0028 s/iter. Inference: 0.0587 s/iter. Eval: 0.5158 s/iter. Total: 0.5775 s/iter. ETA=0:02:01
[09/02 12:15:04 d2.evaluation.evaluator]: Inference done 698/896. Dataloading: 0.0028 s/iter. Inference: 0.0586 s/iter. Eval: 0.5144 s/iter. Total: 0.5760 s/iter. ETA=0:01:54
[09/02 12:15:09 d2.evaluation.evaluator]: Inference done 705/896. Dataloading: 0.0028 s/iter. Inference: 0.0587 s/iter. Eval: 0.5158 s/iter. Total: 0.5775 s/iter. ETA=0:01:50
[09/02 12:15:14 d2.evaluation.evaluator]: Inference done 715/896. Dataloading: 0.0028 s/iter. Inference: 0.0587 s/iter. Eval: 0.5151 s/iter. Total: 0.5768 s/iter. ETA=0:01:44
[09/02 12:15:20 d2.evaluation.evaluator]: Inference done 722/896. Dataloading: 0.0028 s/iter. Inference: 0.0588 s/iter. Eval: 0.5175 s/iter. Total: 0.5792 s/iter. ETA=0:01:40
[09/02 12:15:26 d2.evaluation.evaluator]: Inference done 734/896. Dataloading: 0.0028 s/iter. Inference: 0.0587 s/iter. Eval: 0.5166 s/iter. Total: 0.5783 s/iter. ETA=0:01:33
[09/02 12:15:31 d2.evaluation.evaluator]: Inference done 739/896. Dataloading: 0.0028 s/iter. Inference: 0.0588 s/iter. Eval: 0.5195 s/iter. Total: 0.5813 s/iter. ETA=0:01:31
[09/02 12:15:36 d2.evaluation.evaluator]: Inference done 746/896. Dataloading: 0.0028 s/iter. Inference: 0.0588 s/iter. Eval: 0.5210 s/iter. Total: 0.5828 s/iter. ETA=0:01:27
[09/02 12:15:42 d2.evaluation.evaluator]: Inference done 756/896. Dataloading: 0.0028 s/iter. Inference: 0.0588 s/iter. Eval: 0.5216 s/iter. Total: 0.5834 s/iter. ETA=0:01:21
[09/02 12:15:48 d2.evaluation.evaluator]: Inference done 767/896. Dataloading: 0.0028 s/iter. Inference: 0.0589 s/iter. Eval: 0.5204 s/iter. Total: 0.5822 s/iter. ETA=0:01:15
[09/02 12:15:54 d2.evaluation.evaluator]: Inference done 773/896. Dataloading: 0.0028 s/iter. Inference: 0.0590 s/iter. Eval: 0.5229 s/iter. Total: 0.5848 s/iter. ETA=0:01:11
[09/02 12:15:59 d2.evaluation.evaluator]: Inference done 777/896. Dataloading: 0.0028 s/iter. Inference: 0.0590 s/iter. Eval: 0.5271 s/iter. Total: 0.5891 s/iter. ETA=0:01:10
[09/02 12:16:04 d2.evaluation.evaluator]: Inference done 782/896. Dataloading: 0.0028 s/iter. Inference: 0.0592 s/iter. Eval: 0.5297 s/iter. Total: 0.5918 s/iter. ETA=0:01:07
[09/02 12:16:09 d2.evaluation.evaluator]: Inference done 788/896. Dataloading: 0.0029 s/iter. Inference: 0.0592 s/iter. Eval: 0.5315 s/iter. Total: 0.5937 s/iter. ETA=0:01:04
[09/02 12:16:15 d2.evaluation.evaluator]: Inference done 795/896. Dataloading: 0.0029 s/iter. Inference: 0.0593 s/iter. Eval: 0.5331 s/iter. Total: 0.5954 s/iter. ETA=0:01:00
[09/02 12:16:20 d2.evaluation.evaluator]: Inference done 801/896. Dataloading: 0.0028 s/iter. Inference: 0.0593 s/iter. Eval: 0.5350 s/iter. Total: 0.5972 s/iter. ETA=0:00:56
[09/02 12:16:25 d2.evaluation.evaluator]: Inference done 809/896. Dataloading: 0.0028 s/iter. Inference: 0.0593 s/iter. Eval: 0.5357 s/iter. Total: 0.5980 s/iter. ETA=0:00:52
[09/02 12:16:31 d2.evaluation.evaluator]: Inference done 818/896. Dataloading: 0.0028 s/iter. Inference: 0.0593 s/iter. Eval: 0.5361 s/iter. Total: 0.5984 s/iter. ETA=0:00:46
[09/02 12:16:37 d2.evaluation.evaluator]: Inference done 823/896. Dataloading: 0.0028 s/iter. Inference: 0.0593 s/iter. Eval: 0.5402 s/iter. Total: 0.6025 s/iter. ETA=0:00:43
[09/02 12:16:43 d2.evaluation.evaluator]: Inference done 843/896. Dataloading: 0.0028 s/iter. Inference: 0.0593 s/iter. Eval: 0.5324 s/iter. Total: 0.5946 s/iter. ETA=0:00:31
[09/02 12:16:48 d2.evaluation.evaluator]: Inference done 848/896. Dataloading: 0.0028 s/iter. Inference: 0.0593 s/iter. Eval: 0.5354 s/iter. Total: 0.5977 s/iter. ETA=0:00:28
[09/02 12:16:53 d2.evaluation.evaluator]: Inference done 855/896. Dataloading: 0.0029 s/iter. Inference: 0.0594 s/iter. Eval: 0.5366 s/iter. Total: 0.5989 s/iter. ETA=0:00:24
[09/02 12:16:59 d2.evaluation.evaluator]: Inference done 862/896. Dataloading: 0.0029 s/iter. Inference: 0.0594 s/iter. Eval: 0.5378 s/iter. Total: 0.6002 s/iter. ETA=0:00:20
[09/02 12:17:04 d2.evaluation.evaluator]: Inference done 870/896. Dataloading: 0.0028 s/iter. Inference: 0.0594 s/iter. Eval: 0.5384 s/iter. Total: 0.6008 s/iter. ETA=0:00:15
[09/02 12:17:09 d2.evaluation.evaluator]: Inference done 878/896. Dataloading: 0.0028 s/iter. Inference: 0.0594 s/iter. Eval: 0.5386 s/iter. Total: 0.6010 s/iter. ETA=0:00:10
[09/02 12:17:14 d2.evaluation.evaluator]: Inference done 888/896. Dataloading: 0.0028 s/iter. Inference: 0.0594 s/iter. Eval: 0.5375 s/iter. Total: 0.5999 s/iter. ETA=0:00:04
[09/02 12:17:18 d2.evaluation.evaluator]: Total inference time: 0:08:53.591350 (0.598868 s / iter per device, on 1 devices)
[09/02 12:17:18 d2.evaluation.evaluator]: Total inference pure compute time: 0:00:52 (0.059328 s / iter per device, on 1 devices)
[09/02 12:17:19 d2.evaluation.coco_evaluation]: Preparing results for COCO format ...
[09/02 12:17:19 d2.evaluation.coco_evaluation]: Saving results to /vol/out/train_s0v2/coco_instances_results.json
[09/02 12:17:20 d2.evaluation.coco_evaluation]: Evaluating predictions with unofficial COCO API...
Loading and preparing results...
DONE (t=0.10s)
creating index...
index created!
[09/02 12:17:20 d2.evaluation.fast_eval_api]: Evaluate annotation type *bbox*
[09/02 12:17:21 d2.evaluation.fast_eval_api]: COCOeval_opt.evaluate() finished in 0.79 seconds.
[09/02 12:17:21 d2.evaluation.fast_eval_api]: Accumulating evaluation results...
[09/02 12:17:21 d2.evaluation.fast_eval_api]: COCOeval_opt.accumulate() finished in 0.13 seconds.
 Average Precision  (AP) @[ IoU=0.50:0.95 | area=   all | maxDets=100 ] = 0.097
 Average Precision  (AP) @[ IoU=0.50      | area=   all | maxDets=100 ] = 0.407
 Average Precision  (AP) @[ IoU=0.75      | area=   all | maxDets=100 ] = 0.010
 Average Precision  (AP) @[ IoU=0.50:0.95 | area= small | maxDets=100 ] = 0.071
 Average Precision  (AP) @[ IoU=0.50:0.95 | area=medium | maxDets=100 ] = 0.129
 Average Precision  (AP) @[ IoU=0.50:0.95 | area= large | maxDets=100 ] = 0.104
 Average Recall     (AR) @[ IoU=0.50:0.95 | area=   all | maxDets=  1 ] = 0.009
 Average Recall     (AR) @[ IoU=0.50:0.95 | area=   all | maxDets= 10 ] = 0.066
 Average Recall     (AR) @[ IoU=0.50:0.95 | area=   all | maxDets=100 ] = 0.223
 Average Recall     (AR) @[ IoU=0.50:0.95 | area= small | maxDets=100 ] = 0.158
 Average Recall     (AR) @[ IoU=0.50:0.95 | area=medium | maxDets=100 ] = 0.274
 Average Recall     (AR) @[ IoU=0.50:0.95 | area= large | maxDets=100 ] = 0.357
[09/02 12:17:21 d2.evaluation.coco_evaluation]: Evaluation results for bbox: 
|  AP   |  AP50  |  AP75  |  APs  |  APm   |  APl   |
|:-----:|:------:|:------:|:-----:|:------:|:------:|
| 9.719 | 40.749 | 1.035  | 7.073 | 12.888 | 10.448 |
Loading and preparing results...
DONE (t=0.76s)
creating index...
index created!
[09/02 12:17:25 d2.evaluation.fast_eval_api]: Evaluate annotation type *segm*
[09/02 12:17:26 d2.evaluation.fast_eval_api]: COCOeval_opt.evaluate() finished in 1.20 seconds.
[09/02 12:17:26 d2.evaluation.fast_eval_api]: Accumulating evaluation results...
[09/02 12:17:26 d2.evaluation.fast_eval_api]: COCOeval_opt.accumulate() finished in 0.11 seconds.
 Average Precision  (AP) @[ IoU=0.50:0.95 | area=   all | maxDets=100 ] = 0.308
 Average Precision  (AP) @[ IoU=0.50      | area=   all | maxDets=100 ] = 0.586
 Average Precision  (AP) @[ IoU=0.75      | area=   all | maxDets=100 ] = 0.293
 Average Precision  (AP) @[ IoU=0.50:0.95 | area= small | maxDets=100 ] = 0.166
 Average Precision  (AP) @[ IoU=0.50:0.95 | area=medium | maxDets=100 ] = 0.428
 Average Precision  (AP) @[ IoU=0.50:0.95 | area= large | maxDets=100 ] = 0.504
 Average Recall     (AR) @[ IoU=0.50:0.95 | area=   all | maxDets=  1 ] = 0.026
 Average Recall     (AR) @[ IoU=0.50:0.95 | area=   all | maxDets= 10 ] = 0.165
 Average Recall     (AR) @[ IoU=0.50:0.95 | area=   all | maxDets=100 ] = 0.435
 Average Recall     (AR) @[ IoU=0.50:0.95 | area= small | maxDets=100 ] = 0.309
 Average Recall     (AR) @[ IoU=0.50:0.95 | area=medium | maxDets=100 ] = 0.540
 Average Recall     (AR) @[ IoU=0.50:0.95 | area= large | maxDets=100 ] = 0.607
[09/02 12:17:26 d2.evaluation.coco_evaluation]: Evaluation results for segm: 
|   AP   |  AP50  |  AP75  |  APs   |  APm   |  APl   |
|:------:|:------:|:------:|:------:|:------:|:------:|
| 30.763 | 58.594 | 29.298 | 16.615 | 42.752 | 50.351 |
[09/02 12:17:26 d2.engine.defaults]: Evaluation results for trees_valv2 in csv format:
[09/02 12:17:26 d2.evaluation.testing]: copypaste: Task: bbox
[09/02 12:17:26 d2.evaluation.testing]: copypaste: AP,AP50,AP75,APs,APm,APl
[09/02 12:17:26 d2.evaluation.testing]: copypaste: 9.7186,40.7490,1.0354,7.0735,12.8878,10.4477
[09/02 12:17:26 d2.evaluation.testing]: copypaste: Task: segm
[09/02 12:17:26 d2.evaluation.testing]: copypaste: AP,AP50,AP75,APs,APm,APl
[09/02 12:17:26 d2.evaluation.testing]: copypaste: 30.7627,58.5938,29.2977,16.6146,42.7519,50.3511
[eval] iter 2000 segm AP50=58.594 (best 0.000)
[09/02 12:17:27 d2.utils.events]:  eta: 1:41:20  iter: 1999  total_loss: 0.9202  loss_cls: 0.2288  loss_box_reg: 0.2866  loss_mask: 0.2857  loss_rpn_cls: 0.06828  loss_rpn_loc: 0.03666    time: 0.4741  last_time: 0.4242  data_time: 0.0580  last_data_time: 0.0673   lr: 0.0003389  max_mem: 8691M
[commit] volume committed @ iter 2000
[09/02 12:17:58 d2.utils.events]:  eta: 1:40:57  iter: 2019  total_loss: 0.906  loss_cls: 0.2137  loss_box_reg: 0.3217  loss_mask: 0.2952  loss_rpn_cls: 0.06341  loss_rpn_loc: 0.04286    time: 0.4740  last_time: 0.4840  data_time: 0.0637  last_data_time: 0.0990   lr: 0.0003389  max_mem: 8691M
[09/02 12:18:09 d2.utils.events]:  eta: 1:41:03  iter: 2039  total_loss: 0.9237  loss_cls: 0.2269  loss_box_reg: 0.3051  loss_mask: 0.2903  loss_rpn_cls: 0.06493  loss_rpn_loc: 0.04357    time: 0.4744  last_time: 0.6044  data_time: 0.0741  last_data_time: 0.0568   lr: 0.0003389  max_mem: 8691M
[09/02 12:18:19 d2.utils.events]:  eta: 1:40:54  iter: 2059  total_loss: 0.8585  loss_cls: 0.2254  loss_box_reg: 0.2497  loss_mask: 0.2893  loss_rpn_cls: 0.0612  loss_rpn_loc: 0.03701    time: 0.4747  last_time: 0.2930  data_time: 0.1046  last_data_time: 0.0106   lr: 0.0003389  max_mem: 8691M
[09/02 12:18:30 d2.utils.events]:  eta: 1:41:09  iter: 2079  total_loss: 1.051  loss_cls: 0.2667  loss_box_reg: 0.3535  loss_mask: 0.2764  loss_rpn_cls: 0.06949  loss_rpn_loc: 0.05156    time: 0.4753  last_time: 0.5762  data_time: 0.0685  last_data_time: 0.1337   lr: 0.0003389  max_mem: 8691M
[09/02 12:18:39 d2.utils.events]:  eta: 1:41:06  iter: 2099  total_loss: 0.9285  loss_cls: 0.23  loss_box_reg: 0.2898  loss_mask: 0.2802  loss_rpn_cls: 0.05551  loss_rpn_loc: 0.03153    time: 0.4751  last_time: 0.4785  data_time: 0.0667  last_data_time: 0.0289   lr: 0.0003389  max_mem: 8691M
[09/02 12:18:49 d2.utils.events]:  eta: 1:40:52  iter: 2119  total_loss: 1.018  loss_cls: 0.2443  loss_box_reg: 0.3499  loss_mask: 0.2826  loss_rpn_cls: 0.07654  loss_rpn_loc: 0.04498    time: 0.4754  last_time: 0.3538  data_time: 0.0824  last_data_time: 0.0102   lr: 0.0003389  max_mem: 8691M
[09/02 12:18:59 d2.utils.events]:  eta: 1:40:43  iter: 2139  total_loss: 0.9943  loss_cls: 0.251  loss_box_reg: 0.3314  loss_mask: 0.2883  loss_rpn_cls: 0.07466  loss_rpn_loc: 0.03585    time: 0.4756  last_time: 0.3146  data_time: 0.0699  last_data_time: 0.0397   lr: 0.0003389  max_mem: 8691M
[09/02 12:19:10 d2.utils.events]:  eta: 1:40:34  iter: 2159  total_loss: 1.092  loss_cls: 0.2678  loss_box_reg: 0.3419  loss_mask: 0.3144  loss_rpn_cls: 0.07356  loss_rpn_loc: 0.07507    time: 0.4762  last_time: 0.4750  data_time: 0.1095  last_data_time: 0.0597   lr: 0.0003389  max_mem: 8691M
[09/02 12:19:19 d2.utils.events]:  eta: 1:40:31  iter: 2179  total_loss: 0.9932  loss_cls: 0.2429  loss_box_reg: 0.3323  loss_mask: 0.2819  loss_rpn_cls: 0.06672  loss_rpn_loc: 0.0434    time: 0.4762  last_time: 0.4776  data_time: 0.0844  last_data_time: 0.1085   lr: 0.0003389  max_mem: 8691M
[09/02 12:19:29 d2.utils.events]:  eta: 1:40:22  iter: 2199  total_loss: 0.9341  loss_cls: 0.2197  loss_box_reg: 0.2863  loss_mask: 0.2807  loss_rpn_cls: 0.06166  loss_rpn_loc: 0.03233    time: 0.4763  last_time: 1.1359  data_time: 0.1179  last_data_time: 0.6435   lr: 0.0003389  max_mem: 8691M
[09/02 12:19:39 d2.utils.events]:  eta: 1:40:13  iter: 2219  total_loss: 0.8816  loss_cls: 0.2058  loss_box_reg: 0.266  loss_mask: 0.2752  loss_rpn_cls: 0.06076  loss_rpn_loc: 0.03516    time: 0.4764  last_time: 0.5077  data_time: 0.0762  last_data_time: 0.0568   lr: 0.0003389  max_mem: 8691M
[09/02 12:19:49 d2.utils.events]:  eta: 1:40:24  iter: 2239  total_loss: 0.9484  loss_cls: 0.2361  loss_box_reg: 0.2976  loss_mask: 0.2939  loss_rpn_cls: 0.06678  loss_rpn_loc: 0.05627    time: 0.4769  last_time: 0.4153  data_time: 0.0831  last_data_time: 0.0190   lr: 0.0003389  max_mem: 8691M
[09/02 12:19:58 d2.utils.events]:  eta: 1:39:40  iter: 2259  total_loss: 0.869  loss_cls: 0.2231  loss_box_reg: 0.2841  loss_mask: 0.2742  loss_rpn_cls: 0.05684  loss_rpn_loc: 0.03602    time: 0.4766  last_time: 0.3746  data_time: 0.0627  last_data_time: 0.0752   lr: 0.0003389  max_mem: 8691M
[09/02 12:20:07 d2.utils.events]:  eta: 1:39:29  iter: 2279  total_loss: 0.8586  loss_cls: 0.1995  loss_box_reg: 0.2615  loss_mask: 0.3039  loss_rpn_cls: 0.04691  loss_rpn_loc: 0.0259    time: 0.4762  last_time: 0.2860  data_time: 0.0585  last_data_time: 0.0208   lr: 0.0003389  max_mem: 8691M
[09/02 12:20:16 d2.utils.events]:  eta: 1:39:22  iter: 2299  total_loss: 0.8483  loss_cls: 0.2036  loss_box_reg: 0.2809  loss_mask: 0.2942  loss_rpn_cls: 0.04629  loss_rpn_loc: 0.02804    time: 0.4758  last_time: 0.5541  data_time: 0.0712  last_data_time: 0.0387   lr: 0.0003389  max_mem: 8691M
[09/02 12:20:25 d2.utils.events]:  eta: 1:39:01  iter: 2319  total_loss: 0.9405  loss_cls: 0.2403  loss_box_reg: 0.2881  loss_mask: 0.2997  loss_rpn_cls: 0.05938  loss_rpn_loc: 0.03018    time: 0.4756  last_time: 0.3633  data_time: 0.0707  last_data_time: 0.0527   lr: 0.0003389  max_mem: 8691M
[09/02 12:20:35 d2.utils.events]:  eta: 1:39:16  iter: 2339  total_loss: 0.9347  loss_cls: 0.2179  loss_box_reg: 0.2993  loss_mask: 0.2769  loss_rpn_cls: 0.0626  loss_rpn_loc: 0.0439    time: 0.4762  last_time: 0.4860  data_time: 0.0816  last_data_time: 0.0337   lr: 0.0003389  max_mem: 8691M
[09/02 12:20:45 d2.utils.events]:  eta: 1:39:31  iter: 2359  total_loss: 0.9945  loss_cls: 0.2471  loss_box_reg: 0.3507  loss_mask: 0.289  loss_rpn_cls: 0.07914  loss_rpn_loc: 0.0566    time: 0.4763  last_time: 0.3544  data_time: 0.0777  last_data_time: 0.0422   lr: 0.0003389  max_mem: 8691M
[09/02 12:20:53 d2.utils.events]:  eta: 1:38:53  iter: 2379  total_loss: 0.8185  loss_cls: 0.2055  loss_box_reg: 0.2355  loss_mask: 0.276  loss_rpn_cls: 0.05709  loss_rpn_loc: 0.03189    time: 0.4755  last_time: 0.3389  data_time: 0.0617  last_data_time: 0.0839   lr: 0.0003389  max_mem: 8691M
[09/02 12:21:03 d2.utils.events]:  eta: 1:38:49  iter: 2399  total_loss: 0.8542  loss_cls: 0.1985  loss_box_reg: 0.2582  loss_mask: 0.2928  loss_rpn_cls: 0.05287  loss_rpn_loc: 0.03496    time: 0.4757  last_time: 0.7929  data_time: 0.0747  last_data_time: 0.0730   lr: 0.0003389  max_mem: 8691M
[09/02 12:21:12 d2.utils.events]:  eta: 1:38:41  iter: 2419  total_loss: 0.9315  loss_cls: 0.237  loss_box_reg: 0.3005  loss_mask: 0.3015  loss_rpn_cls: 0.07695  loss_rpn_loc: 0.03491    time: 0.4756  last_time: 0.2759  data_time: 0.0603  last_data_time: 0.0240   lr: 0.0003389  max_mem: 8691M
[09/02 12:21:21 d2.utils.events]:  eta: 1:38:32  iter: 2439  total_loss: 0.9758  loss_cls: 0.2309  loss_box_reg: 0.2842  loss_mask: 0.3113  loss_rpn_cls: 0.05297  loss_rpn_loc: 0.03624    time: 0.4753  last_time: 0.3695  data_time: 0.0822  last_data_time: 0.0112   lr: 0.0003389  max_mem: 8691M
[09/02 12:21:30 d2.utils.events]:  eta: 1:38:10  iter: 2459  total_loss: 0.914  loss_cls: 0.2284  loss_box_reg: 0.2659  loss_mask: 0.2853  loss_rpn_cls: 0.06274  loss_rpn_loc: 0.03367    time: 0.4749  last_time: 0.7580  data_time: 0.0623  last_data_time: 0.2428   lr: 0.0003389  max_mem: 8691M
[09/02 12:21:38 d2.utils.events]:  eta: 1:38:10  iter: 2479  total_loss: 0.7711  loss_cls: 0.1959  loss_box_reg: 0.2442  loss_mask: 0.281  loss_rpn_cls: 0.04965  loss_rpn_loc: 0.02515    time: 0.4745  last_time: 0.3252  data_time: 0.0683  last_data_time: 0.0764   lr: 0.0003389  max_mem: 8691M
[09/02 12:21:47 d2.utils.events]:  eta: 1:37:53  iter: 2499  total_loss: 0.7944  loss_cls: 0.1916  loss_box_reg: 0.2656  loss_mask: 0.2807  loss_rpn_cls: 0.0527  loss_rpn_loc: 0.02816    time: 0.4742  last_time: 0.2833  data_time: 0.0725  last_data_time: 0.0279   lr: 0.0003389  max_mem: 8691M
[09/02 12:21:57 d2.utils.events]:  eta: 1:37:34  iter: 2519  total_loss: 0.952  loss_cls: 0.2317  loss_box_reg: 0.3187  loss_mask: 0.2949  loss_rpn_cls: 0.05163  loss_rpn_loc: 0.03797    time: 0.4743  last_time: 0.3845  data_time: 0.0716  last_data_time: 0.0131   lr: 0.0003389  max_mem: 8691M
[09/02 12:22:06 d2.utils.events]:  eta: 1:37:15  iter: 2539  total_loss: 0.8437  loss_cls: 0.2144  loss_box_reg: 0.2858  loss_mask: 0.2713  loss_rpn_cls: 0.04812  loss_rpn_loc: 0.02931    time: 0.4742  last_time: 0.3747  data_time: 0.0875  last_data_time: 0.0195   lr: 0.0003389  max_mem: 8691M
[09/02 12:22:15 d2.utils.events]:  eta: 1:37:06  iter: 2559  total_loss: 0.8395  loss_cls: 0.1934  loss_box_reg: 0.2517  loss_mask: 0.2737  loss_rpn_cls: 0.05504  loss_rpn_loc: 0.02576    time: 0.4740  last_time: 0.6611  data_time: 0.0643  last_data_time: 0.0848   lr: 0.0003389  max_mem: 8691M
[09/02 12:22:25 d2.utils.events]:  eta: 1:36:28  iter: 2579  total_loss: 0.858  loss_cls: 0.2219  loss_box_reg: 0.2963  loss_mask: 0.2893  loss_rpn_cls: 0.05055  loss_rpn_loc: 0.03648    time: 0.4742  last_time: 0.8967  data_time: 0.0905  last_data_time: 0.2151   lr: 0.0003389  max_mem: 8691M
[09/02 12:22:34 d2.utils.events]:  eta: 1:36:08  iter: 2599  total_loss: 0.9399  loss_cls: 0.2323  loss_box_reg: 0.2891  loss_mask: 0.2837  loss_rpn_cls: 0.06841  loss_rpn_loc: 0.05359    time: 0.4740  last_time: 0.3395  data_time: 0.0469  last_data_time: 0.0755   lr: 0.0003389  max_mem: 8691M
[09/02 12:22:44 d2.utils.events]:  eta: 1:36:02  iter: 2619  total_loss: 0.9488  loss_cls: 0.2307  loss_box_reg: 0.2894  loss_mask: 0.2886  loss_rpn_cls: 0.05882  loss_rpn_loc: 0.04367    time: 0.4744  last_time: 0.3422  data_time: 0.0846  last_data_time: 0.0171   lr: 0.0003389  max_mem: 8691M
[09/02 12:22:54 d2.utils.events]:  eta: 1:36:02  iter: 2639  total_loss: 0.8584  loss_cls: 0.2158  loss_box_reg: 0.266  loss_mask: 0.2983  loss_rpn_cls: 0.06084  loss_rpn_loc: 0.03207    time: 0.4743  last_time: 0.3350  data_time: 0.0564  last_data_time: 0.0688   lr: 0.0003389  max_mem: 8691M
[09/02 12:23:03 d2.utils.events]:  eta: 1:36:02  iter: 2659  total_loss: 0.8729  loss_cls: 0.2284  loss_box_reg: 0.2411  loss_mask: 0.2779  loss_rpn_cls: 0.05708  loss_rpn_loc: 0.04298    time: 0.4742  last_time: 0.5479  data_time: 0.0651  last_data_time: 0.1602   lr: 0.0003389  max_mem: 8691M
[09/02 12:23:12 d2.utils.events]:  eta: 1:35:53  iter: 2679  total_loss: 0.9484  loss_cls: 0.2329  loss_box_reg: 0.3026  loss_mask: 0.2698  loss_rpn_cls: 0.06177  loss_rpn_loc: 0.03727    time: 0.4740  last_time: 0.3740  data_time: 0.0640  last_data_time: 0.0138   lr: 0.0003389  max_mem: 8691M
[09/02 12:23:20 d2.utils.events]:  eta: 1:35:30  iter: 2699  total_loss: 0.7482  loss_cls: 0.1867  loss_box_reg: 0.2437  loss_mask: 0.2688  loss_rpn_cls: 0.04396  loss_rpn_loc: 0.02116    time: 0.4735  last_time: 0.3391  data_time: 0.0495  last_data_time: 0.0808   lr: 0.0003389  max_mem: 8691M
[09/02 12:23:30 d2.utils.events]:  eta: 1:35:43  iter: 2719  total_loss: 1.015  loss_cls: 0.2516  loss_box_reg: 0.3761  loss_mask: 0.26  loss_rpn_cls: 0.05949  loss_rpn_loc: 0.044    time: 0.4736  last_time: 0.4423  data_time: 0.0605  last_data_time: 0.0724   lr: 0.0003389  max_mem: 8691M
[09/02 12:23:40 d2.utils.events]:  eta: 1:35:37  iter: 2739  total_loss: 1.038  loss_cls: 0.256  loss_box_reg: 0.362  loss_mask: 0.2947  loss_rpn_cls: 0.06949  loss_rpn_loc: 0.04417    time: 0.4738  last_time: 0.2931  data_time: 0.0559  last_data_time: 0.0307   lr: 0.0003389  max_mem: 8691M
[09/02 12:23:50 d2.utils.events]:  eta: 1:35:48  iter: 2759  total_loss: 1.03  loss_cls: 0.2616  loss_box_reg: 0.3327  loss_mask: 0.2873  loss_rpn_cls: 0.07184  loss_rpn_loc: 0.04898    time: 0.4741  last_time: 0.4991  data_time: 0.0650  last_data_time: 0.1015   lr: 0.0003389  max_mem: 8691M
[09/02 12:24:00 d2.utils.events]:  eta: 1:35:28  iter: 2779  total_loss: 0.938  loss_cls: 0.2372  loss_box_reg: 0.2927  loss_mask: 0.2768  loss_rpn_cls: 0.06728  loss_rpn_loc: 0.02764    time: 0.4741  last_time: 0.5063  data_time: 0.0780  last_data_time: 0.0411   lr: 0.0003389  max_mem: 8691M
[09/02 12:24:09 d2.utils.events]:  eta: 1:35:09  iter: 2799  total_loss: 0.8013  loss_cls: 0.2256  loss_box_reg: 0.2949  loss_mask: 0.3014  loss_rpn_cls: 0.04961  loss_rpn_loc: 0.02923    time: 0.4741  last_time: 0.3981  data_time: 0.0609  last_data_time: 0.0253   lr: 0.0003389  max_mem: 8691M
[09/02 12:24:21 d2.utils.events]:  eta: 1:35:28  iter: 2819  total_loss: 1.028  loss_cls: 0.2444  loss_box_reg: 0.3481  loss_mask: 0.2846  loss_rpn_cls: 0.07616  loss_rpn_loc: 0.06679    time: 0.4749  last_time: 0.5545  data_time: 0.0794  last_data_time: 0.0242   lr: 0.0003389  max_mem: 8691M
[09/02 12:24:30 d2.utils.events]:  eta: 1:35:05  iter: 2839  total_loss: 0.9169  loss_cls: 0.2264  loss_box_reg: 0.3061  loss_mask: 0.2799  loss_rpn_cls: 0.05454  loss_rpn_loc: 0.04073    time: 0.4747  last_time: 0.5510  data_time: 0.0659  last_data_time: 0.0493   lr: 0.0003389  max_mem: 8691M
[09/02 12:24:40 d2.utils.events]:  eta: 1:35:11  iter: 2859  total_loss: 0.8408  loss_cls: 0.1944  loss_box_reg: 0.2564  loss_mask: 0.2842  loss_rpn_cls: 0.05372  loss_rpn_loc: 0.03151    time: 0.4750  last_time: 0.4571  data_time: 0.1475  last_data_time: 0.0167   lr: 0.0003389  max_mem: 8818M
[09/02 12:24:49 d2.utils.events]:  eta: 1:35:10  iter: 2879  total_loss: 0.8605  loss_cls: 0.2112  loss_box_reg: 0.2891  loss_mask: 0.272  loss_rpn_cls: 0.0539  loss_rpn_loc: 0.02333    time: 0.4748  last_time: 0.2682  data_time: 0.0943  last_data_time: 0.0361   lr: 0.0003389  max_mem: 8818M
[09/02 12:25:00 d2.utils.events]:  eta: 1:35:05  iter: 2899  total_loss: 0.9601  loss_cls: 0.2459  loss_box_reg: 0.2983  loss_mask: 0.2893  loss_rpn_cls: 0.07572  loss_rpn_loc: 0.04721    time: 0.4752  last_time: 0.8357  data_time: 0.1107  last_data_time: 0.3885   lr: 0.0003389  max_mem: 8818M
[09/02 12:25:09 d2.utils.events]:  eta: 1:35:06  iter: 2919  total_loss: 0.9737  loss_cls: 0.2415  loss_box_reg: 0.3029  loss_mask: 0.2928  loss_rpn_cls: 0.06889  loss_rpn_loc: 0.04799    time: 0.4752  last_time: 0.5844  data_time: 0.0642  last_data_time: 0.0573   lr: 0.0003389  max_mem: 8818M
[09/02 12:25:19 d2.utils.events]:  eta: 1:35:07  iter: 2939  total_loss: 0.8842  loss_cls: 0.2265  loss_box_reg: 0.292  loss_mask: 0.2911  loss_rpn_cls: 0.06675  loss_rpn_loc: 0.03848    time: 0.4753  last_time: 0.4315  data_time: 0.0642  last_data_time: 0.0637   lr: 0.0003389  max_mem: 8818M
[09/02 12:25:28 d2.utils.events]:  eta: 1:34:38  iter: 2959  total_loss: 0.9326  loss_cls: 0.2271  loss_box_reg: 0.2699  loss_mask: 0.2887  loss_rpn_cls: 0.05783  loss_rpn_loc: 0.0337    time: 0.4749  last_time: 0.4639  data_time: 0.0648  last_data_time: 0.0676   lr: 0.0003389  max_mem: 8818M
[09/02 12:25:37 d2.utils.events]:  eta: 1:34:40  iter: 2979  total_loss: 0.8654  loss_cls: 0.2128  loss_box_reg: 0.2548  loss_mask: 0.2908  loss_rpn_cls: 0.05407  loss_rpn_loc: 0.02388    time: 0.4749  last_time: 0.5565  data_time: 0.0911  last_data_time: 0.0144   lr: 0.0003389  max_mem: 8818M
[09/02 12:25:46 d2.utils.events]:  eta: 1:34:29  iter: 2999  total_loss: 0.8804  loss_cls: 0.2158  loss_box_reg: 0.278  loss_mask: 0.2645  loss_rpn_cls: 0.05002  loss_rpn_loc: 0.02654    time: 0.4747  last_time: 0.3915  data_time: 0.0717  last_data_time: 0.0773   lr: 0.0003389  max_mem: 8818M
[09/02 12:25:57 d2.utils.events]:  eta: 1:34:21  iter: 3019  total_loss: 0.8791  loss_cls: 0.2071  loss_box_reg: 0.2507  loss_mask: 0.2805  loss_rpn_cls: 0.0596  loss_rpn_loc: 0.03876    time: 0.4749  last_time: 0.2626  data_time: 0.0763  last_data_time: 0.0177   lr: 0.0003389  max_mem: 8818M
[09/02 12:26:07 d2.utils.events]:  eta: 1:34:12  iter: 3039  total_loss: 0.9308  loss_cls: 0.2341  loss_box_reg: 0.2981  loss_mask: 0.2928  loss_rpn_cls: 0.05877  loss_rpn_loc: 0.05125    time: 0.4751  last_time: 0.6366  data_time: 0.0896  last_data_time: 0.1354   lr: 0.0003389  max_mem: 8818M
[09/02 12:26:15 d2.utils.events]:  eta: 1:33:32  iter: 3059  total_loss: 0.8681  loss_cls: 0.2287  loss_box_reg: 0.2777  loss_mask: 0.2895  loss_rpn_cls: 0.05177  loss_rpn_loc: 0.02365    time: 0.4747  last_time: 0.2732  data_time: 0.0489  last_data_time: 0.0278   lr: 0.0003389  max_mem: 8818M
[09/02 12:26:24 d2.utils.events]:  eta: 1:32:51  iter: 3079  total_loss: 0.833  loss_cls: 0.2031  loss_box_reg: 0.2842  loss_mask: 0.2867  loss_rpn_cls: 0.04301  loss_rpn_loc: 0.02189    time: 0.4745  last_time: 0.5831  data_time: 0.0842  last_data_time: 0.0450   lr: 0.0003389  max_mem: 8818M
[09/02 12:26:34 d2.utils.events]:  eta: 1:32:43  iter: 3099  total_loss: 0.9685  loss_cls: 0.2337  loss_box_reg: 0.3404  loss_mask: 0.2721  loss_rpn_cls: 0.04949  loss_rpn_loc: 0.03406    time: 0.4747  last_time: 0.2903  data_time: 0.0799  last_data_time: 0.0280   lr: 0.0003389  max_mem: 8818M
[09/02 12:26:43 d2.utils.events]:  eta: 1:32:34  iter: 3119  total_loss: 0.889  loss_cls: 0.2222  loss_box_reg: 0.276  loss_mask: 0.2809  loss_rpn_cls: 0.07241  loss_rpn_loc: 0.04497    time: 0.4745  last_time: 0.4048  data_time: 0.0525  last_data_time: 0.0448   lr: 0.0003389  max_mem: 8818M
[09/02 12:26:52 d2.utils.events]:  eta: 1:32:18  iter: 3139  total_loss: 0.924  loss_cls: 0.2275  loss_box_reg: 0.2612  loss_mask: 0.2948  loss_rpn_cls: 0.05664  loss_rpn_loc: 0.04118    time: 0.4744  last_time: 0.4700  data_time: 0.0571  last_data_time: 0.0970   lr: 0.0003389  max_mem: 8818M
[09/02 12:27:02 d2.utils.events]:  eta: 1:32:13  iter: 3159  total_loss: 0.9416  loss_cls: 0.2478  loss_box_reg: 0.3103  loss_mask: 0.2975  loss_rpn_cls: 0.06769  loss_rpn_loc: 0.05021    time: 0.4746  last_time: 0.5791  data_time: 0.0843  last_data_time: 0.1659   lr: 0.0003389  max_mem: 8818M
[09/02 12:27:12 d2.utils.events]:  eta: 1:31:42  iter: 3179  total_loss: 0.9373  loss_cls: 0.2193  loss_box_reg: 0.2885  loss_mask: 0.2975  loss_rpn_cls: 0.05405  loss_rpn_loc: 0.02689    time: 0.4746  last_time: 0.6627  data_time: 0.0619  last_data_time: 0.0568   lr: 0.0003389  max_mem: 8818M
[09/02 12:27:21 d2.utils.events]:  eta: 1:31:30  iter: 3199  total_loss: 0.9249  loss_cls: 0.2216  loss_box_reg: 0.2802  loss_mask: 0.2817  loss_rpn_cls: 0.05601  loss_rpn_loc: 0.05472    time: 0.4746  last_time: 0.3056  data_time: 0.0558  last_data_time: 0.0466   lr: 0.0003389  max_mem: 8818M
[09/02 12:27:31 d2.utils.events]:  eta: 1:31:21  iter: 3219  total_loss: 0.8344  loss_cls: 0.212  loss_box_reg: 0.277  loss_mask: 0.2767  loss_rpn_cls: 0.0525  loss_rpn_loc: 0.02945    time: 0.4745  last_time: 0.9136  data_time: 0.0676  last_data_time: 0.1819   lr: 0.0003389  max_mem: 8818M
[09/02 12:27:41 d2.utils.events]:  eta: 1:31:13  iter: 3239  total_loss: 0.9806  loss_cls: 0.2367  loss_box_reg: 0.3003  loss_mask: 0.2945  loss_rpn_cls: 0.06959  loss_rpn_loc: 0.05319    time: 0.4748  last_time: 0.6769  data_time: 0.0557  last_data_time: 0.0540   lr: 0.0003389  max_mem: 8818M
[09/02 12:27:50 d2.utils.events]:  eta: 1:31:27  iter: 3259  total_loss: 0.8497  loss_cls: 0.2061  loss_box_reg: 0.2933  loss_mask: 0.2668  loss_rpn_cls: 0.05187  loss_rpn_loc: 0.03267    time: 0.4747  last_time: 0.3983  data_time: 0.0549  last_data_time: 0.0542   lr: 0.0003389  max_mem: 8818M
[09/02 12:28:01 d2.utils.events]:  eta: 1:31:18  iter: 3279  total_loss: 0.916  loss_cls: 0.2197  loss_box_reg: 0.2961  loss_mask: 0.2704  loss_rpn_cls: 0.04683  loss_rpn_loc: 0.03708    time: 0.4751  last_time: 0.4118  data_time: 0.1514  last_data_time: 0.0439   lr: 0.0003389  max_mem: 8818M
[09/02 12:28:11 d2.utils.events]:  eta: 1:31:01  iter: 3299  total_loss: 0.8865  loss_cls: 0.224  loss_box_reg: 0.3006  loss_mask: 0.2806  loss_rpn_cls: 0.05534  loss_rpn_loc: 0.0269    time: 0.4752  last_time: 0.4054  data_time: 0.0805  last_data_time: 0.0694   lr: 0.0003389  max_mem: 8818M
[09/02 12:28:21 d2.utils.events]:  eta: 1:31:11  iter: 3319  total_loss: 0.9471  loss_cls: 0.2254  loss_box_reg: 0.2767  loss_mask: 0.2958  loss_rpn_cls: 0.0623  loss_rpn_loc: 0.04562    time: 0.4753  last_time: 0.6580  data_time: 0.0646  last_data_time: 0.0929   lr: 0.0003389  max_mem: 8818M
[09/02 12:28:32 d2.utils.events]:  eta: 1:31:09  iter: 3339  total_loss: 1.121  loss_cls: 0.2799  loss_box_reg: 0.3769  loss_mask: 0.2934  loss_rpn_cls: 0.07481  loss_rpn_loc: 0.05149    time: 0.4758  last_time: 0.5284  data_time: 0.0557  last_data_time: 0.0505   lr: 0.0003389  max_mem: 8818M
[09/02 12:28:41 d2.utils.events]:  eta: 1:30:50  iter: 3359  total_loss: 0.9089  loss_cls: 0.2291  loss_box_reg: 0.2998  loss_mask: 0.271  loss_rpn_cls: 0.05328  loss_rpn_loc: 0.03866    time: 0.4757  last_time: 0.3146  data_time: 0.0575  last_data_time: 0.0387   lr: 0.0003389  max_mem: 8818M
[09/02 12:28:52 d2.utils.events]:  eta: 1:31:06  iter: 3379  total_loss: 0.8944  loss_cls: 0.2326  loss_box_reg: 0.3139  loss_mask: 0.2896  loss_rpn_cls: 0.05306  loss_rpn_loc: 0.04836    time: 0.4761  last_time: 0.3580  data_time: 0.0624  last_data_time: 0.0347   lr: 0.0003389  max_mem: 8818M
[09/02 12:29:01 d2.utils.events]:  eta: 1:30:49  iter: 3399  total_loss: 0.8364  loss_cls: 0.2105  loss_box_reg: 0.2705  loss_mask: 0.2912  loss_rpn_cls: 0.04879  loss_rpn_loc: 0.03172    time: 0.4761  last_time: 0.5756  data_time: 0.0825  last_data_time: 0.0638   lr: 0.0003389  max_mem: 8818M
[09/02 12:29:10 d2.utils.events]:  eta: 1:30:49  iter: 3419  total_loss: 0.9449  loss_cls: 0.2407  loss_box_reg: 0.3152  loss_mask: 0.2904  loss_rpn_cls: 0.05151  loss_rpn_loc: 0.03285    time: 0.4760  last_time: 0.5196  data_time: 0.0611  last_data_time: 0.0397   lr: 0.0003389  max_mem: 8818M
[09/02 12:29:19 d2.utils.events]:  eta: 1:30:43  iter: 3439  total_loss: 0.8946  loss_cls: 0.2134  loss_box_reg: 0.3002  loss_mask: 0.2589  loss_rpn_cls: 0.04803  loss_rpn_loc: 0.02771    time: 0.4758  last_time: 0.6859  data_time: 0.0564  last_data_time: 0.0161   lr: 0.0003389  max_mem: 8818M
[09/02 12:29:30 d2.utils.events]:  eta: 1:30:58  iter: 3459  total_loss: 0.997  loss_cls: 0.2646  loss_box_reg: 0.3009  loss_mask: 0.2811  loss_rpn_cls: 0.07285  loss_rpn_loc: 0.05173    time: 0.4760  last_time: 0.3939  data_time: 0.0767  last_data_time: 0.0419   lr: 0.0003389  max_mem: 8818M
[09/02 12:29:39 d2.utils.events]:  eta: 1:30:43  iter: 3479  total_loss: 0.8426  loss_cls: 0.203  loss_box_reg: 0.2695  loss_mask: 0.2816  loss_rpn_cls: 0.05674  loss_rpn_loc: 0.04061    time: 0.4758  last_time: 0.7941  data_time: 0.0785  last_data_time: 0.1535   lr: 0.0003389  max_mem: 8818M
[09/02 12:29:48 d2.utils.events]:  eta: 1:30:39  iter: 3499  total_loss: 0.9015  loss_cls: 0.2036  loss_box_reg: 0.2907  loss_mask: 0.2794  loss_rpn_cls: 0.05229  loss_rpn_loc: 0.03641    time: 0.4759  last_time: 0.5544  data_time: 0.0995  last_data_time: 0.1562   lr: 0.0003389  max_mem: 8818M
[09/02 12:29:57 d2.utils.events]:  eta: 1:30:09  iter: 3519  total_loss: 0.8407  loss_cls: 0.2136  loss_box_reg: 0.2892  loss_mask: 0.2576  loss_rpn_cls: 0.05466  loss_rpn_loc: 0.03084    time: 0.4757  last_time: 0.3994  data_time: 0.0520  last_data_time: 0.0191   lr: 0.0003389  max_mem: 8818M
[09/02 12:30:07 d2.utils.events]:  eta: 1:30:03  iter: 3539  total_loss: 0.8951  loss_cls: 0.2112  loss_box_reg: 0.3085  loss_mask: 0.2774  loss_rpn_cls: 0.04978  loss_rpn_loc: 0.03051    time: 0.4756  last_time: 0.6266  data_time: 0.0745  last_data_time: 0.0872   lr: 0.0003389  max_mem: 8818M
[09/02 12:30:16 d2.utils.events]:  eta: 1:29:54  iter: 3559  total_loss: 0.9859  loss_cls: 0.2509  loss_box_reg: 0.3342  loss_mask: 0.2872  loss_rpn_cls: 0.0622  loss_rpn_loc: 0.03524    time: 0.4755  last_time: 0.4021  data_time: 0.0685  last_data_time: 0.0270   lr: 0.0003389  max_mem: 8818M
[09/02 12:30:25 d2.utils.events]:  eta: 1:29:43  iter: 3579  total_loss: 0.9232  loss_cls: 0.2528  loss_box_reg: 0.3158  loss_mask: 0.2821  loss_rpn_cls: 0.05261  loss_rpn_loc: 0.031    time: 0.4753  last_time: 0.3283  data_time: 0.0656  last_data_time: 0.0803   lr: 0.0003389  max_mem: 8818M
[09/02 12:30:35 d2.utils.events]:  eta: 1:29:51  iter: 3599  total_loss: 0.9372  loss_cls: 0.2368  loss_box_reg: 0.3074  loss_mask: 0.2816  loss_rpn_cls: 0.05795  loss_rpn_loc: 0.04178    time: 0.4756  last_time: 0.3092  data_time: 0.1108  last_data_time: 0.0153   lr: 0.0003389  max_mem: 8818M
[09/02 12:30:45 d2.utils.events]:  eta: 1:29:33  iter: 3619  total_loss: 0.8425  loss_cls: 0.2002  loss_box_reg: 0.3115  loss_mask: 0.2853  loss_rpn_cls: 0.05141  loss_rpn_loc: 0.0368    time: 0.4756  last_time: 0.4971  data_time: 0.0662  last_data_time: 0.0345   lr: 0.0003389  max_mem: 8818M
[09/02 12:30:55 d2.utils.events]:  eta: 1:29:33  iter: 3639  total_loss: 0.9653  loss_cls: 0.2558  loss_box_reg: 0.3216  loss_mask: 0.2956  loss_rpn_cls: 0.06607  loss_rpn_loc: 0.02938    time: 0.4757  last_time: 0.5530  data_time: 0.0703  last_data_time: 0.0624   lr: 0.0003389  max_mem: 8818M
[09/02 12:31:05 d2.utils.events]:  eta: 1:29:16  iter: 3659  total_loss: 0.9768  loss_cls: 0.2575  loss_box_reg: 0.3289  loss_mask: 0.2868  loss_rpn_cls: 0.05569  loss_rpn_loc: 0.03927    time: 0.4759  last_time: 0.8613  data_time: 0.0670  last_data_time: 0.0988   lr: 0.0003389  max_mem: 8818M
[09/02 12:31:14 d2.utils.events]:  eta: 1:29:02  iter: 3679  total_loss: 0.873  loss_cls: 0.2205  loss_box_reg: 0.2904  loss_mask: 0.2794  loss_rpn_cls: 0.06669  loss_rpn_loc: 0.03974    time: 0.4757  last_time: 0.4710  data_time: 0.0654  last_data_time: 0.1189   lr: 0.0003389  max_mem: 8818M
[09/02 12:31:24 d2.utils.events]:  eta: 1:29:03  iter: 3699  total_loss: 0.8801  loss_cls: 0.2434  loss_box_reg: 0.2984  loss_mask: 0.3011  loss_rpn_cls: 0.05386  loss_rpn_loc: 0.04008    time: 0.4758  last_time: 0.3664  data_time: 0.0778  last_data_time: 0.0167   lr: 0.0003389  max_mem: 8818M
[09/02 12:31:33 d2.utils.events]:  eta: 1:28:39  iter: 3719  total_loss: 0.863  loss_cls: 0.2214  loss_box_reg: 0.2932  loss_mask: 0.2664  loss_rpn_cls: 0.05828  loss_rpn_loc: 0.0316    time: 0.4757  last_time: 0.4610  data_time: 0.0730  last_data_time: 0.1383   lr: 0.0003389  max_mem: 8818M
[09/02 12:31:41 d2.utils.events]:  eta: 1:28:30  iter: 3739  total_loss: 0.9774  loss_cls: 0.2549  loss_box_reg: 0.2978  loss_mask: 0.2919  loss_rpn_cls: 0.06042  loss_rpn_loc: 0.03108    time: 0.4755  last_time: 0.3265  data_time: 0.0635  last_data_time: 0.0237   lr: 0.0003389  max_mem: 8818M
[09/02 12:31:52 d2.utils.events]:  eta: 1:28:37  iter: 3759  total_loss: 0.9409  loss_cls: 0.2358  loss_box_reg: 0.3477  loss_mask: 0.3058  loss_rpn_cls: 0.05724  loss_rpn_loc: 0.04365    time: 0.4757  last_time: 0.7051  data_time: 0.0660  last_data_time: 0.0807   lr: 0.0003389  max_mem: 8818M
[09/02 12:32:00 d2.utils.events]:  eta: 1:28:11  iter: 3779  total_loss: 0.8888  loss_cls: 0.2235  loss_box_reg: 0.2808  loss_mask: 0.2787  loss_rpn_cls: 0.05825  loss_rpn_loc: 0.03046    time: 0.4754  last_time: 0.2920  data_time: 0.0749  last_data_time: 0.0396   lr: 0.0003389  max_mem: 8818M
[09/02 12:32:10 d2.utils.events]:  eta: 1:28:02  iter: 3799  total_loss: 0.886  loss_cls: 0.2263  loss_box_reg: 0.302  loss_mask: 0.2768  loss_rpn_cls: 0.04727  loss_rpn_loc: 0.03164    time: 0.4753  last_time: 0.4471  data_time: 0.0766  last_data_time: 0.0411   lr: 0.0003389  max_mem: 8818M
[09/02 12:32:18 d2.utils.events]:  eta: 1:27:31  iter: 3819  total_loss: 0.848  loss_cls: 0.2116  loss_box_reg: 0.266  loss_mask: 0.2646  loss_rpn_cls: 0.05535  loss_rpn_loc: 0.031    time: 0.4750  last_time: 0.4307  data_time: 0.0586  last_data_time: 0.1438   lr: 0.0003389  max_mem: 8818M
[09/02 12:32:27 d2.utils.events]:  eta: 1:27:26  iter: 3839  total_loss: 0.8799  loss_cls: 0.2216  loss_box_reg: 0.3061  loss_mask: 0.2889  loss_rpn_cls: 0.05177  loss_rpn_loc: 0.03081    time: 0.4749  last_time: 0.5045  data_time: 0.0516  last_data_time: 0.0933   lr: 0.0003389  max_mem: 8818M
[09/02 12:32:36 d2.utils.events]:  eta: 1:27:12  iter: 3859  total_loss: 0.8597  loss_cls: 0.2132  loss_box_reg: 0.262  loss_mask: 0.2838  loss_rpn_cls: 0.05866  loss_rpn_loc: 0.03614    time: 0.4748  last_time: 0.3471  data_time: 0.0887  last_data_time: 0.0163   lr: 0.0003389  max_mem: 8818M
[09/02 12:32:44 d2.utils.events]:  eta: 1:27:01  iter: 3879  total_loss: 0.9216  loss_cls: 0.2276  loss_box_reg: 0.3128  loss_mask: 0.2831  loss_rpn_cls: 0.06144  loss_rpn_loc: 0.03502    time: 0.4745  last_time: 0.3232  data_time: 0.0453  last_data_time: 0.0222   lr: 0.0003389  max_mem: 8818M
[09/02 12:32:54 d2.utils.events]:  eta: 1:26:52  iter: 3899  total_loss: 0.9175  loss_cls: 0.2256  loss_box_reg: 0.3126  loss_mask: 0.2664  loss_rpn_cls: 0.05459  loss_rpn_loc: 0.03811    time: 0.4745  last_time: 0.2959  data_time: 0.0481  last_data_time: 0.0260   lr: 0.0003389  max_mem: 8818M
[09/02 12:33:03 d2.utils.events]:  eta: 1:26:31  iter: 3919  total_loss: 0.9006  loss_cls: 0.2289  loss_box_reg: 0.2724  loss_mask: 0.29  loss_rpn_cls: 0.05482  loss_rpn_loc: 0.03594    time: 0.4745  last_time: 0.7030  data_time: 0.1003  last_data_time: 0.1165   lr: 0.0003389  max_mem: 8818M
[09/02 12:33:13 d2.utils.events]:  eta: 1:26:18  iter: 3939  total_loss: 0.9586  loss_cls: 0.2525  loss_box_reg: 0.3343  loss_mask: 0.2906  loss_rpn_cls: 0.06175  loss_rpn_loc: 0.04192    time: 0.4746  last_time: 0.3577  data_time: 0.0790  last_data_time: 0.0772   lr: 0.0003389  max_mem: 8818M
[09/02 12:33:23 d2.utils.events]:  eta: 1:26:31  iter: 3959  total_loss: 0.8752  loss_cls: 0.2316  loss_box_reg: 0.3169  loss_mask: 0.2822  loss_rpn_cls: 0.05514  loss_rpn_loc: 0.03316    time: 0.4746  last_time: 0.6852  data_time: 0.0577  last_data_time: 0.0402   lr: 0.0003389  max_mem: 8818M
[09/02 12:33:32 d2.utils.events]:  eta: 1:26:32  iter: 3979  total_loss: 0.984  loss_cls: 0.2379  loss_box_reg: 0.3038  loss_mask: 0.2862  loss_rpn_cls: 0.05065  loss_rpn_loc: 0.03447    time: 0.4745  last_time: 0.7392  data_time: 0.0787  last_data_time: 0.2980   lr: 0.0003389  max_mem: 8818M
[09/02 12:33:43 d2.data.datasets.coco]: Loaded 896 images in COCO format from /vol/data/val/coco.json
[09/02 12:33:43 d2.data.dataset_mapper]: [DatasetMapper] Augmentations used in inference: [ResizeShortestEdge(short_edge_length=(1000, 1000), max_size=1333, sample_style='choice')]
[09/02 12:33:43 d2.data.common]: Serializing the dataset using: <class 'detectron2.data.common._TorchSerializedList'>
[09/02 12:33:43 d2.data.common]: Serializing 896 elements to byte tensors and concatenating them all ...
[09/02 12:33:43 d2.data.common]: Serialized dataset takes 6.12 MiB
[09/02 12:33:43 d2.evaluation.evaluator]: Start inference on 896 batches
[09/02 12:33:56 d2.evaluation.evaluator]: Inference done 11/896. Dataloading: 0.0032 s/iter. Inference: 0.0705 s/iter. Eval: 0.8943 s/iter. Total: 0.9681 s/iter. ETA=0:14:16
[09/02 12:34:02 d2.evaluation.evaluator]: Inference done 20/896. Dataloading: 0.0026 s/iter. Inference: 0.0667 s/iter. Eval: 0.6719 s/iter. Total: 0.7414 s/iter. ETA=0:10:49
[09/02 12:34:07 d2.evaluation.evaluator]: Inference done 25/896. Dataloading: 0.0026 s/iter. Inference: 0.0681 s/iter. Eval: 0.7427 s/iter. Total: 0.8136 s/iter. ETA=0:11:48
[09/02 12:34:12 d2.evaluation.evaluator]: Inference done 35/896. Dataloading: 0.0032 s/iter. Inference: 0.0666 s/iter. Eval: 0.6547 s/iter. Total: 0.7246 s/iter. ETA=0:10:23
[09/02 12:34:17 d2.evaluation.evaluator]: Inference done 46/896. Dataloading: 0.0033 s/iter. Inference: 0.0647 s/iter. Eval: 0.5902 s/iter. Total: 0.6583 s/iter. ETA=0:09:19
[09/02 12:34:23 d2.evaluation.evaluator]: Inference done 53/896. Dataloading: 0.0033 s/iter. Inference: 0.0650 s/iter. Eval: 0.6061 s/iter. Total: 0.6747 s/iter. ETA=0:09:28
[09/02 12:34:28 d2.evaluation.evaluator]: Inference done 69/896. Dataloading: 0.0036 s/iter. Inference: 0.0643 s/iter. Eval: 0.5181 s/iter. Total: 0.5862 s/iter. ETA=0:08:04
[09/02 12:34:33 d2.evaluation.evaluator]: Inference done 84/896. Dataloading: 0.0036 s/iter. Inference: 0.0632 s/iter. Eval: 0.4753 s/iter. Total: 0.5423 s/iter. ETA=0:07:20
[09/02 12:34:39 d2.evaluation.evaluator]: Inference done 95/896. Dataloading: 0.0035 s/iter. Inference: 0.0631 s/iter. Eval: 0.4699 s/iter. Total: 0.5368 s/iter. ETA=0:07:09
[09/02 12:34:44 d2.evaluation.evaluator]: Inference done 102/896. Dataloading: 0.0038 s/iter. Inference: 0.0632 s/iter. Eval: 0.4862 s/iter. Total: 0.5534 s/iter. ETA=0:07:19
[09/02 12:34:50 d2.evaluation.evaluator]: Inference done 108/896. Dataloading: 0.0037 s/iter. Inference: 0.0636 s/iter. Eval: 0.5077 s/iter. Total: 0.5753 s/iter. ETA=0:07:33
[09/02 12:34:55 d2.evaluation.evaluator]: Inference done 116/896. Dataloading: 0.0037 s/iter. Inference: 0.0639 s/iter. Eval: 0.5119 s/iter. Total: 0.5797 s/iter. ETA=0:07:32
[09/02 12:35:00 d2.evaluation.evaluator]: Inference done 124/896. Dataloading: 0.0038 s/iter. Inference: 0.0647 s/iter. Eval: 0.5173 s/iter. Total: 0.5861 s/iter. ETA=0:07:32
[09/02 12:35:05 d2.evaluation.evaluator]: Inference done 130/896. Dataloading: 0.0038 s/iter. Inference: 0.0651 s/iter. Eval: 0.5295 s/iter. Total: 0.5986 s/iter. ETA=0:07:38
[09/02 12:35:11 d2.evaluation.evaluator]: Inference done 137/896. Dataloading: 0.0039 s/iter. Inference: 0.0654 s/iter. Eval: 0.5384 s/iter. Total: 0.6079 s/iter. ETA=0:07:41
[09/02 12:35:16 d2.evaluation.evaluator]: Inference done 149/896. Dataloading: 0.0038 s/iter. Inference: 0.0650 s/iter. Eval: 0.5237 s/iter. Total: 0.5927 s/iter. ETA=0:07:22
[09/02 12:35:21 d2.evaluation.evaluator]: Inference done 154/896. Dataloading: 0.0039 s/iter. Inference: 0.0652 s/iter. Eval: 0.5374 s/iter. Total: 0.6067 s/iter. ETA=0:07:30
[09/02 12:35:26 d2.evaluation.evaluator]: Inference done 162/896. Dataloading: 0.0039 s/iter. Inference: 0.0653 s/iter. Eval: 0.5391 s/iter. Total: 0.6085 s/iter. ETA=0:07:26
[09/02 12:35:31 d2.evaluation.evaluator]: Inference done 180/896. Dataloading: 0.0038 s/iter. Inference: 0.0643 s/iter. Eval: 0.5080 s/iter. Total: 0.5764 s/iter. ETA=0:06:52
[09/02 12:35:38 d2.evaluation.evaluator]: Inference done 184/896. Dataloading: 0.0039 s/iter. Inference: 0.0651 s/iter. Eval: 0.5296 s/iter. Total: 0.5987 s/iter. ETA=0:07:06
[09/02 12:35:43 d2.evaluation.evaluator]: Inference done 188/896. Dataloading: 0.0039 s/iter. Inference: 0.0653 s/iter. Eval: 0.5453 s/iter. Total: 0.6148 s/iter. ETA=0:07:15
[09/02 12:35:48 d2.evaluation.evaluator]: Inference done 193/896. Dataloading: 0.0040 s/iter. Inference: 0.0660 s/iter. Eval: 0.5551 s/iter. Total: 0.6254 s/iter. ETA=0:07:19
[09/02 12:35:54 d2.evaluation.evaluator]: Inference done 200/896. Dataloading: 0.0040 s/iter. Inference: 0.0662 s/iter. Eval: 0.5608 s/iter. Total: 0.6313 s/iter. ETA=0:07:19
[09/02 12:36:00 d2.evaluation.evaluator]: Inference done 206/896. Dataloading: 0.0040 s/iter. Inference: 0.0664 s/iter. Eval: 0.5727 s/iter. Total: 0.6434 s/iter. ETA=0:07:23
[09/02 12:36:06 d2.evaluation.evaluator]: Inference done 211/896. Dataloading: 0.0040 s/iter. Inference: 0.0671 s/iter. Eval: 0.5855 s/iter. Total: 0.6570 s/iter. ETA=0:07:30
[09/02 12:36:11 d2.evaluation.evaluator]: Inference done 215/896. Dataloading: 0.0039 s/iter. Inference: 0.0673 s/iter. Eval: 0.5985 s/iter. Total: 0.6701 s/iter. ETA=0:07:36
[09/02 12:36:17 d2.evaluation.evaluator]: Inference done 225/896. Dataloading: 0.0039 s/iter. Inference: 0.0672 s/iter. Eval: 0.5970 s/iter. Total: 0.6684 s/iter. ETA=0:07:28
[09/02 12:36:23 d2.evaluation.evaluator]: Inference done 236/896. Dataloading: 0.0038 s/iter. Inference: 0.0669 s/iter. Eval: 0.5876 s/iter. Total: 0.6587 s/iter. ETA=0:07:14
[09/02 12:36:28 d2.evaluation.evaluator]: Inference done 243/896. Dataloading: 0.0041 s/iter. Inference: 0.0671 s/iter. Eval: 0.5907 s/iter. Total: 0.6622 s/iter. ETA=0:07:12
[09/02 12:36:34 d2.evaluation.evaluator]: Inference done 250/896. Dataloading: 0.0041 s/iter. Inference: 0.0674 s/iter. Eval: 0.5952 s/iter. Total: 0.6669 s/iter. ETA=0:07:10
[09/02 12:36:39 d2.evaluation.evaluator]: Inference done 254/896. Dataloading: 0.0041 s/iter. Inference: 0.0676 s/iter. Eval: 0.6056 s/iter. Total: 0.6775 s/iter. ETA=0:07:14
[09/02 12:36:45 d2.evaluation.evaluator]: Inference done 259/896. Dataloading: 0.0042 s/iter. Inference: 0.0677 s/iter. Eval: 0.6154 s/iter. Total: 0.6876 s/iter. ETA=0:07:17
[09/02 12:36:51 d2.evaluation.evaluator]: Inference done 264/896. Dataloading: 0.0043 s/iter. Inference: 0.0680 s/iter. Eval: 0.6264 s/iter. Total: 0.6990 s/iter. ETA=0:07:21
[09/02 12:36:57 d2.evaluation.evaluator]: Inference done 271/896. Dataloading: 0.0044 s/iter. Inference: 0.0681 s/iter. Eval: 0.6278 s/iter. Total: 0.7006 s/iter. ETA=0:07:17
[09/02 12:37:02 d2.evaluation.evaluator]: Inference done 279/896. Dataloading: 0.0044 s/iter. Inference: 0.0682 s/iter. Eval: 0.6258 s/iter. Total: 0.6987 s/iter. ETA=0:07:11
[09/02 12:37:08 d2.evaluation.evaluator]: Inference done 286/896. Dataloading: 0.0043 s/iter. Inference: 0.0680 s/iter. Eval: 0.6304 s/iter. Total: 0.7031 s/iter. ETA=0:07:08
[09/02 12:37:13 d2.evaluation.evaluator]: Inference done 295/896. Dataloading: 0.0043 s/iter. Inference: 0.0677 s/iter. Eval: 0.6276 s/iter. Total: 0.6999 s/iter. ETA=0:07:00
[09/02 12:37:19 d2.evaluation.evaluator]: Inference done 305/896. Dataloading: 0.0043 s/iter. Inference: 0.0676 s/iter. Eval: 0.6220 s/iter. Total: 0.6942 s/iter. ETA=0:06:50
[09/02 12:37:24 d2.evaluation.evaluator]: Inference done 316/896. Dataloading: 0.0042 s/iter. Inference: 0.0671 s/iter. Eval: 0.6147 s/iter. Total: 0.6863 s/iter. ETA=0:06:38
[09/02 12:37:30 d2.evaluation.evaluator]: Inference done 325/896. Dataloading: 0.0042 s/iter. Inference: 0.0670 s/iter. Eval: 0.6143 s/iter. Total: 0.6857 s/iter. ETA=0:06:31
[09/02 12:37:35 d2.evaluation.evaluator]: Inference done 333/896. Dataloading: 0.0041 s/iter. Inference: 0.0668 s/iter. Eval: 0.6144 s/iter. Total: 0.6857 s/iter. ETA=0:06:26
[09/02 12:37:41 d2.evaluation.evaluator]: Inference done 343/896. Dataloading: 0.0043 s/iter. Inference: 0.0669 s/iter. Eval: 0.6096 s/iter. Total: 0.6812 s/iter. ETA=0:06:16
[09/02 12:37:46 d2.evaluation.evaluator]: Inference done 359/896. Dataloading: 0.0042 s/iter. Inference: 0.0663 s/iter. Eval: 0.5945 s/iter. Total: 0.6653 s/iter. ETA=0:05:57
[09/02 12:37:52 d2.evaluation.evaluator]: Inference done 369/896. Dataloading: 0.0041 s/iter. Inference: 0.0661 s/iter. Eval: 0.5919 s/iter. Total: 0.6625 s/iter. ETA=0:05:49
[09/02 12:37:57 d2.evaluation.evaluator]: Inference done 377/896. Dataloading: 0.0041 s/iter. Inference: 0.0660 s/iter. Eval: 0.5917 s/iter. Total: 0.6621 s/iter. ETA=0:05:43
[09/02 12:38:03 d2.evaluation.evaluator]: Inference done 386/896. Dataloading: 0.0041 s/iter. Inference: 0.0660 s/iter. Eval: 0.5926 s/iter. Total: 0.6630 s/iter. ETA=0:05:38
[09/02 12:38:08 d2.evaluation.evaluator]: Inference done 396/896. Dataloading: 0.0041 s/iter. Inference: 0.0659 s/iter. Eval: 0.5890 s/iter. Total: 0.6594 s/iter. ETA=0:05:29
[09/02 12:38:14 d2.evaluation.evaluator]: Inference done 407/896. Dataloading: 0.0041 s/iter. Inference: 0.0657 s/iter. Eval: 0.5857 s/iter. Total: 0.6558 s/iter. ETA=0:05:20
[09/02 12:38:19 d2.evaluation.evaluator]: Inference done 411/896. Dataloading: 0.0041 s/iter. Inference: 0.0657 s/iter. Eval: 0.5916 s/iter. Total: 0.6617 s/iter. ETA=0:05:20
[09/02 12:38:24 d2.evaluation.evaluator]: Inference done 416/896. Dataloading: 0.0041 s/iter. Inference: 0.0657 s/iter. Eval: 0.5966 s/iter. Total: 0.6667 s/iter. ETA=0:05:20
[09/02 12:38:30 d2.evaluation.evaluator]: Inference done 420/896. Dataloading: 0.0041 s/iter. Inference: 0.0658 s/iter. Eval: 0.6030 s/iter. Total: 0.6732 s/iter. ETA=0:05:20
[09/02 12:38:36 d2.evaluation.evaluator]: Inference done 425/896. Dataloading: 0.0040 s/iter. Inference: 0.0660 s/iter. Eval: 0.6089 s/iter. Total: 0.6793 s/iter. ETA=0:05:19
[09/02 12:38:41 d2.evaluation.evaluator]: Inference done 431/896. Dataloading: 0.0040 s/iter. Inference: 0.0661 s/iter. Eval: 0.6120 s/iter. Total: 0.6824 s/iter. ETA=0:05:17
[09/02 12:38:46 d2.evaluation.evaluator]: Inference done 438/896. Dataloading: 0.0040 s/iter. Inference: 0.0660 s/iter. Eval: 0.6131 s/iter. Total: 0.6835 s/iter. ETA=0:05:13
[09/02 12:38:52 d2.evaluation.evaluator]: Inference done 443/896. Dataloading: 0.0040 s/iter. Inference: 0.0662 s/iter. Eval: 0.6176 s/iter. Total: 0.6881 s/iter. ETA=0:05:11
[09/02 12:38:57 d2.evaluation.evaluator]: Inference done 450/896. Dataloading: 0.0040 s/iter. Inference: 0.0663 s/iter. Eval: 0.6183 s/iter. Total: 0.6889 s/iter. ETA=0:05:07
[09/02 12:39:02 d2.evaluation.evaluator]: Inference done 464/896. Dataloading: 0.0039 s/iter. Inference: 0.0660 s/iter. Eval: 0.6088 s/iter. Total: 0.6791 s/iter. ETA=0:04:53
[09/02 12:39:08 d2.evaluation.evaluator]: Inference done 471/896. Dataloading: 0.0039 s/iter. Inference: 0.0659 s/iter. Eval: 0.6118 s/iter. Total: 0.6820 s/iter. ETA=0:04:49
[09/02 12:39:13 d2.evaluation.evaluator]: Inference done 478/896. Dataloading: 0.0039 s/iter. Inference: 0.0659 s/iter. Eval: 0.6127 s/iter. Total: 0.6829 s/iter. ETA=0:04:45
[09/02 12:39:19 d2.evaluation.evaluator]: Inference done 486/896. Dataloading: 0.0039 s/iter. Inference: 0.0658 s/iter. Eval: 0.6131 s/iter. Total: 0.6831 s/iter. ETA=0:04:40
[09/02 12:39:24 d2.evaluation.evaluator]: Inference done 492/896. Dataloading: 0.0039 s/iter. Inference: 0.0660 s/iter. Eval: 0.6156 s/iter. Total: 0.6858 s/iter. ETA=0:04:37
[09/02 12:39:30 d2.evaluation.evaluator]: Inference done 499/896. Dataloading: 0.0039 s/iter. Inference: 0.0660 s/iter. Eval: 0.6166 s/iter. Total: 0.6868 s/iter. ETA=0:04:32
[09/02 12:39:35 d2.evaluation.evaluator]: Inference done 508/896. Dataloading: 0.0039 s/iter. Inference: 0.0659 s/iter. Eval: 0.6156 s/iter. Total: 0.6858 s/iter. ETA=0:04:26
[09/02 12:39:40 d2.evaluation.evaluator]: Inference done 521/896. Dataloading: 0.0039 s/iter. Inference: 0.0658 s/iter. Eval: 0.6084 s/iter. Total: 0.6784 s/iter. ETA=0:04:14
[09/02 12:39:46 d2.evaluation.evaluator]: Inference done 536/896. Dataloading: 0.0038 s/iter. Inference: 0.0655 s/iter. Eval: 0.5992 s/iter. Total: 0.6688 s/iter. ETA=0:04:00
[09/02 12:39:52 d2.evaluation.evaluator]: Inference done 544/896. Dataloading: 0.0038 s/iter. Inference: 0.0654 s/iter. Eval: 0.6011 s/iter. Total: 0.6707 s/iter. ETA=0:03:56
[09/02 12:39:58 d2.evaluation.evaluator]: Inference done 549/896. Dataloading: 0.0039 s/iter. Inference: 0.0658 s/iter. Eval: 0.6053 s/iter. Total: 0.6753 s/iter. ETA=0:03:54
[09/02 12:40:03 d2.evaluation.evaluator]: Inference done 554/896. Dataloading: 0.0039 s/iter. Inference: 0.0658 s/iter. Eval: 0.6087 s/iter. Total: 0.6788 s/iter. ETA=0:03:52
[09/02 12:40:08 d2.evaluation.evaluator]: Inference done 562/896. Dataloading: 0.0039 s/iter. Inference: 0.0657 s/iter. Eval: 0.6083 s/iter. Total: 0.6783 s/iter. ETA=0:03:46
[09/02 12:40:14 d2.evaluation.evaluator]: Inference done 570/896. Dataloading: 0.0039 s/iter. Inference: 0.0657 s/iter. Eval: 0.6088 s/iter. Total: 0.6787 s/iter. ETA=0:03:41
[09/02 12:40:19 d2.evaluation.evaluator]: Inference done 580/896. Dataloading: 0.0039 s/iter. Inference: 0.0656 s/iter. Eval: 0.6062 s/iter. Total: 0.6760 s/iter. ETA=0:03:33
[09/02 12:40:24 d2.evaluation.evaluator]: Inference done 592/896. Dataloading: 0.0039 s/iter. Inference: 0.0655 s/iter. Eval: 0.6015 s/iter. Total: 0.6712 s/iter. ETA=0:03:24
[09/02 12:40:30 d2.evaluation.evaluator]: Inference done 604/896. Dataloading: 0.0038 s/iter. Inference: 0.0653 s/iter. Eval: 0.5969 s/iter. Total: 0.6663 s/iter. ETA=0:03:14
[09/02 12:40:35 d2.evaluation.evaluator]: Inference done 613/896. Dataloading: 0.0038 s/iter. Inference: 0.0652 s/iter. Eval: 0.5956 s/iter. Total: 0.6650 s/iter. ETA=0:03:08
[09/02 12:40:41 d2.evaluation.evaluator]: Inference done 621/896. Dataloading: 0.0038 s/iter. Inference: 0.0652 s/iter. Eval: 0.5979 s/iter. Total: 0.6672 s/iter. ETA=0:03:03
[09/02 12:40:47 d2.evaluation.evaluator]: Inference done 626/896. Dataloading: 0.0038 s/iter. Inference: 0.0653 s/iter. Eval: 0.6014 s/iter. Total: 0.6708 s/iter. ETA=0:03:01
[09/02 12:40:53 d2.evaluation.evaluator]: Inference done 630/896. Dataloading: 0.0038 s/iter. Inference: 0.0654 s/iter. Eval: 0.6063 s/iter. Total: 0.6758 s/iter. ETA=0:02:59
[09/02 12:40:58 d2.evaluation.evaluator]: Inference done 635/896. Dataloading: 0.0038 s/iter. Inference: 0.0654 s/iter. Eval: 0.6092 s/iter. Total: 0.6788 s/iter. ETA=0:02:57
[09/02 12:41:03 d2.evaluation.evaluator]: Inference done 643/896. Dataloading: 0.0038 s/iter. Inference: 0.0653 s/iter. Eval: 0.6088 s/iter. Total: 0.6782 s/iter. ETA=0:02:51
[09/02 12:41:08 d2.evaluation.evaluator]: Inference done 650/896. Dataloading: 0.0038 s/iter. Inference: 0.0653 s/iter. Eval: 0.6092 s/iter. Total: 0.6786 s/iter. ETA=0:02:46
[09/02 12:41:13 d2.evaluation.evaluator]: Inference done 657/896. Dataloading: 0.0037 s/iter. Inference: 0.0652 s/iter. Eval: 0.6099 s/iter. Total: 0.6792 s/iter. ETA=0:02:42
[09/02 12:41:18 d2.evaluation.evaluator]: Inference done 677/896. Dataloading: 0.0037 s/iter. Inference: 0.0649 s/iter. Eval: 0.5975 s/iter. Total: 0.6665 s/iter. ETA=0:02:25
[09/02 12:41:24 d2.evaluation.evaluator]: Inference done 686/896. Dataloading: 0.0037 s/iter. Inference: 0.0649 s/iter. Eval: 0.5975 s/iter. Total: 0.6664 s/iter. ETA=0:02:19
[09/02 12:41:29 d2.evaluation.evaluator]: Inference done 697/896. Dataloading: 0.0037 s/iter. Inference: 0.0647 s/iter. Eval: 0.5945 s/iter. Total: 0.6632 s/iter. ETA=0:02:11
[09/02 12:41:35 d2.evaluation.evaluator]: Inference done 703/896. Dataloading: 0.0037 s/iter. Inference: 0.0648 s/iter. Eval: 0.5971 s/iter. Total: 0.6660 s/iter. ETA=0:02:08
[09/02 12:41:41 d2.evaluation.evaluator]: Inference done 712/896. Dataloading: 0.0037 s/iter. Inference: 0.0648 s/iter. Eval: 0.5964 s/iter. Total: 0.6653 s/iter. ETA=0:02:02
[09/02 12:41:46 d2.evaluation.evaluator]: Inference done 719/896. Dataloading: 0.0037 s/iter. Inference: 0.0648 s/iter. Eval: 0.5971 s/iter. Total: 0.6659 s/iter. ETA=0:01:57
[09/02 12:41:51 d2.evaluation.evaluator]: Inference done 726/896. Dataloading: 0.0037 s/iter. Inference: 0.0648 s/iter. Eval: 0.5980 s/iter. Total: 0.6668 s/iter. ETA=0:01:53
[09/02 12:41:58 d2.evaluation.evaluator]: Inference done 734/896. Dataloading: 0.0037 s/iter. Inference: 0.0648 s/iter. Eval: 0.5995 s/iter. Total: 0.6683 s/iter. ETA=0:01:48
[09/02 12:42:03 d2.evaluation.evaluator]: Inference done 738/896. Dataloading: 0.0037 s/iter. Inference: 0.0648 s/iter. Eval: 0.6030 s/iter. Total: 0.6719 s/iter. ETA=0:01:46
[09/02 12:42:08 d2.evaluation.evaluator]: Inference done 744/896. Dataloading: 0.0037 s/iter. Inference: 0.0649 s/iter. Eval: 0.6042 s/iter. Total: 0.6732 s/iter. ETA=0:01:42
[09/02 12:42:13 d2.evaluation.evaluator]: Inference done 753/896. Dataloading: 0.0037 s/iter. Inference: 0.0649 s/iter. Eval: 0.6031 s/iter. Total: 0.6720 s/iter. ETA=0:01:36
[09/02 12:42:18 d2.evaluation.evaluator]: Inference done 762/896. Dataloading: 0.0036 s/iter. Inference: 0.0648 s/iter. Eval: 0.6021 s/iter. Total: 0.6710 s/iter. ETA=0:01:29
[09/02 12:42:24 d2.evaluation.evaluator]: Inference done 772/896. Dataloading: 0.0037 s/iter. Inference: 0.0648 s/iter. Eval: 0.6006 s/iter. Total: 0.6694 s/iter. ETA=0:01:23
[09/02 12:42:30 d2.evaluation.evaluator]: Inference done 777/896. Dataloading: 0.0037 s/iter. Inference: 0.0649 s/iter. Eval: 0.6036 s/iter. Total: 0.6726 s/iter. ETA=0:01:20
[09/02 12:42:35 d2.evaluation.evaluator]: Inference done 782/896. Dataloading: 0.0037 s/iter. Inference: 0.0650 s/iter. Eval: 0.6064 s/iter. Total: 0.6754 s/iter. ETA=0:01:16
[09/02 12:42:40 d2.evaluation.evaluator]: Inference done 787/896. Dataloading: 0.0037 s/iter. Inference: 0.0650 s/iter. Eval: 0.6085 s/iter. Total: 0.6776 s/iter. ETA=0:01:13
[09/02 12:42:46 d2.evaluation.evaluator]: Inference done 791/896. Dataloading: 0.0037 s/iter. Inference: 0.0652 s/iter. Eval: 0.6118 s/iter. Total: 0.6811 s/iter. ETA=0:01:11
[09/02 12:42:51 d2.evaluation.evaluator]: Inference done 796/896. Dataloading: 0.0037 s/iter. Inference: 0.0653 s/iter. Eval: 0.6141 s/iter. Total: 0.6835 s/iter. ETA=0:01:08
[09/02 12:42:56 d2.evaluation.evaluator]: Inference done 807/896. Dataloading: 0.0037 s/iter. Inference: 0.0652 s/iter. Eval: 0.6116 s/iter. Total: 0.6808 s/iter. ETA=0:01:00
[09/02 12:43:02 d2.evaluation.evaluator]: Inference done 816/896. Dataloading: 0.0037 s/iter. Inference: 0.0652 s/iter. Eval: 0.6114 s/iter. Total: 0.6806 s/iter. ETA=0:00:54
[09/02 12:43:08 d2.evaluation.evaluator]: Inference done 820/896. Dataloading: 0.0037 s/iter. Inference: 0.0652 s/iter. Eval: 0.6146 s/iter. Total: 0.6839 s/iter. ETA=0:00:51
[09/02 12:43:13 d2.evaluation.evaluator]: Inference done 825/896. Dataloading: 0.0037 s/iter. Inference: 0.0653 s/iter. Eval: 0.6166 s/iter. Total: 0.6859 s/iter. ETA=0:00:48
[09/02 12:43:18 d2.evaluation.evaluator]: Inference done 843/896. Dataloading: 0.0037 s/iter. Inference: 0.0650 s/iter. Eval: 0.6085 s/iter. Total: 0.6776 s/iter. ETA=0:00:35
[09/02 12:43:23 d2.evaluation.evaluator]: Inference done 847/896. Dataloading: 0.0037 s/iter. Inference: 0.0651 s/iter. Eval: 0.6113 s/iter. Total: 0.6804 s/iter. ETA=0:00:33
[09/02 12:43:29 d2.evaluation.evaluator]: Inference done 854/896. Dataloading: 0.0037 s/iter. Inference: 0.0653 s/iter. Eval: 0.6117 s/iter. Total: 0.6810 s/iter. ETA=0:00:28
[09/02 12:43:35 d2.evaluation.evaluator]: Inference done 862/896. Dataloading: 0.0036 s/iter. Inference: 0.0653 s/iter. Eval: 0.6124 s/iter. Total: 0.6817 s/iter. ETA=0:00:23
[09/02 12:43:40 d2.evaluation.evaluator]: Inference done 869/896. Dataloading: 0.0036 s/iter. Inference: 0.0653 s/iter. Eval: 0.6131 s/iter. Total: 0.6824 s/iter. ETA=0:00:18
[09/02 12:43:46 d2.evaluation.evaluator]: Inference done 875/896. Dataloading: 0.0036 s/iter. Inference: 0.0653 s/iter. Eval: 0.6157 s/iter. Total: 0.6850 s/iter. ETA=0:00:14
[09/02 12:43:52 d2.evaluation.evaluator]: Inference done 882/896. Dataloading: 0.0036 s/iter. Inference: 0.0654 s/iter. Eval: 0.6167 s/iter. Total: 0.6862 s/iter. ETA=0:00:09
[09/02 12:43:58 d2.evaluation.evaluator]: Inference done 891/896. Dataloading: 0.0036 s/iter. Inference: 0.0653 s/iter. Eval: 0.6160 s/iter. Total: 0.6853 s/iter. ETA=0:00:03
[09/02 12:44:00 d2.evaluation.evaluator]: Total inference time: 0:10:09.541992 (0.684110 s / iter per device, on 1 devices)
[09/02 12:44:00 d2.evaluation.evaluator]: Total inference pure compute time: 0:00:58 (0.065276 s / iter per device, on 1 devices)
[09/02 12:44:01 d2.evaluation.coco_evaluation]: Preparing results for COCO format ...
[09/02 12:44:01 d2.evaluation.coco_evaluation]: Saving results to /vol/out/train_s0v2/coco_instances_results.json
[09/02 12:44:02 d2.evaluation.coco_evaluation]: Evaluating predictions with unofficial COCO API...
Loading and preparing results...
DONE (t=0.12s)
creating index...
index created!
[09/02 12:44:02 d2.evaluation.fast_eval_api]: Evaluate annotation type *bbox*
[09/02 12:44:03 d2.evaluation.fast_eval_api]: COCOeval_opt.evaluate() finished in 0.72 seconds.
[09/02 12:44:03 d2.evaluation.fast_eval_api]: Accumulating evaluation results...
[09/02 12:44:03 d2.evaluation.fast_eval_api]: COCOeval_opt.accumulate() finished in 0.11 seconds.
 Average Precision  (AP) @[ IoU=0.50:0.95 | area=   all | maxDets=100 ] = 0.126
 Average Precision  (AP) @[ IoU=0.50      | area=   all | maxDets=100 ] = 0.482
 Average Precision  (AP) @[ IoU=0.75      | area=   all | maxDets=100 ] = 0.015
 Average Precision  (AP) @[ IoU=0.50:0.95 | area= small | maxDets=100 ] = 0.094
 Average Precision  (AP) @[ IoU=0.50:0.95 | area=medium | maxDets=100 ] = 0.164
 Average Precision  (AP) @[ IoU=0.50:0.95 | area= large | maxDets=100 ] = 0.138
 Average Recall     (AR) @[ IoU=0.50:0.95 | area=   all | maxDets=  1 ] = 0.011
 Average Recall     (AR) @[ IoU=0.50:0.95 | area=   all | maxDets= 10 ] = 0.080
 Average Recall     (AR) @[ IoU=0.50:0.95 | area=   all | maxDets=100 ] = 0.253
 Average Recall     (AR) @[ IoU=0.50:0.95 | area= small | maxDets=100 ] = 0.189
 Average Recall     (AR) @[ IoU=0.50:0.95 | area=medium | maxDets=100 ] = 0.304
 Average Recall     (AR) @[ IoU=0.50:0.95 | area= large | maxDets=100 ] = 0.377
[09/02 12:44:03 d2.evaluation.coco_evaluation]: Evaluation results for bbox: 
|   AP   |  AP50  |  AP75  |  APs  |  APm   |  APl   |
|:------:|:------:|:------:|:-----:|:------:|:------:|
| 12.632 | 48.243 | 1.519  | 9.401 | 16.437 | 13.805 |
Loading and preparing results...
DONE (t=0.83s)
creating index...
index created!
[09/02 12:44:07 d2.evaluation.fast_eval_api]: Evaluate annotation type *segm*
[09/02 12:44:08 d2.evaluation.fast_eval_api]: COCOeval_opt.evaluate() finished in 1.01 seconds.
[09/02 12:44:08 d2.evaluation.fast_eval_api]: Accumulating evaluation results...
[09/02 12:44:08 d2.evaluation.fast_eval_api]: COCOeval_opt.accumulate() finished in 0.11 seconds.
 Average Precision  (AP) @[ IoU=0.50:0.95 | area=   all | maxDets=100 ] = 0.319
 Average Precision  (AP) @[ IoU=0.50      | area=   all | maxDets=100 ] = 0.609
 Average Precision  (AP) @[ IoU=0.75      | area=   all | maxDets=100 ] = 0.304
 Average Precision  (AP) @[ IoU=0.50:0.95 | area= small | maxDets=100 ] = 0.186
 Average Precision  (AP) @[ IoU=0.50:0.95 | area=medium | maxDets=100 ] = 0.431
 Average Precision  (AP) @[ IoU=0.50:0.95 | area= large | maxDets=100 ] = 0.536
 Average Recall     (AR) @[ IoU=0.50:0.95 | area=   all | maxDets=  1 ] = 0.027
 Average Recall     (AR) @[ IoU=0.50:0.95 | area=   all | maxDets= 10 ] = 0.170
 Average Recall     (AR) @[ IoU=0.50:0.95 | area=   all | maxDets=100 ] = 0.441
 Average Recall     (AR) @[ IoU=0.50:0.95 | area= small | maxDets=100 ] = 0.331
 Average Recall     (AR) @[ IoU=0.50:0.95 | area=medium | maxDets=100 ] = 0.530
 Average Recall     (AR) @[ IoU=0.50:0.95 | area= large | maxDets=100 ] = 0.631
[09/02 12:44:08 d2.evaluation.coco_evaluation]: Evaluation results for segm: 
|   AP   |  AP50  |  AP75  |  APs   |  APm   |  APl   |
|:------:|:------:|:------:|:------:|:------:|:------:|
| 31.910 | 60.886 | 30.380 | 18.642 | 43.124 | 53.587 |
[09/02 12:44:08 d2.engine.defaults]: Evaluation results for trees_valv2 in csv format:
[09/02 12:44:08 d2.evaluation.testing]: copypaste: Task: bbox
[09/02 12:44:08 d2.evaluation.testing]: copypaste: AP,AP50,AP75,APs,APm,APl
[09/02 12:44:08 d2.evaluation.testing]: copypaste: 12.6318,48.2427,1.5188,9.4013,16.4370,13.8050
[09/02 12:44:08 d2.evaluation.testing]: copypaste: Task: segm
[09/02 12:44:08 d2.evaluation.testing]: copypaste: AP,AP50,AP75,APs,APm,APl
[09/02 12:44:08 d2.evaluation.testing]: copypaste: 31.9099,60.8856,30.3803,18.6425,43.1244,53.5867
[eval] iter 4000 segm AP50=60.886 (best 58.594)
[09/02 12:44:09 d2.utils.events]:  eta: 1:26:32  iter: 3999  total_loss: 0.9499  loss_cls: 0.2536  loss_box_reg: 0.3131  loss_mask: 0.2843  loss_rpn_cls: 0.06707  loss_rpn_loc: 0.0452    time: 0.4746  last_time: 0.3182  data_time: 0.0581  last_data_time: 0.0327   lr: 0.0003389  max_mem: 8818M
[commit] volume committed @ iter 4000
[09/02 12:44:32 d2.utils.events]:  eta: 1:26:24  iter: 4019  total_loss: 0.9795  loss_cls: 0.233  loss_box_reg: 0.2765  loss_mask: 0.2878  loss_rpn_cls: 0.06849  loss_rpn_loc: 0.04386    time: 0.4747  last_time: 0.5451  data_time: 0.0577  last_data_time: 0.0425   lr: 0.0003389  max_mem: 8818M
[09/02 12:44:43 d2.utils.events]:  eta: 1:26:15  iter: 4039  total_loss: 1.019  loss_cls: 0.2364  loss_box_reg: 0.3615  loss_mask: 0.281  loss_rpn_cls: 0.07181  loss_rpn_loc: 0.05255    time: 0.4751  last_time: 0.5799  data_time: 0.0994  last_data_time: 0.1036   lr: 0.0003389  max_mem: 8818M
[09/02 12:44:52 d2.utils.events]:  eta: 1:26:08  iter: 4059  total_loss: 0.8635  loss_cls: 0.2344  loss_box_reg: 0.3052  loss_mask: 0.2826  loss_rpn_cls: 0.05701  loss_rpn_loc: 0.02548    time: 0.4751  last_time: 0.5514  data_time: 0.0673  last_data_time: 0.0169   lr: 0.0003389  max_mem: 8818M
[09/02 12:45:01 d2.utils.events]:  eta: 1:26:02  iter: 4079  total_loss: 0.9586  loss_cls: 0.2295  loss_box_reg: 0.3262  loss_mask: 0.297  loss_rpn_cls: 0.0622  loss_rpn_loc: 0.03774    time: 0.4749  last_time: 0.3225  data_time: 0.0700  last_data_time: 0.0153   lr: 0.0003389  max_mem: 8818M
[09/02 12:45:10 d2.utils.events]:  eta: 1:25:49  iter: 4099  total_loss: 0.8566  loss_cls: 0.2066  loss_box_reg: 0.2799  loss_mask: 0.2853  loss_rpn_cls: 0.04951  loss_rpn_loc: 0.03166    time: 0.4748  last_time: 0.3366  data_time: 0.0519  last_data_time: 0.0409   lr: 0.0003389  max_mem: 8818M
[09/02 12:45:20 d2.utils.events]:  eta: 1:25:37  iter: 4119  total_loss: 0.9079  loss_cls: 0.2196  loss_box_reg: 0.2752  loss_mask: 0.3008  loss_rpn_cls: 0.05922  loss_rpn_loc: 0.03191    time: 0.4747  last_time: 0.4692  data_time: 0.0629  last_data_time: 0.0628   lr: 0.0003389  max_mem: 8818M
[09/02 12:45:29 d2.utils.events]:  eta: 1:25:30  iter: 4139  total_loss: 0.8375  loss_cls: 0.1939  loss_box_reg: 0.242  loss_mask: 0.2994  loss_rpn_cls: 0.05051  loss_rpn_loc: 0.0284    time: 0.4746  last_time: 0.4476  data_time: 0.0609  last_data_time: 0.0600   lr: 0.0003389  max_mem: 8818M
[09/02 12:45:40 d2.utils.events]:  eta: 1:25:21  iter: 4159  total_loss: 0.9504  loss_cls: 0.231  loss_box_reg: 0.3344  loss_mask: 0.2755  loss_rpn_cls: 0.0688  loss_rpn_loc: 0.04578    time: 0.4751  last_time: 0.5481  data_time: 0.1655  last_data_time: 0.0585   lr: 0.0003389  max_mem: 8818M
[09/02 12:45:50 d2.utils.events]:  eta: 1:25:26  iter: 4179  total_loss: 1.05  loss_cls: 0.2614  loss_box_reg: 0.3709  loss_mask: 0.2863  loss_rpn_cls: 0.06693  loss_rpn_loc: 0.04448    time: 0.4752  last_time: 0.4210  data_time: 0.0718  last_data_time: 0.0269   lr: 0.0003389  max_mem: 8818M
[09/02 12:45:59 d2.utils.events]:  eta: 1:25:40  iter: 4199  total_loss: 0.8218  loss_cls: 0.2041  loss_box_reg: 0.2629  loss_mask: 0.2706  loss_rpn_cls: 0.05071  loss_rpn_loc: 0.02884    time: 0.4751  last_time: 0.5186  data_time: 0.0645  last_data_time: 0.0922   lr: 0.0003389  max_mem: 8818M
[09/02 12:46:10 d2.utils.events]:  eta: 1:25:37  iter: 4219  total_loss: 0.906  loss_cls: 0.2129  loss_box_reg: 0.2945  loss_mask: 0.2654  loss_rpn_cls: 0.07086  loss_rpn_loc: 0.05147    time: 0.4753  last_time: 0.3956  data_time: 0.1191  last_data_time: 0.0860   lr: 0.0003389  max_mem: 8818M
[09/02 12:46:18 d2.utils.events]:  eta: 1:24:57  iter: 4239  total_loss: 0.8659  loss_cls: 0.2098  loss_box_reg: 0.2806  loss_mask: 0.2774  loss_rpn_cls: 0.05656  loss_rpn_loc: 0.03088    time: 0.4750  last_time: 0.4063  data_time: 0.0613  last_data_time: 0.0552   lr: 0.0003389  max_mem: 8818M
[09/02 12:46:28 d2.utils.events]:  eta: 1:24:48  iter: 4259  total_loss: 0.9076  loss_cls: 0.224  loss_box_reg: 0.3177  loss_mask: 0.2823  loss_rpn_cls: 0.05682  loss_rpn_loc: 0.03814    time: 0.4750  last_time: 0.4996  data_time: 0.0642  last_data_time: 0.0270   lr: 0.0003389  max_mem: 8818M
[09/02 12:46:38 d2.utils.events]:  eta: 1:24:46  iter: 4279  total_loss: 0.9628  loss_cls: 0.2454  loss_box_reg: 0.3137  loss_mask: 0.268  loss_rpn_cls: 0.0578  loss_rpn_loc: 0.03831    time: 0.4752  last_time: 0.4394  data_time: 0.0710  last_data_time: 0.0285   lr: 0.0003389  max_mem: 8818M
[09/02 12:46:47 d2.utils.events]:  eta: 1:24:37  iter: 4299  total_loss: 0.8222  loss_cls: 0.1952  loss_box_reg: 0.2603  loss_mask: 0.2981  loss_rpn_cls: 0.04881  loss_rpn_loc: 0.02711    time: 0.4751  last_time: 0.3974  data_time: 0.0674  last_data_time: 0.0133   lr: 0.0003389  max_mem: 8818M
[09/02 12:46:57 d2.utils.events]:  eta: 1:24:29  iter: 4319  total_loss: 0.9506  loss_cls: 0.2351  loss_box_reg: 0.3186  loss_mask: 0.279  loss_rpn_cls: 0.06746  loss_rpn_loc: 0.0411    time: 0.4751  last_time: 0.4106  data_time: 0.0498  last_data_time: 0.0126   lr: 0.0003389  max_mem: 8818M
[09/02 12:47:06 d2.utils.events]:  eta: 1:24:03  iter: 4339  total_loss: 0.9532  loss_cls: 0.2422  loss_box_reg: 0.3336  loss_mask: 0.262  loss_rpn_cls: 0.05922  loss_rpn_loc: 0.03304    time: 0.4751  last_time: 0.3579  data_time: 0.0812  last_data_time: 0.0580   lr: 0.0003389  max_mem: 8818M
[09/02 12:47:15 d2.utils.events]:  eta: 1:23:43  iter: 4359  total_loss: 0.8167  loss_cls: 0.2006  loss_box_reg: 0.2263  loss_mask: 0.2874  loss_rpn_cls: 0.04412  loss_rpn_loc: 0.02602    time: 0.4749  last_time: 0.6104  data_time: 0.0750  last_data_time: 0.1941   lr: 0.0003389  max_mem: 8818M
[09/02 12:47:25 d2.utils.events]:  eta: 1:23:35  iter: 4379  total_loss: 1.014  loss_cls: 0.261  loss_box_reg: 0.3753  loss_mask: 0.2788  loss_rpn_cls: 0.05253  loss_rpn_loc: 0.04225    time: 0.4751  last_time: 0.2891  data_time: 0.0817  last_data_time: 0.0259   lr: 0.0003389  max_mem: 8818M
[09/02 12:47:33 d2.utils.events]:  eta: 1:23:23  iter: 4399  total_loss: 0.7493  loss_cls: 0.1772  loss_box_reg: 0.2231  loss_mask: 0.2818  loss_rpn_cls: 0.03604  loss_rpn_loc: 0.01789    time: 0.4746  last_time: 0.5168  data_time: 0.0615  last_data_time: 0.0637   lr: 0.0003389  max_mem: 8818M
[09/02 12:47:43 d2.utils.events]:  eta: 1:23:14  iter: 4419  total_loss: 0.9629  loss_cls: 0.2444  loss_box_reg: 0.3382  loss_mask: 0.2854  loss_rpn_cls: 0.06519  loss_rpn_loc: 0.04739    time: 0.4748  last_time: 0.6536  data_time: 0.0835  last_data_time: 0.0529   lr: 0.0003389  max_mem: 8818M
[09/02 12:47:52 d2.utils.events]:  eta: 1:23:04  iter: 4439  total_loss: 0.926  loss_cls: 0.232  loss_box_reg: 0.2755  loss_mask: 0.273  loss_rpn_cls: 0.05949  loss_rpn_loc: 0.02998    time: 0.4747  last_time: 0.6695  data_time: 0.0622  last_data_time: 0.1065   lr: 0.0003389  max_mem: 8818M
[09/02 12:48:02 d2.utils.events]:  eta: 1:22:55  iter: 4459  total_loss: 0.9539  loss_cls: 0.2416  loss_box_reg: 0.3466  loss_mask: 0.2945  loss_rpn_cls: 0.05936  loss_rpn_loc: 0.04847    time: 0.4749  last_time: 0.4413  data_time: 0.0667  last_data_time: 0.0160   lr: 0.0003389  max_mem: 8818M
[09/02 12:48:12 d2.utils.events]:  eta: 1:23:00  iter: 4479  total_loss: 1.039  loss_cls: 0.2641  loss_box_reg: 0.359  loss_mask: 0.2952  loss_rpn_cls: 0.06288  loss_rpn_loc: 0.04712    time: 0.4750  last_time: 0.4079  data_time: 0.0604  last_data_time: 0.0452   lr: 0.0003389  max_mem: 8818M
[09/02 12:48:21 d2.utils.events]:  eta: 1:22:52  iter: 4499  total_loss: 0.86  loss_cls: 0.2037  loss_box_reg: 0.3102  loss_mask: 0.3029  loss_rpn_cls: 0.05209  loss_rpn_loc: 0.037    time: 0.4748  last_time: 0.2929  data_time: 0.0704  last_data_time: 0.0166   lr: 0.0003389  max_mem: 8818M
[09/02 12:48:32 d2.utils.events]:  eta: 1:22:40  iter: 4519  total_loss: 0.8188  loss_cls: 0.2001  loss_box_reg: 0.2855  loss_mask: 0.2787  loss_rpn_cls: 0.04492  loss_rpn_loc: 0.02431    time: 0.4751  last_time: 1.0358  data_time: 0.1663  last_data_time: 0.3263   lr: 0.0003389  max_mem: 8818M
[09/02 12:48:41 d2.utils.events]:  eta: 1:22:34  iter: 4539  total_loss: 0.8247  loss_cls: 0.201  loss_box_reg: 0.2817  loss_mask: 0.2683  loss_rpn_cls: 0.04428  loss_rpn_loc: 0.03011    time: 0.4751  last_time: 0.3527  data_time: 0.0544  last_data_time: 0.0298   lr: 0.0003389  max_mem: 8818M
[09/02 12:48:51 d2.utils.events]:  eta: 1:22:27  iter: 4559  total_loss: 0.9017  loss_cls: 0.2413  loss_box_reg: 0.2929  loss_mask: 0.2725  loss_rpn_cls: 0.0477  loss_rpn_loc: 0.03065    time: 0.4751  last_time: 0.3028  data_time: 0.0762  last_data_time: 0.0240   lr: 0.0003389  max_mem: 8818M
[09/02 12:48:59 d2.utils.events]:  eta: 1:22:14  iter: 4579  total_loss: 0.9171  loss_cls: 0.2361  loss_box_reg: 0.3013  loss_mask: 0.2647  loss_rpn_cls: 0.05714  loss_rpn_loc: 0.02533    time: 0.4749  last_time: 0.4126  data_time: 0.0496  last_data_time: 0.0316   lr: 0.0003389  max_mem: 8818M
[09/02 12:49:09 d2.utils.events]:  eta: 1:22:08  iter: 4599  total_loss: 0.9254  loss_cls: 0.234  loss_box_reg: 0.3259  loss_mask: 0.2871  loss_rpn_cls: 0.05351  loss_rpn_loc: 0.032    time: 0.4749  last_time: 0.4168  data_time: 0.0723  last_data_time: 0.0351   lr: 0.0003389  max_mem: 8818M
[09/02 12:49:19 d2.utils.events]:  eta: 1:22:16  iter: 4619  total_loss: 0.9931  loss_cls: 0.2341  loss_box_reg: 0.3395  loss_mask: 0.3023  loss_rpn_cls: 0.05796  loss_rpn_loc: 0.03474    time: 0.4750  last_time: 0.4519  data_time: 0.0640  last_data_time: 0.0292   lr: 0.0003389  max_mem: 8818M
[09/02 12:49:28 d2.utils.events]:  eta: 1:22:07  iter: 4639  total_loss: 0.8965  loss_cls: 0.2397  loss_box_reg: 0.2986  loss_mask: 0.29  loss_rpn_cls: 0.06101  loss_rpn_loc: 0.04457    time: 0.4750  last_time: 0.3524  data_time: 0.0632  last_data_time: 0.0317   lr: 0.0003389  max_mem: 8818M
[09/02 12:49:37 d2.utils.events]:  eta: 1:21:57  iter: 4659  total_loss: 0.9317  loss_cls: 0.2358  loss_box_reg: 0.2937  loss_mask: 0.2637  loss_rpn_cls: 0.05325  loss_rpn_loc: 0.03578    time: 0.4748  last_time: 0.4296  data_time: 0.0540  last_data_time: 0.0754   lr: 0.0003389  max_mem: 8818M
[09/02 12:49:47 d2.utils.events]:  eta: 1:21:56  iter: 4679  total_loss: 0.8923  loss_cls: 0.2307  loss_box_reg: 0.3148  loss_mask: 0.2861  loss_rpn_cls: 0.06631  loss_rpn_loc: 0.03818    time: 0.4748  last_time: 0.3798  data_time: 0.0800  last_data_time: 0.0442   lr: 0.0003389  max_mem: 8818M
[09/02 12:49:56 d2.utils.events]:  eta: 1:21:47  iter: 4699  total_loss: 0.9851  loss_cls: 0.2461  loss_box_reg: 0.3183  loss_mask: 0.2778  loss_rpn_cls: 0.06005  loss_rpn_loc: 0.04129    time: 0.4747  last_time: 0.2451  data_time: 0.0587  last_data_time: 0.0154   lr: 0.0003389  max_mem: 8818M
[09/02 12:50:05 d2.utils.events]:  eta: 1:21:31  iter: 4719  total_loss: 0.9465  loss_cls: 0.2244  loss_box_reg: 0.3017  loss_mask: 0.2832  loss_rpn_cls: 0.06715  loss_rpn_loc: 0.03118    time: 0.4746  last_time: 0.2913  data_time: 0.0856  last_data_time: 0.0479   lr: 0.0003389  max_mem: 8818M
[09/02 12:50:14 d2.utils.events]:  eta: 1:21:39  iter: 4739  total_loss: 0.886  loss_cls: 0.2205  loss_box_reg: 0.2801  loss_mask: 0.2795  loss_rpn_cls: 0.05114  loss_rpn_loc: 0.02976    time: 0.4746  last_time: 0.4199  data_time: 0.0952  last_data_time: 0.0144   lr: 0.0003389  max_mem: 8818M
[09/02 12:50:24 d2.utils.events]:  eta: 1:20:59  iter: 4759  total_loss: 0.8645  loss_cls: 0.2184  loss_box_reg: 0.2865  loss_mask: 0.2878  loss_rpn_cls: 0.0597  loss_rpn_loc: 0.03141    time: 0.4745  last_time: 0.4969  data_time: 0.0542  last_data_time: 0.0377   lr: 0.0003389  max_mem: 8818M
[09/02 12:50:33 d2.utils.events]:  eta: 1:20:50  iter: 4779  total_loss: 0.8399  loss_cls: 0.1994  loss_box_reg: 0.2968  loss_mask: 0.2642  loss_rpn_cls: 0.04281  loss_rpn_loc: 0.02573    time: 0.4745  last_time: 0.9731  data_time: 0.0868  last_data_time: 0.4942   lr: 0.0003389  max_mem: 8818M
[09/02 12:50:43 d2.utils.events]:  eta: 1:21:04  iter: 4799  total_loss: 0.9897  loss_cls: 0.2375  loss_box_reg: 0.29  loss_mask: 0.2971  loss_rpn_cls: 0.05897  loss_rpn_loc: 0.05509    time: 0.4746  last_time: 0.3518  data_time: 0.0641  last_data_time: 0.0274   lr: 0.0003389  max_mem: 8818M
[09/02 12:50:52 d2.utils.events]:  eta: 1:21:14  iter: 4819  total_loss: 0.9628  loss_cls: 0.2434  loss_box_reg: 0.2898  loss_mask: 0.3214  loss_rpn_cls: 0.06633  loss_rpn_loc: 0.04847    time: 0.4746  last_time: 0.3207  data_time: 0.0641  last_data_time: 0.0132   lr: 0.0003389  max_mem: 8818M
[09/02 12:51:02 d2.utils.events]:  eta: 1:21:07  iter: 4839  total_loss: 0.8495  loss_cls: 0.2127  loss_box_reg: 0.2748  loss_mask: 0.2792  loss_rpn_cls: 0.05476  loss_rpn_loc: 0.03653    time: 0.4745  last_time: 0.3826  data_time: 0.0699  last_data_time: 0.0208   lr: 0.0003389  max_mem: 8818M
[09/02 12:51:11 d2.utils.events]:  eta: 1:21:02  iter: 4859  total_loss: 0.9089  loss_cls: 0.2368  loss_box_reg: 0.3095  loss_mask: 0.2703  loss_rpn_cls: 0.05167  loss_rpn_loc: 0.0349    time: 0.4745  last_time: 0.6235  data_time: 0.0568  last_data_time: 0.0668   lr: 0.0003389  max_mem: 8818M
[09/02 12:51:22 d2.utils.events]:  eta: 1:21:15  iter: 4879  total_loss: 0.9312  loss_cls: 0.2127  loss_box_reg: 0.2846  loss_mask: 0.2925  loss_rpn_cls: 0.05258  loss_rpn_loc: 0.04416    time: 0.4747  last_time: 0.3289  data_time: 0.1499  last_data_time: 0.0089   lr: 0.0003389  max_mem: 8818M
[09/02 12:51:31 d2.utils.events]:  eta: 1:20:48  iter: 4899  total_loss: 0.7923  loss_cls: 0.2009  loss_box_reg: 0.255  loss_mask: 0.26  loss_rpn_cls: 0.04505  loss_rpn_loc: 0.03055    time: 0.4746  last_time: 0.8031  data_time: 0.0662  last_data_time: 0.0819   lr: 0.0003389  max_mem: 8818M
[09/02 12:51:40 d2.utils.events]:  eta: 1:20:57  iter: 4919  total_loss: 0.9819  loss_cls: 0.2304  loss_box_reg: 0.3181  loss_mask: 0.2847  loss_rpn_cls: 0.06056  loss_rpn_loc: 0.05841    time: 0.4746  last_time: 0.3478  data_time: 0.0673  last_data_time: 0.0370   lr: 0.0003389  max_mem: 8818M
[09/02 12:51:50 d2.utils.events]:  eta: 1:21:04  iter: 4939  total_loss: 0.9265  loss_cls: 0.2382  loss_box_reg: 0.3107  loss_mask: 0.2701  loss_rpn_cls: 0.06921  loss_rpn_loc: 0.03137    time: 0.4747  last_time: 0.3411  data_time: 0.1017  last_data_time: 0.0187   lr: 0.0003389  max_mem: 8818M
[09/02 12:51:59 d2.utils.events]:  eta: 1:20:49  iter: 4959  total_loss: 0.9116  loss_cls: 0.2148  loss_box_reg: 0.2862  loss_mask: 0.2769  loss_rpn_cls: 0.04869  loss_rpn_loc: 0.03768    time: 0.4746  last_time: 0.3769  data_time: 0.0834  last_data_time: 0.0765   lr: 0.0003389  max_mem: 8818M
[09/02 12:52:10 d2.utils.events]:  eta: 1:20:26  iter: 4979  total_loss: 0.9462  loss_cls: 0.2249  loss_box_reg: 0.3052  loss_mask: 0.2909  loss_rpn_cls: 0.06668  loss_rpn_loc: 0.06263    time: 0.4748  last_time: 0.3111  data_time: 0.0588  last_data_time: 0.0493   lr: 0.0003389  max_mem: 8818M
[09/02 12:52:20 d2.utils.events]:  eta: 1:20:17  iter: 4999  total_loss: 0.914  loss_cls: 0.2207  loss_box_reg: 0.2928  loss_mask: 0.2802  loss_rpn_cls: 0.05618  loss_rpn_loc: 0.05461    time: 0.4749  last_time: 0.3893  data_time: 0.0826  last_data_time: 0.0465   lr: 0.0003389  max_mem: 8818M
[09/02 12:52:28 d2.utils.events]:  eta: 1:19:55  iter: 5019  total_loss: 0.8549  loss_cls: 0.2165  loss_box_reg: 0.293  loss_mask: 0.2736  loss_rpn_cls: 0.04954  loss_rpn_loc: 0.02481    time: 0.4747  last_time: 0.3836  data_time: 0.0565  last_data_time: 0.0528   lr: 0.0003389  max_mem: 8818M
[09/02 12:52:39 d2.utils.events]:  eta: 1:19:29  iter: 5039  total_loss: 0.8702  loss_cls: 0.2291  loss_box_reg: 0.289  loss_mask: 0.2849  loss_rpn_cls: 0.06192  loss_rpn_loc: 0.06071    time: 0.4749  last_time: 0.4047  data_time: 0.1114  last_data_time: 0.0194   lr: 0.0003389  max_mem: 8818M
[09/02 12:52:48 d2.utils.events]:  eta: 1:19:23  iter: 5059  total_loss: 0.8886  loss_cls: 0.2158  loss_box_reg: 0.3042  loss_mask: 0.2727  loss_rpn_cls: 0.0426  loss_rpn_loc: 0.02814    time: 0.4747  last_time: 0.6036  data_time: 0.0506  last_data_time: 0.0606   lr: 0.0003389  max_mem: 8818M
[09/02 12:52:58 d2.utils.events]:  eta: 1:19:22  iter: 5079  total_loss: 0.9522  loss_cls: 0.2308  loss_box_reg: 0.3425  loss_mask: 0.266  loss_rpn_cls: 0.04889  loss_rpn_loc: 0.03497    time: 0.4748  last_time: 0.5075  data_time: 0.0748  last_data_time: 0.0238   lr: 0.0003389  max_mem: 8818M
[09/02 12:53:07 d2.utils.events]:  eta: 1:18:57  iter: 5099  total_loss: 0.843  loss_cls: 0.2145  loss_box_reg: 0.2802  loss_mask: 0.2693  loss_rpn_cls: 0.05116  loss_rpn_loc: 0.02972    time: 0.4748  last_time: 0.3595  data_time: 0.0736  last_data_time: 0.0178   lr: 0.0003389  max_mem: 8818M
[09/02 12:53:17 d2.utils.events]:  eta: 1:18:57  iter: 5119  total_loss: 0.8609  loss_cls: 0.1991  loss_box_reg: 0.2835  loss_mask: 0.2804  loss_rpn_cls: 0.06111  loss_rpn_loc: 0.03496    time: 0.4749  last_time: 0.2880  data_time: 0.0716  last_data_time: 0.0285   lr: 0.0003389  max_mem: 8818M
[09/02 12:53:27 d2.utils.events]:  eta: 1:18:49  iter: 5139  total_loss: 1.133  loss_cls: 0.2728  loss_box_reg: 0.3937  loss_mask: 0.2835  loss_rpn_cls: 0.0686  loss_rpn_loc: 0.05023    time: 0.4749  last_time: 0.3582  data_time: 0.0661  last_data_time: 0.0286   lr: 0.0003389  max_mem: 8818M
[09/02 12:53:37 d2.utils.events]:  eta: 1:18:27  iter: 5159  total_loss: 0.9011  loss_cls: 0.2196  loss_box_reg: 0.2915  loss_mask: 0.2705  loss_rpn_cls: 0.04864  loss_rpn_loc: 0.02831    time: 0.4751  last_time: 0.4288  data_time: 0.1584  last_data_time: 0.0881   lr: 0.0003389  max_mem: 8818M
[09/02 12:53:47 d2.utils.events]:  eta: 1:18:16  iter: 5179  total_loss: 0.9209  loss_cls: 0.2265  loss_box_reg: 0.3138  loss_mask: 0.2834  loss_rpn_cls: 0.05875  loss_rpn_loc: 0.03574    time: 0.4751  last_time: 0.2923  data_time: 0.0899  last_data_time: 0.0161   lr: 0.0003389  max_mem: 8818M
[09/02 12:53:55 d2.utils.events]:  eta: 1:17:24  iter: 5199  total_loss: 0.8574  loss_cls: 0.2147  loss_box_reg: 0.2857  loss_mask: 0.2764  loss_rpn_cls: 0.03948  loss_rpn_loc: 0.01985    time: 0.4749  last_time: 0.5239  data_time: 0.0726  last_data_time: 0.0574   lr: 0.0003389  max_mem: 8818M
[09/02 12:54:06 d2.utils.events]:  eta: 1:17:32  iter: 5219  total_loss: 0.975  loss_cls: 0.2421  loss_box_reg: 0.323  loss_mask: 0.2733  loss_rpn_cls: 0.05637  loss_rpn_loc: 0.05694    time: 0.4751  last_time: 0.5102  data_time: 0.0668  last_data_time: 0.0456   lr: 0.0003389  max_mem: 8818M
[09/02 12:54:15 d2.utils.events]:  eta: 1:17:52  iter: 5239  total_loss: 0.796  loss_cls: 0.1925  loss_box_reg: 0.2533  loss_mask: 0.2793  loss_rpn_cls: 0.05582  loss_rpn_loc: 0.03564    time: 0.4750  last_time: 0.7296  data_time: 0.0658  last_data_time: 0.1670   lr: 0.0003389  max_mem: 8818M
[09/02 12:54:25 d2.utils.events]:  eta: 1:18:00  iter: 5259  total_loss: 0.8828  loss_cls: 0.2274  loss_box_reg: 0.2803  loss_mask: 0.2819  loss_rpn_cls: 0.05814  loss_rpn_loc: 0.04104    time: 0.4752  last_time: 0.4212  data_time: 0.0877  last_data_time: 0.0190   lr: 0.0003389  max_mem: 8818M
[09/02 12:54:34 d2.utils.events]:  eta: 1:16:59  iter: 5279  total_loss: 0.8996  loss_cls: 0.2258  loss_box_reg: 0.3052  loss_mask: 0.281  loss_rpn_cls: 0.04469  loss_rpn_loc: 0.02646    time: 0.4750  last_time: 0.5796  data_time: 0.0637  last_data_time: 0.2537   lr: 0.0003389  max_mem: 8818M
[09/02 12:54:44 d2.utils.events]:  eta: 1:17:32  iter: 5299  total_loss: 0.87  loss_cls: 0.2279  loss_box_reg: 0.2745  loss_mask: 0.2737  loss_rpn_cls: 0.05894  loss_rpn_loc: 0.044    time: 0.4751  last_time: 0.4413  data_time: 0.0737  last_data_time: 0.0198   lr: 0.0003389  max_mem: 8818M
[09/02 12:54:53 d2.utils.events]:  eta: 1:17:29  iter: 5319  total_loss: 0.9123  loss_cls: 0.2214  loss_box_reg: 0.2626  loss_mask: 0.2826  loss_rpn_cls: 0.06022  loss_rpn_loc: 0.03885    time: 0.4751  last_time: 0.6023  data_time: 0.0661  last_data_time: 0.0909   lr: 0.0003389  max_mem: 8818M
[09/02 12:55:04 d2.utils.events]:  eta: 1:17:20  iter: 5339  total_loss: 0.9193  loss_cls: 0.2484  loss_box_reg: 0.3223  loss_mask: 0.2761  loss_rpn_cls: 0.06079  loss_rpn_loc: 0.03112    time: 0.4753  last_time: 0.3439  data_time: 0.1122  last_data_time: 0.0197   lr: 0.0003389  max_mem: 8818M
[09/02 12:55:13 d2.utils.events]:  eta: 1:17:17  iter: 5359  total_loss: 0.9215  loss_cls: 0.2229  loss_box_reg: 0.2809  loss_mask: 0.2782  loss_rpn_cls: 0.05355  loss_rpn_loc: 0.03899    time: 0.4753  last_time: 0.3002  data_time: 0.0719  last_data_time: 0.0181   lr: 0.0003389  max_mem: 8818M
[09/02 12:55:23 d2.utils.events]:  eta: 1:16:57  iter: 5379  total_loss: 0.7989  loss_cls: 0.2107  loss_box_reg: 0.2898  loss_mask: 0.2559  loss_rpn_cls: 0.0465  loss_rpn_loc: 0.02677    time: 0.4752  last_time: 0.5970  data_time: 0.0791  last_data_time: 0.1315   lr: 0.0003389  max_mem: 8818M
[09/02 12:55:32 d2.utils.events]:  eta: 1:16:59  iter: 5399  total_loss: 0.8442  loss_cls: 0.2167  loss_box_reg: 0.2724  loss_mask: 0.2664  loss_rpn_cls: 0.05832  loss_rpn_loc: 0.03033    time: 0.4752  last_time: 0.3644  data_time: 0.0779  last_data_time: 0.0336   lr: 0.0003389  max_mem: 8818M
[09/02 12:55:42 d2.utils.events]:  eta: 1:16:51  iter: 5419  total_loss: 0.9374  loss_cls: 0.2402  loss_box_reg: 0.2891  loss_mask: 0.2589  loss_rpn_cls: 0.06483  loss_rpn_loc: 0.03777    time: 0.4752  last_time: 0.4554  data_time: 0.0548  last_data_time: 0.0377   lr: 0.0003389  max_mem: 8818M
[09/02 12:55:50 d2.utils.events]:  eta: 1:16:44  iter: 5439  total_loss: 0.8754  loss_cls: 0.2147  loss_box_reg: 0.2763  loss_mask: 0.2704  loss_rpn_cls: 0.05223  loss_rpn_loc: 0.03004    time: 0.4751  last_time: 0.4042  data_time: 0.0736  last_data_time: 0.0675   lr: 0.0003389  max_mem: 8818M
[09/02 12:55:59 d2.utils.events]:  eta: 1:16:39  iter: 5459  total_loss: 0.9397  loss_cls: 0.2175  loss_box_reg: 0.3236  loss_mask: 0.2935  loss_rpn_cls: 0.04849  loss_rpn_loc: 0.0366    time: 0.4750  last_time: 0.5125  data_time: 0.0650  last_data_time: 0.1243   lr: 0.0003389  max_mem: 8818M
[09/02 12:56:09 d2.utils.events]:  eta: 1:16:25  iter: 5479  total_loss: 0.8956  loss_cls: 0.2313  loss_box_reg: 0.2833  loss_mask: 0.2886  loss_rpn_cls: 0.05237  loss_rpn_loc: 0.03203    time: 0.4749  last_time: 0.4913  data_time: 0.0455  last_data_time: 0.1058   lr: 0.0003389  max_mem: 8818M
[09/02 12:56:18 d2.utils.events]:  eta: 1:16:25  iter: 5499  total_loss: 0.78  loss_cls: 0.1858  loss_box_reg: 0.2515  loss_mask: 0.2556  loss_rpn_cls: 0.05236  loss_rpn_loc: 0.03171    time: 0.4749  last_time: 0.4995  data_time: 0.0801  last_data_time: 0.0789   lr: 0.0003389  max_mem: 8818M
[09/02 12:56:26 d2.utils.events]:  eta: 1:16:23  iter: 5519  total_loss: 0.8736  loss_cls: 0.2124  loss_box_reg: 0.2976  loss_mask: 0.2643  loss_rpn_cls: 0.04731  loss_rpn_loc: 0.02465    time: 0.4747  last_time: 0.6273  data_time: 0.0499  last_data_time: 0.0617   lr: 0.0003389  max_mem: 8818M
[09/02 12:56:36 d2.utils.events]:  eta: 1:16:09  iter: 5539  total_loss: 0.9832  loss_cls: 0.2312  loss_box_reg: 0.3323  loss_mask: 0.2724  loss_rpn_cls: 0.06905  loss_rpn_loc: 0.04617    time: 0.4747  last_time: 0.4483  data_time: 0.0607  last_data_time: 0.0773   lr: 0.0003389  max_mem: 8818M
[09/02 12:56:47 d2.utils.events]:  eta: 1:16:16  iter: 5559  total_loss: 0.9713  loss_cls: 0.2306  loss_box_reg: 0.3165  loss_mask: 0.2779  loss_rpn_cls: 0.06738  loss_rpn_loc: 0.04824    time: 0.4749  last_time: 0.2452  data_time: 0.1260  last_data_time: 0.0185   lr: 0.0003389  max_mem: 8818M
[09/02 12:56:56 d2.utils.events]:  eta: 1:16:33  iter: 5579  total_loss: 0.9007  loss_cls: 0.2092  loss_box_reg: 0.2901  loss_mask: 0.2753  loss_rpn_cls: 0.05313  loss_rpn_loc: 0.03208    time: 0.4749  last_time: 0.6077  data_time: 0.0585  last_data_time: 0.0934   lr: 0.0003389  max_mem: 8818M
[09/02 12:57:04 d2.utils.events]:  eta: 1:15:58  iter: 5599  total_loss: 0.8124  loss_cls: 0.206  loss_box_reg: 0.2712  loss_mask: 0.2649  loss_rpn_cls: 0.05745  loss_rpn_loc: 0.02569    time: 0.4746  last_time: 0.4440  data_time: 0.0621  last_data_time: 0.1857   lr: 0.0003389  max_mem: 8818M
[09/02 12:57:14 d2.utils.events]:  eta: 1:15:38  iter: 5619  total_loss: 1.052  loss_cls: 0.2722  loss_box_reg: 0.3376  loss_mask: 0.277  loss_rpn_cls: 0.05965  loss_rpn_loc: 0.0478    time: 0.4748  last_time: 0.3196  data_time: 0.0898  last_data_time: 0.0280   lr: 0.0003389  max_mem: 8818M
[09/02 12:57:24 d2.utils.events]:  eta: 1:15:23  iter: 5639  total_loss: 1.012  loss_cls: 0.2475  loss_box_reg: 0.2918  loss_mask: 0.2826  loss_rpn_cls: 0.05983  loss_rpn_loc: 0.05589    time: 0.4749  last_time: 0.6221  data_time: 0.0685  last_data_time: 0.1211   lr: 0.0003389  max_mem: 8818M
[09/02 12:57:32 d2.utils.events]:  eta: 1:14:59  iter: 5659  total_loss: 0.8583  loss_cls: 0.2022  loss_box_reg: 0.2757  loss_mask: 0.2636  loss_rpn_cls: 0.04385  loss_rpn_loc: 0.01804    time: 0.4746  last_time: 0.3627  data_time: 0.0519  last_data_time: 0.0374   lr: 0.0003389  max_mem: 8818M
[09/02 12:57:42 d2.utils.events]:  eta: 1:14:43  iter: 5679  total_loss: 0.8905  loss_cls: 0.2135  loss_box_reg: 0.3115  loss_mask: 0.2788  loss_rpn_cls: 0.0471  loss_rpn_loc: 0.0322    time: 0.4747  last_time: 0.3410  data_time: 0.0961  last_data_time: 0.0268   lr: 0.0003389  max_mem: 8818M
[09/02 12:57:50 d2.utils.events]:  eta: 1:14:16  iter: 5699  total_loss: 0.8374  loss_cls: 0.1926  loss_box_reg: 0.248  loss_mask: 0.2651  loss_rpn_cls: 0.05739  loss_rpn_loc: 0.03859    time: 0.4744  last_time: 0.3594  data_time: 0.0598  last_data_time: 0.0266   lr: 0.0003389  max_mem: 8818M
[09/02 12:58:00 d2.utils.events]:  eta: 1:14:15  iter: 5719  total_loss: 0.8896  loss_cls: 0.2216  loss_box_reg: 0.2745  loss_mask: 0.2673  loss_rpn_cls: 0.06927  loss_rpn_loc: 0.03768    time: 0.4745  last_time: 0.3353  data_time: 0.0706  last_data_time: 0.0442   lr: 0.0003389  max_mem: 8818M
[09/02 12:58:09 d2.utils.events]:  eta: 1:13:48  iter: 5739  total_loss: 0.8462  loss_cls: 0.1973  loss_box_reg: 0.2725  loss_mask: 0.2744  loss_rpn_cls: 0.04172  loss_rpn_loc: 0.02229    time: 0.4744  last_time: 0.2602  data_time: 0.0516  last_data_time: 0.0116   lr: 0.0003389  max_mem: 8818M
[09/02 12:58:18 d2.utils.events]:  eta: 1:13:58  iter: 5759  total_loss: 0.8596  loss_cls: 0.2044  loss_box_reg: 0.2408  loss_mask: 0.2727  loss_rpn_cls: 0.05218  loss_rpn_loc: 0.03337    time: 0.4742  last_time: 0.3546  data_time: 0.0854  last_data_time: 0.0303   lr: 0.0003389  max_mem: 8818M
[09/02 12:58:29 d2.utils.events]:  eta: 1:14:07  iter: 5779  total_loss: 0.94  loss_cls: 0.2274  loss_box_reg: 0.3124  loss_mask: 0.2877  loss_rpn_cls: 0.06493  loss_rpn_loc: 0.0403    time: 0.4745  last_time: 0.7871  data_time: 0.0943  last_data_time: 0.1591   lr: 0.0003389  max_mem: 8818M
[09/02 12:58:37 d2.utils.events]:  eta: 1:13:14  iter: 5799  total_loss: 0.9063  loss_cls: 0.2171  loss_box_reg: 0.2904  loss_mask: 0.2897  loss_rpn_cls: 0.05396  loss_rpn_loc: 0.04002    time: 0.4743  last_time: 0.3963  data_time: 0.0402  last_data_time: 0.0306   lr: 0.0003389  max_mem: 8818M
[09/02 12:58:47 d2.utils.events]:  eta: 1:13:07  iter: 5819  total_loss: 0.9098  loss_cls: 0.2345  loss_box_reg: 0.2869  loss_mask: 0.2684  loss_rpn_cls: 0.05487  loss_rpn_loc: 0.0367    time: 0.4744  last_time: 0.3507  data_time: 0.0602  last_data_time: 0.0189   lr: 0.0003389  max_mem: 8818M
[09/02 12:58:56 d2.utils.events]:  eta: 1:12:44  iter: 5839  total_loss: 0.8638  loss_cls: 0.238  loss_box_reg: 0.2802  loss_mask: 0.2949  loss_rpn_cls: 0.0487  loss_rpn_loc: 0.02985    time: 0.4742  last_time: 0.5523  data_time: 0.0633  last_data_time: 0.0656   lr: 0.0003389  max_mem: 8818M
[09/02 12:59:06 d2.utils.events]:  eta: 1:12:41  iter: 5859  total_loss: 0.9763  loss_cls: 0.2446  loss_box_reg: 0.3188  loss_mask: 0.2817  loss_rpn_cls: 0.06278  loss_rpn_loc: 0.05634    time: 0.4743  last_time: 0.3815  data_time: 0.0903  last_data_time: 0.0722   lr: 0.0003389  max_mem: 8818M
[09/02 12:59:14 d2.utils.events]:  eta: 1:12:32  iter: 5879  total_loss: 0.8945  loss_cls: 0.2105  loss_box_reg: 0.2949  loss_mask: 0.2754  loss_rpn_cls: 0.04213  loss_rpn_loc: 0.02494    time: 0.4741  last_time: 0.4349  data_time: 0.0589  last_data_time: 0.0728   lr: 0.0003389  max_mem: 8818M
[09/02 12:59:23 d2.utils.events]:  eta: 1:12:18  iter: 5899  total_loss: 0.8777  loss_cls: 0.1948  loss_box_reg: 0.2573  loss_mask: 0.2781  loss_rpn_cls: 0.047  loss_rpn_loc: 0.02955    time: 0.4740  last_time: 0.6141  data_time: 0.0773  last_data_time: 0.1939   lr: 0.0003389  max_mem: 8818M
[09/02 12:59:32 d2.utils.events]:  eta: 1:11:55  iter: 5919  total_loss: 0.8056  loss_cls: 0.172  loss_box_reg: 0.2501  loss_mask: 0.2862  loss_rpn_cls: 0.04738  loss_rpn_loc: 0.03338    time: 0.4739  last_time: 0.3311  data_time: 0.0618  last_data_time: 0.0405   lr: 0.0003389  max_mem: 8818M
[09/02 12:59:41 d2.utils.events]:  eta: 1:11:44  iter: 5939  total_loss: 0.8908  loss_cls: 0.2003  loss_box_reg: 0.2753  loss_mask: 0.2918  loss_rpn_cls: 0.04977  loss_rpn_loc: 0.02881    time: 0.4739  last_time: 0.3737  data_time: 0.0672  last_data_time: 0.0258   lr: 0.0003389  max_mem: 8818M
[09/02 12:59:50 d2.utils.events]:  eta: 1:11:45  iter: 5959  total_loss: 1.021  loss_cls: 0.2486  loss_box_reg: 0.3339  loss_mask: 0.2947  loss_rpn_cls: 0.06127  loss_rpn_loc: 0.03828    time: 0.4738  last_time: 0.3911  data_time: 0.0601  last_data_time: 0.0808   lr: 0.0003389  max_mem: 8818M
[09/02 12:59:59 d2.utils.events]:  eta: 1:11:49  iter: 5979  total_loss: 0.8768  loss_cls: 0.2187  loss_box_reg: 0.307  loss_mask: 0.2682  loss_rpn_cls: 0.05223  loss_rpn_loc: 0.03582    time: 0.4737  last_time: 0.4909  data_time: 0.0591  last_data_time: 0.0391   lr: 0.0003389  max_mem: 8818M
[09/02 13:00:11 d2.data.datasets.coco]: Loaded 896 images in COCO format from /vol/data/val/coco.json
[09/02 13:00:11 d2.data.dataset_mapper]: [DatasetMapper] Augmentations used in inference: [ResizeShortestEdge(short_edge_length=(1000, 1000), max_size=1333, sample_style='choice')]
[09/02 13:00:11 d2.data.common]: Serializing the dataset using: <class 'detectron2.data.common._TorchSerializedList'>
[09/02 13:00:11 d2.data.common]: Serializing 896 elements to byte tensors and concatenating them all ...
[09/02 13:00:11 d2.data.common]: Serialized dataset takes 6.12 MiB
[09/02 13:00:11 d2.evaluation.evaluator]: Start inference on 896 batches
[09/02 13:00:21 d2.evaluation.evaluator]: Inference done 11/896. Dataloading: 0.0030 s/iter. Inference: 0.0680 s/iter. Eval: 0.5780 s/iter. Total: 0.6490 s/iter. ETA=0:09:34
[09/02 13:00:26 d2.evaluation.evaluator]: Inference done 22/896. Dataloading: 0.0024 s/iter. Inference: 0.0655 s/iter. Eval: 0.4933 s/iter. Total: 0.5615 s/iter. ETA=0:08:10
[09/02 13:00:32 d2.evaluation.evaluator]: Inference done 31/896. Dataloading: 0.0026 s/iter. Inference: 0.0753 s/iter. Eval: 0.5038 s/iter. Total: 0.5820 s/iter. ETA=0:08:23
[09/02 13:00:37 d2.evaluation.evaluator]: Inference done 47/896. Dataloading: 0.0026 s/iter. Inference: 0.0682 s/iter. Eval: 0.4155 s/iter. Total: 0.4865 s/iter. ETA=0:06:53
[09/02 13:00:42 d2.evaluation.evaluator]: Inference done 67/896. Dataloading: 0.0026 s/iter. Inference: 0.0643 s/iter. Eval: 0.3433 s/iter. Total: 0.4104 s/iter. ETA=0:05:40
[09/02 13:00:47 d2.evaluation.evaluator]: Inference done 90/896. Dataloading: 0.0027 s/iter. Inference: 0.0622 s/iter. Eval: 0.2942 s/iter. Total: 0.3593 s/iter. ETA=0:04:49
[09/02 13:00:53 d2.evaluation.evaluator]: Inference done 103/896. Dataloading: 0.0027 s/iter. Inference: 0.0618 s/iter. Eval: 0.3045 s/iter. Total: 0.3690 s/iter. ETA=0:04:52
[09/02 13:00:58 d2.evaluation.evaluator]: Inference done 109/896. Dataloading: 0.0027 s/iter. Inference: 0.0622 s/iter. Eval: 0.3358 s/iter. Total: 0.4007 s/iter. ETA=0:05:15
[09/02 13:01:04 d2.evaluation.evaluator]: Inference done 121/896. Dataloading: 0.0027 s/iter. Inference: 0.0618 s/iter. Eval: 0.3391 s/iter. Total: 0.4038 s/iter. ETA=0:05:12
[09/02 13:01:09 d2.evaluation.evaluator]: Inference done 128/896. Dataloading: 0.0027 s/iter. Inference: 0.0620 s/iter. Eval: 0.3568 s/iter. Total: 0.4216 s/iter. ETA=0:05:23
[09/02 13:01:14 d2.evaluation.evaluator]: Inference done 144/896. Dataloading: 0.0027 s/iter. Inference: 0.0613 s/iter. Eval: 0.3450 s/iter. Total: 0.4091 s/iter. ETA=0:05:07
[09/02 13:01:19 d2.evaluation.evaluator]: Inference done 159/896. Dataloading: 0.0027 s/iter. Inference: 0.0608 s/iter. Eval: 0.3385 s/iter. Total: 0.4021 s/iter. ETA=0:04:56
[09/02 13:01:24 d2.evaluation.evaluator]: Inference done 181/896. Dataloading: 0.0027 s/iter. Inference: 0.0599 s/iter. Eval: 0.3183 s/iter. Total: 0.3809 s/iter. ETA=0:04:32
[09/02 13:01:29 d2.evaluation.evaluator]: Inference done 186/896. Dataloading: 0.0027 s/iter. Inference: 0.0602 s/iter. Eval: 0.3357 s/iter. Total: 0.3987 s/iter. ETA=0:04:43
[09/02 13:01:34 d2.evaluation.evaluator]: Inference done 193/896. Dataloading: 0.0027 s/iter. Inference: 0.0604 s/iter. Eval: 0.3486 s/iter. Total: 0.4118 s/iter. ETA=0:04:49
[09/02 13:01:39 d2.evaluation.evaluator]: Inference done 203/896. Dataloading: 0.0027 s/iter. Inference: 0.0604 s/iter. Eval: 0.3531 s/iter. Total: 0.4163 s/iter. ETA=0:04:48
[09/02 13:01:45 d2.evaluation.evaluator]: Inference done 210/896. Dataloading: 0.0027 s/iter. Inference: 0.0606 s/iter. Eval: 0.3654 s/iter. Total: 0.4288 s/iter. ETA=0:04:54
[09/02 13:01:50 d2.evaluation.evaluator]: Inference done 214/896. Dataloading: 0.0027 s/iter. Inference: 0.0609 s/iter. Eval: 0.3819 s/iter. Total: 0.4456 s/iter. ETA=0:05:03
[09/02 13:01:55 d2.evaluation.evaluator]: Inference done 223/896. Dataloading: 0.0027 s/iter. Inference: 0.0608 s/iter. Eval: 0.3868 s/iter. Total: 0.4504 s/iter. ETA=0:05:03
[09/02 13:02:00 d2.evaluation.evaluator]: Inference done 240/896. Dataloading: 0.0027 s/iter. Inference: 0.0603 s/iter. Eval: 0.3762 s/iter. Total: 0.4393 s/iter. ETA=0:04:48
[09/02 13:02:05 d2.evaluation.evaluator]: Inference done 248/896. Dataloading: 0.0027 s/iter. Inference: 0.0604 s/iter. Eval: 0.3841 s/iter. Total: 0.4473 s/iter. ETA=0:04:49
[09/02 13:02:11 d2.evaluation.evaluator]: Inference done 254/896. Dataloading: 0.0027 s/iter. Inference: 0.0606 s/iter. Eval: 0.3953 s/iter. Total: 0.4587 s/iter. ETA=0:04:54
[09/02 13:02:16 d2.evaluation.evaluator]: Inference done 260/896. Dataloading: 0.0027 s/iter. Inference: 0.0607 s/iter. Eval: 0.4044 s/iter. Total: 0.4680 s/iter. ETA=0:04:57
[09/02 13:02:21 d2.evaluation.evaluator]: Inference done 264/896. Dataloading: 0.0027 s/iter. Inference: 0.0610 s/iter. Eval: 0.4165 s/iter. Total: 0.4803 s/iter. ETA=0:05:03
[09/02 13:02:27 d2.evaluation.evaluator]: Inference done 276/896. Dataloading: 0.0027 s/iter. Inference: 0.0608 s/iter. Eval: 0.4150 s/iter. Total: 0.4787 s/iter. ETA=0:04:56
[09/02 13:02:32 d2.evaluation.evaluator]: Inference done 288/896. Dataloading: 0.0027 s/iter. Inference: 0.0607 s/iter. Eval: 0.4131 s/iter. Total: 0.4767 s/iter. ETA=0:04:49
[09/02 13:02:37 d2.evaluation.evaluator]: Inference done 305/896. Dataloading: 0.0027 s/iter. Inference: 0.0604 s/iter. Eval: 0.4032 s/iter. Total: 0.4664 s/iter. ETA=0:04:35
[09/02 13:02:42 d2.evaluation.evaluator]: Inference done 325/896. Dataloading: 0.0027 s/iter. Inference: 0.0600 s/iter. Eval: 0.3915 s/iter. Total: 0.4543 s/iter. ETA=0:04:19
[09/02 13:02:47 d2.evaluation.evaluator]: Inference done 336/896. Dataloading: 0.0027 s/iter. Inference: 0.0599 s/iter. Eval: 0.3917 s/iter. Total: 0.4544 s/iter. ETA=0:04:14
[09/02 13:02:52 d2.evaluation.evaluator]: Inference done 360/896. Dataloading: 0.0027 s/iter. Inference: 0.0593 s/iter. Eval: 0.3761 s/iter. Total: 0.4382 s/iter. ETA=0:03:54
[09/02 13:02:57 d2.evaluation.evaluator]: Inference done 374/896. Dataloading: 0.0027 s/iter. Inference: 0.0592 s/iter. Eval: 0.3733 s/iter. Total: 0.4354 s/iter. ETA=0:03:47
[09/02 13:03:03 d2.evaluation.evaluator]: Inference done 386/896. Dataloading: 0.0027 s/iter. Inference: 0.0593 s/iter. Eval: 0.3744 s/iter. Total: 0.4364 s/iter. ETA=0:03:42
[09/02 13:03:08 d2.evaluation.evaluator]: Inference done 404/896. Dataloading: 0.0027 s/iter. Inference: 0.0590 s/iter. Eval: 0.3679 s/iter. Total: 0.4296 s/iter. ETA=0:03:31
[09/02 13:03:14 d2.evaluation.evaluator]: Inference done 410/896. Dataloading: 0.0027 s/iter. Inference: 0.0591 s/iter. Eval: 0.3759 s/iter. Total: 0.4378 s/iter. ETA=0:03:32
[09/02 13:03:19 d2.evaluation.evaluator]: Inference done 416/896. Dataloading: 0.0027 s/iter. Inference: 0.0592 s/iter. Eval: 0.3821 s/iter. Total: 0.4440 s/iter. ETA=0:03:33
[09/02 13:03:25 d2.evaluation.evaluator]: Inference done 420/896. Dataloading: 0.0027 s/iter. Inference: 0.0593 s/iter. Eval: 0.3908 s/iter. Total: 0.4528 s/iter. ETA=0:03:35
[09/02 13:03:30 d2.evaluation.evaluator]: Inference done 429/896. Dataloading: 0.0027 s/iter. Inference: 0.0594 s/iter. Eval: 0.3933 s/iter. Total: 0.4555 s/iter. ETA=0:03:32
[09/02 13:03:36 d2.evaluation.evaluator]: Inference done 440/896. Dataloading: 0.0027 s/iter. Inference: 0.0594 s/iter. Eval: 0.3948 s/iter. Total: 0.4570 s/iter. ETA=0:03:28
[09/02 13:03:41 d2.evaluation.evaluator]: Inference done 446/896. Dataloading: 0.0027 s/iter. Inference: 0.0595 s/iter. Eval: 0.4000 s/iter. Total: 0.4623 s/iter. ETA=0:03:28
[09/02 13:03:46 d2.evaluation.evaluator]: Inference done 465/896. Dataloading: 0.0027 s/iter. Inference: 0.0592 s/iter. Eval: 0.3925 s/iter. Total: 0.4545 s/iter. ETA=0:03:15
[09/02 13:03:51 d2.evaluation.evaluator]: Inference done 476/896. Dataloading: 0.0027 s/iter. Inference: 0.0592 s/iter. Eval: 0.3933 s/iter. Total: 0.4552 s/iter. ETA=0:03:11
[09/02 13:03:56 d2.evaluation.evaluator]: Inference done 491/896. Dataloading: 0.0026 s/iter. Inference: 0.0590 s/iter. Eval: 0.3897 s/iter. Total: 0.4515 s/iter. ETA=0:03:02
[09/02 13:04:02 d2.evaluation.evaluator]: Inference done 502/896. Dataloading: 0.0026 s/iter. Inference: 0.0590 s/iter. Eval: 0.3909 s/iter. Total: 0.4527 s/iter. ETA=0:02:58
[09/02 13:04:07 d2.evaluation.evaluator]: Inference done 519/896. Dataloading: 0.0026 s/iter. Inference: 0.0588 s/iter. Eval: 0.3862 s/iter. Total: 0.4478 s/iter. ETA=0:02:48
[09/02 13:04:12 d2.evaluation.evaluator]: Inference done 540/896. Dataloading: 0.0026 s/iter. Inference: 0.0585 s/iter. Eval: 0.3785 s/iter. Total: 0.4398 s/iter. ETA=0:02:36
[09/02 13:04:18 d2.evaluation.evaluator]: Inference done 551/896. Dataloading: 0.0026 s/iter. Inference: 0.0586 s/iter. Eval: 0.3803 s/iter. Total: 0.4417 s/iter. ETA=0:02:32
[09/02 13:04:23 d2.evaluation.evaluator]: Inference done 558/896. Dataloading: 0.0026 s/iter. Inference: 0.0586 s/iter. Eval: 0.3840 s/iter. Total: 0.4454 s/iter. ETA=0:02:30
[09/02 13:04:28 d2.evaluation.evaluator]: Inference done 571/896. Dataloading: 0.0026 s/iter. Inference: 0.0586 s/iter. Eval: 0.3832 s/iter. Total: 0.4445 s/iter. ETA=0:02:24
[09/02 13:04:33 d2.evaluation.evaluator]: Inference done 591/896. Dataloading: 0.0026 s/iter. Inference: 0.0584 s/iter. Eval: 0.3770 s/iter. Total: 0.4380 s/iter. ETA=0:02:13
[09/02 13:04:39 d2.evaluation.evaluator]: Inference done 609/896. Dataloading: 0.0026 s/iter. Inference: 0.0582 s/iter. Eval: 0.3727 s/iter. Total: 0.4336 s/iter. ETA=0:02:04
[09/02 13:04:44 d2.evaluation.evaluator]: Inference done 620/896. Dataloading: 0.0026 s/iter. Inference: 0.0582 s/iter. Eval: 0.3734 s/iter. Total: 0.4343 s/iter. ETA=0:01:59
[09/02 13:04:49 d2.evaluation.evaluator]: Inference done 624/896. Dataloading: 0.0026 s/iter. Inference: 0.0583 s/iter. Eval: 0.3787 s/iter. Total: 0.4397 s/iter. ETA=0:01:59
[09/02 13:04:54 d2.evaluation.evaluator]: Inference done 630/896. Dataloading: 0.0026 s/iter. Inference: 0.0584 s/iter. Eval: 0.3832 s/iter. Total: 0.4443 s/iter. ETA=0:01:58
[09/02 13:05:00 d2.evaluation.evaluator]: Inference done 637/896. Dataloading: 0.0026 s/iter. Inference: 0.0584 s/iter. Eval: 0.3872 s/iter. Total: 0.4483 s/iter. ETA=0:01:56
[09/02 13:05:05 d2.evaluation.evaluator]: Inference done 650/896. Dataloading: 0.0026 s/iter. Inference: 0.0584 s/iter. Eval: 0.3861 s/iter. Total: 0.4472 s/iter. ETA=0:01:50
[09/02 13:05:10 d2.evaluation.evaluator]: Inference done 670/896. Dataloading: 0.0026 s/iter. Inference: 0.0582 s/iter. Eval: 0.3804 s/iter. Total: 0.4413 s/iter. ETA=0:01:39
[09/02 13:05:15 d2.evaluation.evaluator]: Inference done 689/896. Dataloading: 0.0026 s/iter. Inference: 0.0581 s/iter. Eval: 0.3757 s/iter. Total: 0.4365 s/iter. ETA=0:01:30
[09/02 13:05:21 d2.evaluation.evaluator]: Inference done 701/896. Dataloading: 0.0026 s/iter. Inference: 0.0581 s/iter. Eval: 0.3763 s/iter. Total: 0.4370 s/iter. ETA=0:01:25
[09/02 13:05:26 d2.evaluation.evaluator]: Inference done 712/896. Dataloading: 0.0026 s/iter. Inference: 0.0581 s/iter. Eval: 0.3769 s/iter. Total: 0.4376 s/iter. ETA=0:01:20
[09/02 13:05:31 d2.evaluation.evaluator]: Inference done 722/896. Dataloading: 0.0026 s/iter. Inference: 0.0581 s/iter. Eval: 0.3779 s/iter. Total: 0.4386 s/iter. ETA=0:01:16
[09/02 13:05:37 d2.evaluation.evaluator]: Inference done 734/896. Dataloading: 0.0026 s/iter. Inference: 0.0581 s/iter. Eval: 0.3786 s/iter. Total: 0.4394 s/iter. ETA=0:01:11
[09/02 13:05:42 d2.evaluation.evaluator]: Inference done 739/896. Dataloading: 0.0026 s/iter. Inference: 0.0581 s/iter. Eval: 0.3829 s/iter. Total: 0.4437 s/iter. ETA=0:01:09
[09/02 13:05:48 d2.evaluation.evaluator]: Inference done 751/896. Dataloading: 0.0026 s/iter. Inference: 0.0581 s/iter. Eval: 0.3825 s/iter. Total: 0.4433 s/iter. ETA=0:01:04
[09/02 13:05:53 d2.evaluation.evaluator]: Inference done 764/896. Dataloading: 0.0026 s/iter. Inference: 0.0581 s/iter. Eval: 0.3816 s/iter. Total: 0.4424 s/iter. ETA=0:00:58
[09/02 13:05:58 d2.evaluation.evaluator]: Inference done 773/896. Dataloading: 0.0026 s/iter. Inference: 0.0581 s/iter. Eval: 0.3829 s/iter. Total: 0.4437 s/iter. ETA=0:00:54
[09/02 13:06:04 d2.evaluation.evaluator]: Inference done 778/896. Dataloading: 0.0026 s/iter. Inference: 0.0582 s/iter. Eval: 0.3881 s/iter. Total: 0.4490 s/iter. ETA=0:00:52
[09/02 13:06:10 d2.evaluation.evaluator]: Inference done 785/896. Dataloading: 0.0026 s/iter. Inference: 0.0583 s/iter. Eval: 0.3916 s/iter. Total: 0.4526 s/iter. ETA=0:00:50
[09/02 13:06:15 d2.evaluation.evaluator]: Inference done 793/896. Dataloading: 0.0026 s/iter. Inference: 0.0583 s/iter. Eval: 0.3937 s/iter. Total: 0.4547 s/iter. ETA=0:00:46
[09/02 13:06:20 d2.evaluation.evaluator]: Inference done 802/896. Dataloading: 0.0026 s/iter. Inference: 0.0583 s/iter. Eval: 0.3950 s/iter. Total: 0.4560 s/iter. ETA=0:00:42
[09/02 13:06:26 d2.evaluation.evaluator]: Inference done 816/896. Dataloading: 0.0026 s/iter. Inference: 0.0583 s/iter. Eval: 0.3941 s/iter. Total: 0.4552 s/iter. ETA=0:00:36
[09/02 13:06:32 d2.evaluation.evaluator]: Inference done 822/896. Dataloading: 0.0026 s/iter. Inference: 0.0584 s/iter. Eval: 0.3983 s/iter. Total: 0.4594 s/iter. ETA=0:00:33
[09/02 13:06:37 d2.evaluation.evaluator]: Inference done 842/896. Dataloading: 0.0026 s/iter. Inference: 0.0584 s/iter. Eval: 0.3933 s/iter. Total: 0.4544 s/iter. ETA=0:00:24
[09/02 13:06:42 d2.evaluation.evaluator]: Inference done 851/896. Dataloading: 0.0026 s/iter. Inference: 0.0584 s/iter. Eval: 0.3945 s/iter. Total: 0.4556 s/iter. ETA=0:00:20
[09/02 13:06:48 d2.evaluation.evaluator]: Inference done 861/896. Dataloading: 0.0026 s/iter. Inference: 0.0585 s/iter. Eval: 0.3954 s/iter. Total: 0.4565 s/iter. ETA=0:00:15
[09/02 13:06:53 d2.evaluation.evaluator]: Inference done 871/896. Dataloading: 0.0026 s/iter. Inference: 0.0585 s/iter. Eval: 0.3963 s/iter. Total: 0.4575 s/iter. ETA=0:00:11
[09/02 13:06:58 d2.evaluation.evaluator]: Inference done 881/896. Dataloading: 0.0026 s/iter. Inference: 0.0585 s/iter. Eval: 0.3968 s/iter. Total: 0.4581 s/iter. ETA=0:00:06
[09/02 13:07:03 d2.evaluation.evaluator]: Total inference time: 0:06:46.221684 (0.455917 s / iter per device, on 1 devices)
[09/02 13:07:03 d2.evaluation.evaluator]: Total inference pure compute time: 0:00:52 (0.058435 s / iter per device, on 1 devices)
[09/02 13:07:04 d2.evaluation.coco_evaluation]: Preparing results for COCO format ...
[09/02 13:07:04 d2.evaluation.coco_evaluation]: Saving results to /vol/out/train_s0v2/coco_instances_results.json
[09/02 13:07:05 d2.evaluation.coco_evaluation]: Evaluating predictions with unofficial COCO API...
Loading and preparing results...
DONE (t=0.08s)
creating index...
index created!
[09/02 13:07:05 d2.evaluation.fast_eval_api]: Evaluate annotation type *bbox*
[09/02 13:07:05 d2.evaluation.fast_eval_api]: COCOeval_opt.evaluate() finished in 0.61 seconds.
[09/02 13:07:05 d2.evaluation.fast_eval_api]: Accumulating evaluation results...
[09/02 13:07:05 d2.evaluation.fast_eval_api]: COCOeval_opt.accumulate() finished in 0.10 seconds.
 Average Precision  (AP) @[ IoU=0.50:0.95 | area=   all | maxDets=100 ] = 0.117
 Average Precision  (AP) @[ IoU=0.50      | area=   all | maxDets=100 ] = 0.469
 Average Precision  (AP) @[ IoU=0.75      | area=   all | maxDets=100 ] = 0.012
 Average Precision  (AP) @[ IoU=0.50:0.95 | area= small | maxDets=100 ] = 0.090
 Average Precision  (AP) @[ IoU=0.50:0.95 | area=medium | maxDets=100 ] = 0.151
 Average Precision  (AP) @[ IoU=0.50:0.95 | area= large | maxDets=100 ] = 0.128
 Average Recall     (AR) @[ IoU=0.50:0.95 | area=   all | maxDets=  1 ] = 0.011
 Average Recall     (AR) @[ IoU=0.50:0.95 | area=   all | maxDets= 10 ] = 0.077
 Average Recall     (AR) @[ IoU=0.50:0.95 | area=   all | maxDets=100 ] = 0.238
 Average Recall     (AR) @[ IoU=0.50:0.95 | area= small | maxDets=100 ] = 0.177
 Average Recall     (AR) @[ IoU=0.50:0.95 | area=medium | maxDets=100 ] = 0.286
 Average Recall     (AR) @[ IoU=0.50:0.95 | area= large | maxDets=100 ] = 0.366
[09/02 13:07:05 d2.evaluation.coco_evaluation]: Evaluation results for bbox: 
|   AP   |  AP50  |  AP75  |  APs  |  APm   |  APl   |
|:------:|:------:|:------:|:-----:|:------:|:------:|
| 11.678 | 46.926 | 1.179  | 9.044 | 15.127 | 12.792 |
Loading and preparing results...
DONE (t=0.66s)
creating index...
index created!
[09/02 13:07:08 d2.evaluation.fast_eval_api]: Evaluate annotation type *segm*
[09/02 13:07:09 d2.evaluation.fast_eval_api]: COCOeval_opt.evaluate() finished in 0.95 seconds.
[09/02 13:07:09 d2.evaluation.fast_eval_api]: Accumulating evaluation results...
[09/02 13:07:09 d2.evaluation.fast_eval_api]: COCOeval_opt.accumulate() finished in 0.09 seconds.
 Average Precision  (AP) @[ IoU=0.50:0.95 | area=   all | maxDets=100 ] = 0.329
 Average Precision  (AP) @[ IoU=0.50      | area=   all | maxDets=100 ] = 0.622
 Average Precision  (AP) @[ IoU=0.75      | area=   all | maxDets=100 ] = 0.320
 Average Precision  (AP) @[ IoU=0.50:0.95 | area= small | maxDets=100 ] = 0.193
 Average Precision  (AP) @[ IoU=0.50:0.95 | area=medium | maxDets=100 ] = 0.442
 Average Precision  (AP) @[ IoU=0.50:0.95 | area= large | maxDets=100 ] = 0.549
 Average Recall     (AR) @[ IoU=0.50:0.95 | area=   all | maxDets=  1 ] = 0.028
 Average Recall     (AR) @[ IoU=0.50:0.95 | area=   all | maxDets= 10 ] = 0.173
 Average Recall     (AR) @[ IoU=0.50:0.95 | area=   all | maxDets=100 ] = 0.447
 Average Recall     (AR) @[ IoU=0.50:0.95 | area= small | maxDets=100 ] = 0.334
 Average Recall     (AR) @[ IoU=0.50:0.95 | area=medium | maxDets=100 ] = 0.538
 Average Recall     (AR) @[ IoU=0.50:0.95 | area= large | maxDets=100 ] = 0.640
[09/02 13:07:09 d2.evaluation.coco_evaluation]: Evaluation results for segm: 
|   AP   |  AP50  |  AP75  |  APs   |  APm   |  APl   |
|:------:|:------:|:------:|:------:|:------:|:------:|
| 32.901 | 62.175 | 31.989 | 19.260 | 44.161 | 54.880 |
[09/02 13:07:09 d2.engine.defaults]: Evaluation results for trees_valv2 in csv format:
[09/02 13:07:09 d2.evaluation.testing]: copypaste: Task: bbox
[09/02 13:07:09 d2.evaluation.testing]: copypaste: AP,AP50,AP75,APs,APm,APl
[09/02 13:07:09 d2.evaluation.testing]: copypaste: 11.6775,46.9263,1.1792,9.0436,15.1272,12.7922
[09/02 13:07:09 d2.evaluation.testing]: copypaste: Task: segm
[09/02 13:07:09 d2.evaluation.testing]: copypaste: AP,AP50,AP75,APs,APm,APl
[09/02 13:07:09 d2.evaluation.testing]: copypaste: 32.9006,62.1750,31.9893,19.2599,44.1611,54.8798
[eval] iter 6000 segm AP50=62.175 (best 60.886)
[09/02 13:07:10 d2.utils.events]:  eta: 1:11:35  iter: 5999  total_loss: 0.8625  loss_cls: 0.2139  loss_box_reg: 0.2864  loss_mask: 0.2819  loss_rpn_cls: 0.05261  loss_rpn_loc: 0.03793    time: 0.4739  last_time: 0.7235  data_time: 0.0936  last_data_time: 0.1312   lr: 0.0003389  max_mem: 8818M
[commit] volume committed @ iter 6000
[09/02 13:07:30 d2.utils.events]:  eta: 1:11:47  iter: 6019  total_loss: 0.9791  loss_cls: 0.2598  loss_box_reg: 0.3443  loss_mask: 0.2507  loss_rpn_cls: 0.05373  loss_rpn_loc: 0.04297    time: 0.4739  last_time: 0.5180  data_time: 0.0567  last_data_time: 0.1040   lr: 0.0003389  max_mem: 8818M
[09/02 13:07:39 d2.utils.events]:  eta: 1:11:59  iter: 6039  total_loss: 0.8643  loss_cls: 0.2102  loss_box_reg: 0.2943  loss_mask: 0.2664  loss_rpn_cls: 0.04608  loss_rpn_loc: 0.03488    time: 0.4738  last_time: 0.6636  data_time: 0.0825  last_data_time: 0.1096   lr: 0.0003389  max_mem: 8818M
[09/02 13:07:49 d2.utils.events]:  eta: 1:11:52  iter: 6059  total_loss: 0.8705  loss_cls: 0.2274  loss_box_reg: 0.3002  loss_mask: 0.2776  loss_rpn_cls: 0.04507  loss_rpn_loc: 0.04114    time: 0.4738  last_time: 0.3521  data_time: 0.0815  last_data_time: 0.0825   lr: 0.0003389  max_mem: 8818M
[09/02 13:07:59 d2.utils.events]:  eta: 1:11:42  iter: 6079  total_loss: 0.8525  loss_cls: 0.2128  loss_box_reg: 0.2844  loss_mask: 0.2939  loss_rpn_cls: 0.05827  loss_rpn_loc: 0.03102    time: 0.4739  last_time: 0.9147  data_time: 0.0701  last_data_time: 0.2258   lr: 0.0003389  max_mem: 8818M
[09/02 13:08:09 d2.utils.events]:  eta: 1:11:48  iter: 6099  total_loss: 0.9545  loss_cls: 0.2239  loss_box_reg: 0.3101  loss_mask: 0.2782  loss_rpn_cls: 0.05714  loss_rpn_loc: 0.04605    time: 0.4740  last_time: 0.4747  data_time: 0.0666  last_data_time: 0.0469   lr: 0.0003389  max_mem: 8818M
[09/02 13:08:18 d2.utils.events]:  eta: 1:11:39  iter: 6119  total_loss: 0.9176  loss_cls: 0.2338  loss_box_reg: 0.2937  loss_mask: 0.2841  loss_rpn_cls: 0.0569  loss_rpn_loc: 0.0331    time: 0.4739  last_time: 0.3941  data_time: 0.0753  last_data_time: 0.0385   lr: 0.0003389  max_mem: 8818M
[09/02 13:08:28 d2.utils.events]:  eta: 1:11:32  iter: 6139  total_loss: 0.8773  loss_cls: 0.2274  loss_box_reg: 0.274  loss_mask: 0.2896  loss_rpn_cls: 0.06177  loss_rpn_loc: 0.03859    time: 0.4740  last_time: 0.6921  data_time: 0.0816  last_data_time: 0.1353   lr: 0.0003389  max_mem: 8818M
[09/02 13:08:38 d2.utils.events]:  eta: 1:11:30  iter: 6159  total_loss: 0.9273  loss_cls: 0.2227  loss_box_reg: 0.2897  loss_mask: 0.2938  loss_rpn_cls: 0.05281  loss_rpn_loc: 0.03637    time: 0.4741  last_time: 0.3684  data_time: 0.0603  last_data_time: 0.0219   lr: 0.0003389  max_mem: 8818M
[09/02 13:08:47 d2.utils.events]:  eta: 1:11:19  iter: 6179  total_loss: 0.8071  loss_cls: 0.204  loss_box_reg: 0.2662  loss_mask: 0.2672  loss_rpn_cls: 0.05227  loss_rpn_loc: 0.03571    time: 0.4740  last_time: 0.3580  data_time: 0.0681  last_data_time: 0.0491   lr: 0.0003389  max_mem: 8818M
[09/02 13:08:57 d2.utils.events]:  eta: 1:11:21  iter: 6199  total_loss: 0.9416  loss_cls: 0.2394  loss_box_reg: 0.3003  loss_mask: 0.3007  loss_rpn_cls: 0.06326  loss_rpn_loc: 0.04363    time: 0.4741  last_time: 0.4062  data_time: 0.0709  last_data_time: 0.0484   lr: 0.0003389  max_mem: 8818M
[09/02 13:09:06 d2.utils.events]:  eta: 1:11:08  iter: 6219  total_loss: 0.8851  loss_cls: 0.235  loss_box_reg: 0.2991  loss_mask: 0.2745  loss_rpn_cls: 0.05903  loss_rpn_loc: 0.02953    time: 0.4741  last_time: 0.4509  data_time: 0.0832  last_data_time: 0.0167   lr: 0.0003389  max_mem: 8818M
[09/02 13:09:16 d2.utils.events]:  eta: 1:10:59  iter: 6239  total_loss: 0.9588  loss_cls: 0.232  loss_box_reg: 0.3134  loss_mask: 0.272  loss_rpn_cls: 0.0618  loss_rpn_loc: 0.04577    time: 0.4741  last_time: 0.3597  data_time: 0.0759  last_data_time: 0.0563   lr: 0.0003389  max_mem: 8818M
[09/02 13:09:25 d2.utils.events]:  eta: 1:10:41  iter: 6259  total_loss: 0.8892  loss_cls: 0.2242  loss_box_reg: 0.3142  loss_mask: 0.2836  loss_rpn_cls: 0.04953  loss_rpn_loc: 0.04345    time: 0.4741  last_time: 0.5362  data_time: 0.0610  last_data_time: 0.0424   lr: 0.0003389  max_mem: 8818M
[09/02 13:09:34 d2.utils.events]:  eta: 1:10:49  iter: 6279  total_loss: 0.9385  loss_cls: 0.2265  loss_box_reg: 0.2781  loss_mask: 0.2923  loss_rpn_cls: 0.05799  loss_rpn_loc: 0.03934    time: 0.4740  last_time: 0.3771  data_time: 0.0559  last_data_time: 0.0409   lr: 0.0003389  max_mem: 8818M
[09/02 13:09:43 d2.utils.events]:  eta: 1:10:33  iter: 6299  total_loss: 0.8683  loss_cls: 0.2016  loss_box_reg: 0.2756  loss_mask: 0.2728  loss_rpn_cls: 0.04786  loss_rpn_loc: 0.02358    time: 0.4738  last_time: 0.2754  data_time: 0.0632  last_data_time: 0.0209   lr: 0.0003389  max_mem: 8818M
[09/02 13:09:52 d2.utils.events]:  eta: 1:10:14  iter: 6319  total_loss: 0.9058  loss_cls: 0.2177  loss_box_reg: 0.2758  loss_mask: 0.2683  loss_rpn_cls: 0.04707  loss_rpn_loc: 0.02825    time: 0.4737  last_time: 0.6532  data_time: 0.0617  last_data_time: 0.0573   lr: 0.0003389  max_mem: 8818M
[09/02 13:10:02 d2.utils.events]:  eta: 1:10:06  iter: 6339  total_loss: 1.03  loss_cls: 0.2337  loss_box_reg: 0.3518  loss_mask: 0.2777  loss_rpn_cls: 0.05768  loss_rpn_loc: 0.07271    time: 0.4739  last_time: 0.7487  data_time: 0.0842  last_data_time: 0.3462   lr: 0.0003389  max_mem: 8818M
[09/02 13:10:12 d2.utils.events]:  eta: 1:10:09  iter: 6359  total_loss: 0.9357  loss_cls: 0.2418  loss_box_reg: 0.3159  loss_mask: 0.2884  loss_rpn_cls: 0.0624  loss_rpn_loc: 0.04025    time: 0.4739  last_time: 0.6988  data_time: 0.0791  last_data_time: 0.0454   lr: 0.0003389  max_mem: 8818M
[09/02 13:10:23 d2.utils.events]:  eta: 1:10:02  iter: 6379  total_loss: 0.8976  loss_cls: 0.224  loss_box_reg: 0.3239  loss_mask: 0.279  loss_rpn_cls: 0.06613  loss_rpn_loc: 0.03432    time: 0.4743  last_time: 0.3186  data_time: 0.1682  last_data_time: 0.0226   lr: 0.0003389  max_mem: 8818M
[09/02 13:10:34 d2.utils.events]:  eta: 1:09:58  iter: 6399  total_loss: 1.003  loss_cls: 0.2433  loss_box_reg: 0.3386  loss_mask: 0.283  loss_rpn_cls: 0.06286  loss_rpn_loc: 0.04886    time: 0.4744  last_time: 0.3462  data_time: 0.1005  last_data_time: 0.0482   lr: 0.0003389  max_mem: 8818M
[09/02 13:10:43 d2.utils.events]:  eta: 1:09:47  iter: 6419  total_loss: 0.8064  loss_cls: 0.2082  loss_box_reg: 0.2509  loss_mask: 0.2918  loss_rpn_cls: 0.04582  loss_rpn_loc: 0.03291    time: 0.4744  last_time: 0.2608  data_time: 0.0646  last_data_time: 0.0146   lr: 0.0003389  max_mem: 8818M
[09/02 13:10:54 d2.utils.events]:  eta: 1:09:47  iter: 6439  total_loss: 0.9085  loss_cls: 0.221  loss_box_reg: 0.2867  loss_mask: 0.2922  loss_rpn_cls: 0.05428  loss_rpn_loc: 0.04801    time: 0.4746  last_time: 0.5952  data_time: 0.0989  last_data_time: 0.2364   lr: 0.0003389  max_mem: 8818M
[09/02 13:11:04 d2.utils.events]:  eta: 1:09:38  iter: 6459  total_loss: 0.9298  loss_cls: 0.2274  loss_box_reg: 0.3141  loss_mask: 0.2693  loss_rpn_cls: 0.07045  loss_rpn_loc: 0.04909    time: 0.4747  last_time: 0.4002  data_time: 0.0908  last_data_time: 0.0215   lr: 0.0003389  max_mem: 8818M
[09/02 13:11:13 d2.utils.events]:  eta: 1:09:26  iter: 6479  total_loss: 0.9122  loss_cls: 0.2207  loss_box_reg: 0.2912  loss_mask: 0.2821  loss_rpn_cls: 0.05835  loss_rpn_loc: 0.03511    time: 0.4746  last_time: 0.3116  data_time: 0.0570  last_data_time: 0.0344   lr: 0.0003389  max_mem: 8818M
[09/02 13:11:22 d2.utils.events]:  eta: 1:09:17  iter: 6499  total_loss: 0.9036  loss_cls: 0.2381  loss_box_reg: 0.3087  loss_mask: 0.2759  loss_rpn_cls: 0.05523  loss_rpn_loc: 0.03442    time: 0.4745  last_time: 0.2740  data_time: 0.0640  last_data_time: 0.0137   lr: 0.0003389  max_mem: 8818M
[09/02 13:11:33 d2.utils.events]:  eta: 1:09:12  iter: 6519  total_loss: 0.9493  loss_cls: 0.2273  loss_box_reg: 0.318  loss_mask: 0.2735  loss_rpn_cls: 0.0621  loss_rpn_loc: 0.03865    time: 0.4747  last_time: 0.3953  data_time: 0.1021  last_data_time: 0.0346   lr: 0.0003389  max_mem: 8818M
[09/02 13:11:42 d2.utils.events]:  eta: 1:08:56  iter: 6539  total_loss: 0.909  loss_cls: 0.2375  loss_box_reg: 0.2673  loss_mask: 0.2658  loss_rpn_cls: 0.05707  loss_rpn_loc: 0.03741    time: 0.4746  last_time: 0.2815  data_time: 0.0552  last_data_time: 0.0469   lr: 0.0003389  max_mem: 8818M
[09/02 13:11:51 d2.utils.events]:  eta: 1:08:45  iter: 6559  total_loss: 0.8196  loss_cls: 0.2056  loss_box_reg: 0.2565  loss_mask: 0.2738  loss_rpn_cls: 0.05188  loss_rpn_loc: 0.03589    time: 0.4745  last_time: 0.5812  data_time: 0.0827  last_data_time: 0.0291   lr: 0.0003389  max_mem: 8818M
[09/02 13:12:00 d2.utils.events]:  eta: 1:08:35  iter: 6579  total_loss: 0.9105  loss_cls: 0.2365  loss_box_reg: 0.308  loss_mask: 0.2889  loss_rpn_cls: 0.04688  loss_rpn_loc: 0.03565    time: 0.4745  last_time: 0.4439  data_time: 0.0666  last_data_time: 0.0322   lr: 0.0003389  max_mem: 8818M
[09/02 13:12:09 d2.utils.events]:  eta: 1:08:29  iter: 6599  total_loss: 0.8257  loss_cls: 0.2063  loss_box_reg: 0.2637  loss_mask: 0.2674  loss_rpn_cls: 0.05197  loss_rpn_loc: 0.02675    time: 0.4744  last_time: 0.9502  data_time: 0.0834  last_data_time: 0.5757   lr: 0.0003389  max_mem: 8818M
[09/02 13:12:18 d2.utils.events]:  eta: 1:08:19  iter: 6619  total_loss: 1.05  loss_cls: 0.2546  loss_box_reg: 0.325  loss_mask: 0.2777  loss_rpn_cls: 0.06316  loss_rpn_loc: 0.05177    time: 0.4744  last_time: 0.3227  data_time: 0.0617  last_data_time: 0.0246   lr: 0.0003389  max_mem: 8818M
[09/02 13:12:29 d2.utils.events]:  eta: 1:08:19  iter: 6639  total_loss: 0.9203  loss_cls: 0.2353  loss_box_reg: 0.3129  loss_mask: 0.2713  loss_rpn_cls: 0.05497  loss_rpn_loc: 0.04414    time: 0.4745  last_time: 0.7598  data_time: 0.0737  last_data_time: 0.1178   lr: 0.0003389  max_mem: 8818M
[09/02 13:12:39 d2.utils.events]:  eta: 1:08:36  iter: 6659  total_loss: 0.9614  loss_cls: 0.2309  loss_box_reg: 0.2907  loss_mask: 0.281  loss_rpn_cls: 0.05649  loss_rpn_loc: 0.04311    time: 0.4746  last_time: 0.3881  data_time: 0.0771  last_data_time: 0.0618   lr: 0.0003389  max_mem: 8818M
[09/02 13:12:48 d2.utils.events]:  eta: 1:08:26  iter: 6679  total_loss: 0.9418  loss_cls: 0.2414  loss_box_reg: 0.3403  loss_mask: 0.2693  loss_rpn_cls: 0.06027  loss_rpn_loc: 0.04296    time: 0.4745  last_time: 0.4342  data_time: 0.0536  last_data_time: 0.0962   lr: 0.0003389  max_mem: 8818M
[09/02 13:12:57 d2.utils.events]:  eta: 1:08:21  iter: 6699  total_loss: 0.7977  loss_cls: 0.1849  loss_box_reg: 0.267  loss_mask: 0.2814  loss_rpn_cls: 0.04755  loss_rpn_loc: 0.02382    time: 0.4745  last_time: 0.9000  data_time: 0.0836  last_data_time: 0.5146   lr: 0.0003389  max_mem: 8818M
[09/02 13:13:07 d2.utils.events]:  eta: 1:08:10  iter: 6719  total_loss: 0.9129  loss_cls: 0.2334  loss_box_reg: 0.3179  loss_mask: 0.2655  loss_rpn_cls: 0.05037  loss_rpn_loc: 0.04567    time: 0.4745  last_time: 0.3661  data_time: 0.1208  last_data_time: 0.0409   lr: 0.0003389  max_mem: 8818M
[09/02 13:13:16 d2.utils.events]:  eta: 1:08:00  iter: 6739  total_loss: 0.8742  loss_cls: 0.2117  loss_box_reg: 0.2681  loss_mask: 0.2818  loss_rpn_cls: 0.05216  loss_rpn_loc: 0.03703    time: 0.4744  last_time: 0.7679  data_time: 0.0808  last_data_time: 0.1770   lr: 0.0003389  max_mem: 8818M
[09/02 13:13:25 d2.utils.events]:  eta: 1:07:47  iter: 6759  total_loss: 0.8555  loss_cls: 0.2282  loss_box_reg: 0.2968  loss_mask: 0.2784  loss_rpn_cls: 0.04306  loss_rpn_loc: 0.02874    time: 0.4743  last_time: 0.4461  data_time: 0.0605  last_data_time: 0.0879   lr: 0.0003389  max_mem: 8818M
[09/02 13:13:34 d2.utils.events]:  eta: 1:07:35  iter: 6779  total_loss: 0.9564  loss_cls: 0.2414  loss_box_reg: 0.3209  loss_mask: 0.2772  loss_rpn_cls: 0.05181  loss_rpn_loc: 0.04562    time: 0.4743  last_time: 0.4865  data_time: 0.0648  last_data_time: 0.0417   lr: 0.0003389  max_mem: 8818M
[09/02 13:13:44 d2.utils.events]:  eta: 1:07:33  iter: 6799  total_loss: 0.9446  loss_cls: 0.2354  loss_box_reg: 0.3304  loss_mask: 0.2877  loss_rpn_cls: 0.05635  loss_rpn_loc: 0.04116    time: 0.4743  last_time: 0.6459  data_time: 0.0572  last_data_time: 0.0168   lr: 0.0003389  max_mem: 8818M
[09/02 13:13:53 d2.utils.events]:  eta: 1:07:25  iter: 6819  total_loss: 0.9164  loss_cls: 0.2312  loss_box_reg: 0.288  loss_mask: 0.2714  loss_rpn_cls: 0.05567  loss_rpn_loc: 0.04408    time: 0.4744  last_time: 1.2375  data_time: 0.0978  last_data_time: 0.8535   lr: 0.0003389  max_mem: 8818M
[09/02 13:14:02 d2.utils.events]:  eta: 1:07:14  iter: 6839  total_loss: 0.8659  loss_cls: 0.1995  loss_box_reg: 0.2942  loss_mask: 0.2737  loss_rpn_cls: 0.04833  loss_rpn_loc: 0.01754    time: 0.4742  last_time: 0.5135  data_time: 0.0471  last_data_time: 0.0692   lr: 0.0003389  max_mem: 8818M
[09/02 13:14:12 d2.utils.events]:  eta: 1:07:03  iter: 6859  total_loss: 0.9177  loss_cls: 0.2339  loss_box_reg: 0.3116  loss_mask: 0.2827  loss_rpn_cls: 0.05021  loss_rpn_loc: 0.0375    time: 0.4743  last_time: 0.5949  data_time: 0.1056  last_data_time: 0.0419   lr: 0.0003389  max_mem: 8818M
[09/02 13:14:20 d2.utils.events]:  eta: 1:06:54  iter: 6879  total_loss: 0.8398  loss_cls: 0.2172  loss_box_reg: 0.2718  loss_mask: 0.2729  loss_rpn_cls: 0.04875  loss_rpn_loc: 0.03151    time: 0.4741  last_time: 0.3887  data_time: 0.0466  last_data_time: 0.0793   lr: 0.0003389  max_mem: 8818M
[09/02 13:14:31 d2.utils.events]:  eta: 1:06:47  iter: 6899  total_loss: 0.9226  loss_cls: 0.2421  loss_box_reg: 0.322  loss_mask: 0.2921  loss_rpn_cls: 0.04522  loss_rpn_loc: 0.0367    time: 0.4744  last_time: 0.4949  data_time: 0.1528  last_data_time: 0.1127   lr: 0.0003389  max_mem: 8818M
[09/02 13:14:41 d2.utils.events]:  eta: 1:06:45  iter: 6919  total_loss: 0.8973  loss_cls: 0.2186  loss_box_reg: 0.297  loss_mask: 0.3041  loss_rpn_cls: 0.06235  loss_rpn_loc: 0.03347    time: 0.4744  last_time: 0.4103  data_time: 0.0680  last_data_time: 0.0385   lr: 0.0003389  max_mem: 8818M
[09/02 13:14:51 d2.utils.events]:  eta: 1:06:40  iter: 6939  total_loss: 0.8  loss_cls: 0.1943  loss_box_reg: 0.2294  loss_mask: 0.2597  loss_rpn_cls: 0.05314  loss_rpn_loc: 0.02461    time: 0.4744  last_time: 0.4551  data_time: 0.0688  last_data_time: 0.0325   lr: 0.0003389  max_mem: 8818M
[09/02 13:15:00 d2.utils.events]:  eta: 1:06:29  iter: 6959  total_loss: 0.9611  loss_cls: 0.2378  loss_box_reg: 0.3195  loss_mask: 0.2809  loss_rpn_cls: 0.05516  loss_rpn_loc: 0.04056    time: 0.4744  last_time: 0.3635  data_time: 0.0603  last_data_time: 0.0199   lr: 0.0003389  max_mem: 8818M
[09/02 13:15:10 d2.utils.events]:  eta: 1:06:23  iter: 6979  total_loss: 0.9916  loss_cls: 0.2431  loss_box_reg: 0.3419  loss_mask: 0.2917  loss_rpn_cls: 0.06135  loss_rpn_loc: 0.03466    time: 0.4745  last_time: 0.3475  data_time: 0.0741  last_data_time: 0.0452   lr: 0.0003389  max_mem: 8818M
[09/02 13:15:19 d2.utils.events]:  eta: 1:06:14  iter: 6999  total_loss: 0.7833  loss_cls: 0.1881  loss_box_reg: 0.2378  loss_mask: 0.2722  loss_rpn_cls: 0.05126  loss_rpn_loc: 0.02897    time: 0.4744  last_time: 0.5830  data_time: 0.0648  last_data_time: 0.2080   lr: 0.0003389  max_mem: 8818M
[09/02 13:15:29 d2.utils.events]:  eta: 1:06:05  iter: 7019  total_loss: 0.9105  loss_cls: 0.2288  loss_box_reg: 0.3223  loss_mask: 0.2646  loss_rpn_cls: 0.06509  loss_rpn_loc: 0.04785    time: 0.4745  last_time: 0.5039  data_time: 0.0597  last_data_time: 0.0231   lr: 0.0003389  max_mem: 8818M
[09/02 13:15:38 d2.utils.events]:  eta: 1:05:58  iter: 7039  total_loss: 0.882  loss_cls: 0.2055  loss_box_reg: 0.2814  loss_mask: 0.277  loss_rpn_cls: 0.04449  loss_rpn_loc: 0.0313    time: 0.4744  last_time: 0.4555  data_time: 0.0671  last_data_time: 0.0367   lr: 0.0003389  max_mem: 8818M
[09/02 13:15:47 d2.utils.events]:  eta: 1:05:45  iter: 7059  total_loss: 0.8148  loss_cls: 0.2219  loss_box_reg: 0.2776  loss_mask: 0.2671  loss_rpn_cls: 0.04267  loss_rpn_loc: 0.02211    time: 0.4743  last_time: 0.3787  data_time: 0.0718  last_data_time: 0.0936   lr: 0.0003389  max_mem: 8818M
[09/02 13:15:57 d2.utils.events]:  eta: 1:05:38  iter: 7079  total_loss: 0.8502  loss_cls: 0.2037  loss_box_reg: 0.2878  loss_mask: 0.2663  loss_rpn_cls: 0.04739  loss_rpn_loc: 0.02948    time: 0.4743  last_time: 0.4585  data_time: 0.0756  last_data_time: 0.0547   lr: 0.0003389  max_mem: 8818M
[09/02 13:16:07 d2.utils.events]:  eta: 1:05:26  iter: 7099  total_loss: 0.8485  loss_cls: 0.2099  loss_box_reg: 0.2641  loss_mask: 0.2848  loss_rpn_cls: 0.04987  loss_rpn_loc: 0.03018    time: 0.4744  last_time: 0.3322  data_time: 0.1053  last_data_time: 0.0781   lr: 0.0003389  max_mem: 8818M
[09/02 13:16:16 d2.utils.events]:  eta: 1:05:16  iter: 7119  total_loss: 0.9475  loss_cls: 0.2234  loss_box_reg: 0.3012  loss_mask: 0.2807  loss_rpn_cls: 0.05639  loss_rpn_loc: 0.03152    time: 0.4744  last_time: 0.3125  data_time: 0.0740  last_data_time: 0.0482   lr: 0.0003389  max_mem: 8818M
[09/02 13:16:24 d2.utils.events]:  eta: 1:05:03  iter: 7139  total_loss: 0.801  loss_cls: 0.2077  loss_box_reg: 0.2567  loss_mask: 0.2876  loss_rpn_cls: 0.03902  loss_rpn_loc: 0.02113    time: 0.4742  last_time: 0.4858  data_time: 0.0564  last_data_time: 0.0844   lr: 0.0003389  max_mem: 8818M
[09/02 13:16:34 d2.utils.events]:  eta: 1:04:51  iter: 7159  total_loss: 0.838  loss_cls: 0.21  loss_box_reg: 0.2597  loss_mask: 0.2742  loss_rpn_cls: 0.06089  loss_rpn_loc: 0.04247    time: 0.4742  last_time: 0.6172  data_time: 0.0842  last_data_time: 0.0758   lr: 0.0003389  max_mem: 8818M
[09/02 13:16:43 d2.utils.events]:  eta: 1:04:41  iter: 7179  total_loss: 0.9123  loss_cls: 0.2402  loss_box_reg: 0.2678  loss_mask: 0.2935  loss_rpn_cls: 0.06176  loss_rpn_loc: 0.03379    time: 0.4741  last_time: 0.6018  data_time: 0.0646  last_data_time: 0.0975   lr: 0.0003389  max_mem: 8818M
[09/02 13:16:53 d2.utils.events]:  eta: 1:04:32  iter: 7199  total_loss: 0.821  loss_cls: 0.2221  loss_box_reg: 0.2765  loss_mask: 0.2566  loss_rpn_cls: 0.05693  loss_rpn_loc: 0.03744    time: 0.4742  last_time: 0.2785  data_time: 0.0762  last_data_time: 0.0192   lr: 0.0003389  max_mem: 8818M
[09/02 13:17:02 d2.utils.events]:  eta: 1:04:24  iter: 7219  total_loss: 0.9919  loss_cls: 0.2487  loss_box_reg: 0.3121  loss_mask: 0.2895  loss_rpn_cls: 0.06793  loss_rpn_loc: 0.04484    time: 0.4741  last_time: 0.4746  data_time: 0.0649  last_data_time: 0.0324   lr: 0.0003389  max_mem: 8818M
[09/02 13:17:10 d2.utils.events]:  eta: 1:03:52  iter: 7239  total_loss: 0.8118  loss_cls: 0.1989  loss_box_reg: 0.2475  loss_mask: 0.2703  loss_rpn_cls: 0.0523  loss_rpn_loc: 0.02752    time: 0.4740  last_time: 0.4187  data_time: 0.0747  last_data_time: 0.0410   lr: 0.0003389  max_mem: 8818M
[09/02 13:17:20 d2.utils.events]:  eta: 1:03:43  iter: 7259  total_loss: 0.8228  loss_cls: 0.2059  loss_box_reg: 0.2652  loss_mask: 0.2633  loss_rpn_cls: 0.04934  loss_rpn_loc: 0.03145    time: 0.4740  last_time: 0.6188  data_time: 0.0804  last_data_time: 0.1088   lr: 0.0003389  max_mem: 8818M
[09/02 13:17:28 d2.utils.events]:  eta: 1:03:23  iter: 7279  total_loss: 0.8258  loss_cls: 0.2055  loss_box_reg: 0.2718  loss_mask: 0.2577  loss_rpn_cls: 0.05242  loss_rpn_loc: 0.02528    time: 0.4738  last_time: 0.3412  data_time: 0.0551  last_data_time: 0.0848   lr: 0.0003389  max_mem: 8818M
[09/02 13:17:37 d2.utils.events]:  eta: 1:03:17  iter: 7299  total_loss: 0.8856  loss_cls: 0.2107  loss_box_reg: 0.2976  loss_mask: 0.2973  loss_rpn_cls: 0.04523  loss_rpn_loc: 0.03503    time: 0.4737  last_time: 0.4085  data_time: 0.0554  last_data_time: 0.0641   lr: 0.0003389  max_mem: 8818M
[09/02 13:17:47 d2.utils.events]:  eta: 1:03:12  iter: 7319  total_loss: 0.8824  loss_cls: 0.2154  loss_box_reg: 0.2977  loss_mask: 0.2684  loss_rpn_cls: 0.05008  loss_rpn_loc: 0.03465    time: 0.4738  last_time: 0.8301  data_time: 0.1044  last_data_time: 0.0851   lr: 0.0003389  max_mem: 8818M
[09/02 13:17:56 d2.utils.events]:  eta: 1:02:59  iter: 7339  total_loss: 0.829  loss_cls: 0.1966  loss_box_reg: 0.2478  loss_mask: 0.2672  loss_rpn_cls: 0.05386  loss_rpn_loc: 0.03041    time: 0.4737  last_time: 0.6956  data_time: 0.0788  last_data_time: 0.0977   lr: 0.0003389  max_mem: 8818M
[09/02 13:18:05 d2.utils.events]:  eta: 1:02:47  iter: 7359  total_loss: 0.8195  loss_cls: 0.2054  loss_box_reg: 0.2642  loss_mask: 0.272  loss_rpn_cls: 0.04491  loss_rpn_loc: 0.03226    time: 0.4736  last_time: 0.5086  data_time: 0.0933  last_data_time: 0.1985   lr: 0.0003389  max_mem: 8818M
[09/02 13:18:15 d2.utils.events]:  eta: 1:02:38  iter: 7379  total_loss: 0.8584  loss_cls: 0.224  loss_box_reg: 0.2907  loss_mask: 0.2902  loss_rpn_cls: 0.05838  loss_rpn_loc: 0.03325    time: 0.4737  last_time: 0.5569  data_time: 0.0801  last_data_time: 0.0442   lr: 0.0003389  max_mem: 8818M
[09/02 13:18:25 d2.utils.events]:  eta: 1:02:26  iter: 7399  total_loss: 0.9154  loss_cls: 0.2411  loss_box_reg: 0.3152  loss_mask: 0.2631  loss_rpn_cls: 0.0491  loss_rpn_loc: 0.03788    time: 0.4738  last_time: 0.6678  data_time: 0.0998  last_data_time: 0.0497   lr: 0.0003389  max_mem: 8818M
[09/02 13:18:34 d2.utils.events]:  eta: 1:02:22  iter: 7419  total_loss: 0.8356  loss_cls: 0.1998  loss_box_reg: 0.2741  loss_mask: 0.2852  loss_rpn_cls: 0.0463  loss_rpn_loc: 0.03073    time: 0.4738  last_time: 0.3754  data_time: 0.0729  last_data_time: 0.0447   lr: 0.0003389  max_mem: 8818M
[09/02 13:18:44 d2.utils.events]:  eta: 1:02:08  iter: 7439  total_loss: 0.9652  loss_cls: 0.2285  loss_box_reg: 0.2921  loss_mask: 0.2898  loss_rpn_cls: 0.07608  loss_rpn_loc: 0.04687    time: 0.4738  last_time: 0.3571  data_time: 0.0892  last_data_time: 0.0270   lr: 0.0003389  max_mem: 8818M
[09/02 13:18:54 d2.utils.events]:  eta: 1:02:07  iter: 7459  total_loss: 0.9508  loss_cls: 0.2308  loss_box_reg: 0.3362  loss_mask: 0.2611  loss_rpn_cls: 0.05071  loss_rpn_loc: 0.04173    time: 0.4739  last_time: 0.3859  data_time: 0.0602  last_data_time: 0.0529   lr: 0.0003389  max_mem: 8818M
[09/02 13:19:03 d2.utils.events]:  eta: 1:01:58  iter: 7479  total_loss: 0.8064  loss_cls: 0.1969  loss_box_reg: 0.2464  loss_mask: 0.2664  loss_rpn_cls: 0.0461  loss_rpn_loc: 0.02613    time: 0.4738  last_time: 0.4583  data_time: 0.0697  last_data_time: 0.0536   lr: 0.0003389  max_mem: 8818M
[09/02 13:19:12 d2.utils.events]:  eta: 1:01:46  iter: 7499  total_loss: 0.8814  loss_cls: 0.199  loss_box_reg: 0.2756  loss_mask: 0.2852  loss_rpn_cls: 0.05255  loss_rpn_loc: 0.04024    time: 0.4738  last_time: 0.4238  data_time: 0.0761  last_data_time: 0.0294   lr: 0.0003389  max_mem: 8818M
[09/02 13:19:22 d2.utils.events]:  eta: 1:01:22  iter: 7519  total_loss: 0.9061  loss_cls: 0.2263  loss_box_reg: 0.2884  loss_mask: 0.2688  loss_rpn_cls: 0.05451  loss_rpn_loc: 0.03098    time: 0.4738  last_time: 0.9069  data_time: 0.1011  last_data_time: 0.0669   lr: 0.0003389  max_mem: 8818M
[09/02 13:19:32 d2.utils.events]:  eta: 1:01:35  iter: 7539  total_loss: 0.9871  loss_cls: 0.2467  loss_box_reg: 0.3398  loss_mask: 0.2708  loss_rpn_cls: 0.06902  loss_rpn_loc: 0.05066    time: 0.4738  last_time: 0.4060  data_time: 0.0617  last_data_time: 0.0390   lr: 0.0003389  max_mem: 8818M
[09/02 13:19:41 d2.utils.events]:  eta: 1:01:36  iter: 7559  total_loss: 0.8831  loss_cls: 0.2303  loss_box_reg: 0.3181  loss_mask: 0.2907  loss_rpn_cls: 0.05707  loss_rpn_loc: 0.03917    time: 0.4738  last_time: 0.5490  data_time: 0.0688  last_data_time: 0.0577   lr: 0.0003389  max_mem: 8818M
[09/02 13:19:51 d2.utils.events]:  eta: 1:01:29  iter: 7579  total_loss: 0.8562  loss_cls: 0.1944  loss_box_reg: 0.268  loss_mask: 0.2792  loss_rpn_cls: 0.06711  loss_rpn_loc: 0.0429    time: 0.4738  last_time: 0.3680  data_time: 0.0802  last_data_time: 0.0213   lr: 0.0003389  max_mem: 8818M
[09/02 13:20:01 d2.utils.events]:  eta: 1:01:31  iter: 7599  total_loss: 1.007  loss_cls: 0.2573  loss_box_reg: 0.3394  loss_mask: 0.2767  loss_rpn_cls: 0.06417  loss_rpn_loc: 0.0431    time: 0.4739  last_time: 0.7883  data_time: 0.0946  last_data_time: 0.3489   lr: 0.0003389  max_mem: 8818M
[09/02 13:20:10 d2.utils.events]:  eta: 1:00:56  iter: 7619  total_loss: 0.9324  loss_cls: 0.2211  loss_box_reg: 0.2996  loss_mask: 0.2893  loss_rpn_cls: 0.05159  loss_rpn_loc: 0.03551    time: 0.4739  last_time: 0.2828  data_time: 0.0773  last_data_time: 0.0167   lr: 0.0003389  max_mem: 8818M
[09/02 13:20:19 d2.utils.events]:  eta: 1:00:29  iter: 7639  total_loss: 0.8561  loss_cls: 0.205  loss_box_reg: 0.2896  loss_mask: 0.2589  loss_rpn_cls: 0.04452  loss_rpn_loc: 0.03184    time: 0.4738  last_time: 0.4600  data_time: 0.0699  last_data_time: 0.1331   lr: 0.0003389  max_mem: 8818M
[09/02 13:20:28 d2.utils.events]:  eta: 1:00:17  iter: 7659  total_loss: 0.7993  loss_cls: 0.1936  loss_box_reg: 0.2632  loss_mask: 0.257  loss_rpn_cls: 0.04978  loss_rpn_loc: 0.02863    time: 0.4738  last_time: 0.3709  data_time: 0.0760  last_data_time: 0.0387   lr: 0.0003389  max_mem: 8818M
[09/02 13:20:38 d2.utils.events]:  eta: 1:00:27  iter: 7679  total_loss: 0.9585  loss_cls: 0.2384  loss_box_reg: 0.3166  loss_mask: 0.2797  loss_rpn_cls: 0.06325  loss_rpn_loc: 0.04627    time: 0.4739  last_time: 0.6416  data_time: 0.0959  last_data_time: 0.0965   lr: 0.0003389  max_mem: 8818M
[09/02 13:20:48 d2.utils.events]:  eta: 1:00:36  iter: 7699  total_loss: 0.9305  loss_cls: 0.237  loss_box_reg: 0.3099  loss_mask: 0.2752  loss_rpn_cls: 0.05067  loss_rpn_loc: 0.03704    time: 0.4739  last_time: 0.5704  data_time: 0.0640  last_data_time: 0.0375   lr: 0.0003389  max_mem: 8818M
[09/02 13:20:58 d2.utils.events]:  eta: 1:00:39  iter: 7719  total_loss: 0.9448  loss_cls: 0.2374  loss_box_reg: 0.3192  loss_mask: 0.3025  loss_rpn_cls: 0.05464  loss_rpn_loc: 0.04322    time: 0.4740  last_time: 0.3684  data_time: 0.0594  last_data_time: 0.0372   lr: 0.0003389  max_mem: 8818M
[09/02 13:21:07 d2.utils.events]:  eta: 1:00:36  iter: 7739  total_loss: 0.8364  loss_cls: 0.2023  loss_box_reg: 0.2644  loss_mask: 0.2733  loss_rpn_cls: 0.0562  loss_rpn_loc: 0.03827    time: 0.4739  last_time: 0.5186  data_time: 0.0639  last_data_time: 0.0138   lr: 0.0003389  max_mem: 8818M
[09/02 13:21:17 d2.utils.events]:  eta: 1:00:24  iter: 7759  total_loss: 0.8836  loss_cls: 0.2311  loss_box_reg: 0.3183  loss_mask: 0.2758  loss_rpn_cls: 0.0452  loss_rpn_loc: 0.03973    time: 0.4739  last_time: 0.4974  data_time: 0.0710  last_data_time: 0.0663   lr: 0.0003389  max_mem: 8818M
[09/02 13:21:26 d2.utils.events]:  eta: 1:00:10  iter: 7779  total_loss: 0.9108  loss_cls: 0.2268  loss_box_reg: 0.2906  loss_mask: 0.2527  loss_rpn_cls: 0.04674  loss_rpn_loc: 0.04207    time: 0.4739  last_time: 0.2708  data_time: 0.0691  last_data_time: 0.0155   lr: 0.0003389  max_mem: 8818M
[09/02 13:21:35 d2.utils.events]:  eta: 0:59:59  iter: 7799  total_loss: 0.864  loss_cls: 0.2082  loss_box_reg: 0.3055  loss_mask: 0.2731  loss_rpn_cls: 0.04088  loss_rpn_loc: 0.03187    time: 0.4738  last_time: 0.4207  data_time: 0.0638  last_data_time: 0.0420   lr: 0.0003389  max_mem: 8818M
[09/02 13:21:45 d2.utils.events]:  eta: 0:59:53  iter: 7819  total_loss: 0.9239  loss_cls: 0.225  loss_box_reg: 0.3039  loss_mask: 0.2877  loss_rpn_cls: 0.05412  loss_rpn_loc: 0.0339    time: 0.4738  last_time: 0.7006  data_time: 0.0658  last_data_time: 0.1641   lr: 0.0003389  max_mem: 8818M
[09/02 13:21:55 d2.utils.events]:  eta: 0:59:55  iter: 7839  total_loss: 0.8939  loss_cls: 0.2285  loss_box_reg: 0.2882  loss_mask: 0.2751  loss_rpn_cls: 0.05333  loss_rpn_loc: 0.02997    time: 0.4739  last_time: 0.4365  data_time: 0.0611  last_data_time: 0.0626   lr: 0.0003389  max_mem: 8818M
[09/02 13:22:05 d2.utils.events]:  eta: 0:59:40  iter: 7859  total_loss: 0.961  loss_cls: 0.244  loss_box_reg: 0.3424  loss_mask: 0.2893  loss_rpn_cls: 0.05517  loss_rpn_loc: 0.03566    time: 0.4740  last_time: 0.2910  data_time: 0.0680  last_data_time: 0.0381   lr: 0.0003389  max_mem: 8818M
[09/02 13:22:14 d2.utils.events]:  eta: 0:59:31  iter: 7879  total_loss: 0.8522  loss_cls: 0.2  loss_box_reg: 0.2761  loss_mask: 0.259  loss_rpn_cls: 0.04494  loss_rpn_loc: 0.02551    time: 0.4739  last_time: 0.3431  data_time: 0.0845  last_data_time: 0.0102   lr: 0.0003389  max_mem: 8818M
[09/02 13:22:24 d2.utils.events]:  eta: 0:59:26  iter: 7899  total_loss: 0.9644  loss_cls: 0.2202  loss_box_reg: 0.3195  loss_mask: 0.2758  loss_rpn_cls: 0.0566  loss_rpn_loc: 0.04534    time: 0.4739  last_time: 0.6452  data_time: 0.0731  last_data_time: 0.1272   lr: 0.0003389  max_mem: 8818M
[09/02 13:22:32 d2.utils.events]:  eta: 0:59:05  iter: 7919  total_loss: 0.8871  loss_cls: 0.2142  loss_box_reg: 0.288  loss_mask: 0.2824  loss_rpn_cls: 0.06312  loss_rpn_loc: 0.0341    time: 0.4739  last_time: 0.3369  data_time: 0.0674  last_data_time: 0.0166   lr: 0.0003389  max_mem: 8818M
[09/02 13:22:42 d2.utils.events]:  eta: 0:58:48  iter: 7939  total_loss: 0.9294  loss_cls: 0.2277  loss_box_reg: 0.2994  loss_mask: 0.2705  loss_rpn_cls: 0.06458  loss_rpn_loc: 0.04257    time: 0.4738  last_time: 0.5021  data_time: 0.0662  last_data_time: 0.0734   lr: 0.0003389  max_mem: 8818M
[09/02 13:22:51 d2.utils.events]:  eta: 0:58:39  iter: 7959  total_loss: 0.9021  loss_cls: 0.2228  loss_box_reg: 0.3081  loss_mask: 0.2879  loss_rpn_cls: 0.05619  loss_rpn_loc: 0.03718    time: 0.4738  last_time: 0.2860  data_time: 0.0675  last_data_time: 0.0379   lr: 0.0003389  max_mem: 8818M
[09/02 13:23:02 d2.utils.events]:  eta: 0:58:20  iter: 7979  total_loss: 0.8854  loss_cls: 0.2308  loss_box_reg: 0.3385  loss_mask: 0.2605  loss_rpn_cls: 0.05041  loss_rpn_loc: 0.03046    time: 0.4739  last_time: 0.4166  data_time: 0.1432  last_data_time: 0.0329   lr: 0.0003389  max_mem: 8818M
[09/02 13:23:13 d2.data.datasets.coco]: Loaded 896 images in COCO format from /vol/data/val/coco.json
[09/02 13:23:13 d2.data.dataset_mapper]: [DatasetMapper] Augmentations used in inference: [ResizeShortestEdge(short_edge_length=(1000, 1000), max_size=1333, sample_style='choice')]
[09/02 13:23:13 d2.data.common]: Serializing the dataset using: <class 'detectron2.data.common._TorchSerializedList'>
[09/02 13:23:13 d2.data.common]: Serializing 896 elements to byte tensors and concatenating them all ...
[09/02 13:23:13 d2.data.common]: Serialized dataset takes 6.12 MiB
[09/02 13:23:13 d2.evaluation.evaluator]: Start inference on 896 batches
[09/02 13:23:22 d2.evaluation.evaluator]: Inference done 11/896. Dataloading: 0.0037 s/iter. Inference: 0.0688 s/iter. Eval: 0.5166 s/iter. Total: 0.5891 s/iter. ETA=0:08:41
[09/02 13:23:28 d2.evaluation.evaluator]: Inference done 21/896. Dataloading: 0.0032 s/iter. Inference: 0.0658 s/iter. Eval: 0.5035 s/iter. Total: 0.5729 s/iter. ETA=0:08:21
[09/02 13:23:33 d2.evaluation.evaluator]: Inference done 28/896. Dataloading: 0.0032 s/iter. Inference: 0.0655 s/iter. Eval: 0.5507 s/iter. Total: 0.6198 s/iter. ETA=0:08:57
[09/02 13:23:38 d2.evaluation.evaluator]: Inference done 43/896. Dataloading: 0.0031 s/iter. Inference: 0.0621 s/iter. Eval: 0.4430 s/iter. Total: 0.5085 s/iter. ETA=0:07:13
[09/02 13:23:43 d2.evaluation.evaluator]: Inference done 67/896. Dataloading: 0.0030 s/iter. Inference: 0.0588 s/iter. Eval: 0.3346 s/iter. Total: 0.3966 s/iter. ETA=0:05:28
[09/02 13:23:49 d2.evaluation.evaluator]: Inference done 91/896. Dataloading: 0.0030 s/iter. Inference: 0.0572 s/iter. Eval: 0.2863 s/iter. Total: 0.3467 s/iter. ETA=0:04:39
[09/02 13:23:54 d2.evaluation.evaluator]: Inference done 104/896. Dataloading: 0.0030 s/iter. Inference: 0.0576 s/iter. Eval: 0.2966 s/iter. Total: 0.3574 s/iter. ETA=0:04:43
[09/02 13:23:59 d2.evaluation.evaluator]: Inference done 110/896. Dataloading: 0.0030 s/iter. Inference: 0.0581 s/iter. Eval: 0.3233 s/iter. Total: 0.3846 s/iter. ETA=0:05:02
[09/02 13:24:04 d2.evaluation.evaluator]: Inference done 120/896. Dataloading: 0.0030 s/iter. Inference: 0.0584 s/iter. Eval: 0.3356 s/iter. Total: 0.3972 s/iter. ETA=0:05:08
[09/02 13:24:10 d2.evaluation.evaluator]: Inference done 128/896. Dataloading: 0.0030 s/iter. Inference: 0.0586 s/iter. Eval: 0.3512 s/iter. Total: 0.4130 s/iter. ETA=0:05:17
[09/02 13:24:15 d2.evaluation.evaluator]: Inference done 140/896. Dataloading: 0.0030 s/iter. Inference: 0.0587 s/iter. Eval: 0.3530 s/iter. Total: 0.4149 s/iter. ETA=0:05:13
[09/02 13:24:20 d2.evaluation.evaluator]: Inference done 159/896. Dataloading: 0.0030 s/iter. Inference: 0.0583 s/iter. Eval: 0.3365 s/iter. Total: 0.3980 s/iter. ETA=0:04:53
[09/02 13:24:26 d2.evaluation.evaluator]: Inference done 181/896. Dataloading: 0.0030 s/iter. Inference: 0.0576 s/iter. Eval: 0.3200 s/iter. Total: 0.3808 s/iter. ETA=0:04:32
[09/02 13:24:31 d2.evaluation.evaluator]: Inference done 186/896. Dataloading: 0.0030 s/iter. Inference: 0.0581 s/iter. Eval: 0.3396 s/iter. Total: 0.4009 s/iter. ETA=0:04:44
[09/02 13:24:37 d2.evaluation.evaluator]: Inference done 191/896. Dataloading: 0.0030 s/iter. Inference: 0.0583 s/iter. Eval: 0.3567 s/iter. Total: 0.4181 s/iter. ETA=0:04:54
[09/02 13:24:42 d2.evaluation.evaluator]: Inference done 202/896. Dataloading: 0.0030 s/iter. Inference: 0.0584 s/iter. Eval: 0.3613 s/iter. Total: 0.4229 s/iter. ETA=0:04:53
[09/02 13:24:48 d2.evaluation.evaluator]: Inference done 209/896. Dataloading: 0.0030 s/iter. Inference: 0.0586 s/iter. Eval: 0.3742 s/iter. Total: 0.4359 s/iter. ETA=0:04:59
[09/02 13:24:53 d2.evaluation.evaluator]: Inference done 214/896. Dataloading: 0.0030 s/iter. Inference: 0.0590 s/iter. Eval: 0.3897 s/iter. Total: 0.4519 s/iter. ETA=0:05:08
[09/02 13:24:59 d2.evaluation.evaluator]: Inference done 226/896. Dataloading: 0.0030 s/iter. Inference: 0.0591 s/iter. Eval: 0.3901 s/iter. Total: 0.4523 s/iter. ETA=0:05:03
[09/02 13:25:04 d2.evaluation.evaluator]: Inference done 245/896. Dataloading: 0.0030 s/iter. Inference: 0.0588 s/iter. Eval: 0.3761 s/iter. Total: 0.4381 s/iter. ETA=0:04:45
[09/02 13:25:09 d2.evaluation.evaluator]: Inference done 253/896. Dataloading: 0.0030 s/iter. Inference: 0.0590 s/iter. Eval: 0.3829 s/iter. Total: 0.4450 s/iter. ETA=0:04:46
[09/02 13:25:15 d2.evaluation.evaluator]: Inference done 260/896. Dataloading: 0.0030 s/iter. Inference: 0.0592 s/iter. Eval: 0.3934 s/iter. Total: 0.4558 s/iter. ETA=0:04:49
[09/02 13:25:21 d2.evaluation.evaluator]: Inference done 265/896. Dataloading: 0.0030 s/iter. Inference: 0.0595 s/iter. Eval: 0.4082 s/iter. Total: 0.4709 s/iter. ETA=0:04:57
[09/02 13:25:26 d2.evaluation.evaluator]: Inference done 281/896. Dataloading: 0.0030 s/iter. Inference: 0.0594 s/iter. Eval: 0.4000 s/iter. Total: 0.4625 s/iter. ETA=0:04:44
[09/02 13:25:32 d2.evaluation.evaluator]: Inference done 290/896. Dataloading: 0.0031 s/iter. Inference: 0.0597 s/iter. Eval: 0.4032 s/iter. Total: 0.4661 s/iter. ETA=0:04:42
[09/02 13:25:37 d2.evaluation.evaluator]: Inference done 309/896. Dataloading: 0.0032 s/iter. Inference: 0.0597 s/iter. Eval: 0.3910 s/iter. Total: 0.4540 s/iter. ETA=0:04:26
[09/02 13:25:42 d2.evaluation.evaluator]: Inference done 327/896. Dataloading: 0.0032 s/iter. Inference: 0.0595 s/iter. Eval: 0.3818 s/iter. Total: 0.4446 s/iter. ETA=0:04:12
[09/02 13:25:47 d2.evaluation.evaluator]: Inference done 344/896. Dataloading: 0.0031 s/iter. Inference: 0.0592 s/iter. Eval: 0.3752 s/iter. Total: 0.4377 s/iter. ETA=0:04:01
[09/02 13:25:52 d2.evaluation.evaluator]: Inference done 366/896. Dataloading: 0.0031 s/iter. Inference: 0.0589 s/iter. Eval: 0.3636 s/iter. Total: 0.4258 s/iter. ETA=0:03:45
[09/02 13:25:58 d2.evaluation.evaluator]: Inference done 380/896. Dataloading: 0.0031 s/iter. Inference: 0.0588 s/iter. Eval: 0.3615 s/iter. Total: 0.4235 s/iter. ETA=0:03:38
[09/02 13:26:03 d2.evaluation.evaluator]: Inference done 389/896. Dataloading: 0.0031 s/iter. Inference: 0.0588 s/iter. Eval: 0.3650 s/iter. Total: 0.4270 s/iter. ETA=0:03:36
[09/02 13:26:08 d2.evaluation.evaluator]: Inference done 407/896. Dataloading: 0.0031 s/iter. Inference: 0.0587 s/iter. Eval: 0.3603 s/iter. Total: 0.4222 s/iter. ETA=0:03:26
[09/02 13:26:14 d2.evaluation.evaluator]: Inference done 413/896. Dataloading: 0.0031 s/iter. Inference: 0.0588 s/iter. Eval: 0.3671 s/iter. Total: 0.4291 s/iter. ETA=0:03:27
[09/02 13:26:19 d2.evaluation.evaluator]: Inference done 419/896. Dataloading: 0.0031 s/iter. Inference: 0.0589 s/iter. Eval: 0.3732 s/iter. Total: 0.4353 s/iter. ETA=0:03:27
[09/02 13:26:24 d2.evaluation.evaluator]: Inference done 426/896. Dataloading: 0.0031 s/iter. Inference: 0.0590 s/iter. Eval: 0.3777 s/iter. Total: 0.4399 s/iter. ETA=0:03:26
[09/02 13:26:29 d2.evaluation.evaluator]: Inference done 440/896. Dataloading: 0.0030 s/iter. Inference: 0.0590 s/iter. Eval: 0.3755 s/iter. Total: 0.4377 s/iter. ETA=0:03:19
[09/02 13:26:34 d2.evaluation.evaluator]: Inference done 446/896. Dataloading: 0.0030 s/iter. Inference: 0.0591 s/iter. Eval: 0.3816 s/iter. Total: 0.4438 s/iter. ETA=0:03:19
[09/02 13:26:40 d2.evaluation.evaluator]: Inference done 467/896. Dataloading: 0.0030 s/iter. Inference: 0.0589 s/iter. Eval: 0.3733 s/iter. Total: 0.4353 s/iter. ETA=0:03:06
[09/02 13:26:45 d2.evaluation.evaluator]: Inference done 476/896. Dataloading: 0.0030 s/iter. Inference: 0.0589 s/iter. Eval: 0.3758 s/iter. Total: 0.4379 s/iter. ETA=0:03:03
[09/02 13:26:50 d2.evaluation.evaluator]: Inference done 491/896. Dataloading: 0.0030 s/iter. Inference: 0.0588 s/iter. Eval: 0.3730 s/iter. Total: 0.4350 s/iter. ETA=0:02:56
[09/02 13:26:56 d2.evaluation.evaluator]: Inference done 502/896. Dataloading: 0.0030 s/iter. Inference: 0.0589 s/iter. Eval: 0.3745 s/iter. Total: 0.4365 s/iter. ETA=0:02:51
[09/02 13:27:01 d2.evaluation.evaluator]: Inference done 520/896. Dataloading: 0.0030 s/iter. Inference: 0.0587 s/iter. Eval: 0.3693 s/iter. Total: 0.4311 s/iter. ETA=0:02:42
[09/02 13:27:06 d2.evaluation.evaluator]: Inference done 543/896. Dataloading: 0.0030 s/iter. Inference: 0.0584 s/iter. Eval: 0.3606 s/iter. Total: 0.4221 s/iter. ETA=0:02:29
[09/02 13:27:11 d2.evaluation.evaluator]: Inference done 553/896. Dataloading: 0.0030 s/iter. Inference: 0.0584 s/iter. Eval: 0.3628 s/iter. Total: 0.4243 s/iter. ETA=0:02:25
[09/02 13:27:16 d2.evaluation.evaluator]: Inference done 567/896. Dataloading: 0.0030 s/iter. Inference: 0.0583 s/iter. Eval: 0.3614 s/iter. Total: 0.4228 s/iter. ETA=0:02:19
[09/02 13:27:22 d2.evaluation.evaluator]: Inference done 575/896. Dataloading: 0.0030 s/iter. Inference: 0.0583 s/iter. Eval: 0.3645 s/iter. Total: 0.4259 s/iter. ETA=0:02:16
[09/02 13:27:27 d2.evaluation.evaluator]: Inference done 597/896. Dataloading: 0.0029 s/iter. Inference: 0.0581 s/iter. Eval: 0.3577 s/iter. Total: 0.4188 s/iter. ETA=0:02:05
[09/02 13:27:32 d2.evaluation.evaluator]: Inference done 612/896. Dataloading: 0.0029 s/iter. Inference: 0.0580 s/iter. Eval: 0.3559 s/iter. Total: 0.4170 s/iter. ETA=0:01:58
[09/02 13:27:38 d2.evaluation.evaluator]: Inference done 622/896. Dataloading: 0.0029 s/iter. Inference: 0.0580 s/iter. Eval: 0.3587 s/iter. Total: 0.4197 s/iter. ETA=0:01:55
[09/02 13:27:44 d2.evaluation.evaluator]: Inference done 628/896. Dataloading: 0.0029 s/iter. Inference: 0.0581 s/iter. Eval: 0.3647 s/iter. Total: 0.4258 s/iter. ETA=0:01:54
[09/02 13:27:49 d2.evaluation.evaluator]: Inference done 635/896. Dataloading: 0.0029 s/iter. Inference: 0.0582 s/iter. Eval: 0.3684 s/iter. Total: 0.4297 s/iter. ETA=0:01:52
[09/02 13:27:55 d2.evaluation.evaluator]: Inference done 647/896. Dataloading: 0.0029 s/iter. Inference: 0.0582 s/iter. Eval: 0.3684 s/iter. Total: 0.4296 s/iter. ETA=0:01:46
[09/02 13:28:00 d2.evaluation.evaluator]: Inference done 663/896. Dataloading: 0.0029 s/iter. Inference: 0.0581 s/iter. Eval: 0.3659 s/iter. Total: 0.4270 s/iter. ETA=0:01:39
[09/02 13:28:05 d2.evaluation.evaluator]: Inference done 685/896. Dataloading: 0.0029 s/iter. Inference: 0.0579 s/iter. Eval: 0.3597 s/iter. Total: 0.4206 s/iter. ETA=0:01:28
[09/02 13:28:10 d2.evaluation.evaluator]: Inference done 699/896. Dataloading: 0.0029 s/iter. Inference: 0.0579 s/iter. Eval: 0.3591 s/iter. Total: 0.4200 s/iter. ETA=0:01:22
[09/02 13:28:16 d2.evaluation.evaluator]: Inference done 708/896. Dataloading: 0.0029 s/iter. Inference: 0.0579 s/iter. Eval: 0.3613 s/iter. Total: 0.4223 s/iter. ETA=0:01:19
[09/02 13:28:21 d2.evaluation.evaluator]: Inference done 719/896. Dataloading: 0.0029 s/iter. Inference: 0.0579 s/iter. Eval: 0.3623 s/iter. Total: 0.4232 s/iter. ETA=0:01:14
[09/02 13:28:27 d2.evaluation.evaluator]: Inference done 731/896. Dataloading: 0.0029 s/iter. Inference: 0.0580 s/iter. Eval: 0.3633 s/iter. Total: 0.4243 s/iter. ETA=0:01:10
[09/02 13:28:32 d2.evaluation.evaluator]: Inference done 738/896. Dataloading: 0.0029 s/iter. Inference: 0.0580 s/iter. Eval: 0.3670 s/iter. Total: 0.4280 s/iter. ETA=0:01:07
[09/02 13:28:38 d2.evaluation.evaluator]: Inference done 747/896. Dataloading: 0.0029 s/iter. Inference: 0.0580 s/iter. Eval: 0.3687 s/iter. Total: 0.4297 s/iter. ETA=0:01:04
[09/02 13:28:43 d2.evaluation.evaluator]: Inference done 764/896. Dataloading: 0.0029 s/iter. Inference: 0.0579 s/iter. Eval: 0.3659 s/iter. Total: 0.4268 s/iter. ETA=0:00:56
[09/02 13:28:48 d2.evaluation.evaluator]: Inference done 773/896. Dataloading: 0.0029 s/iter. Inference: 0.0580 s/iter. Eval: 0.3680 s/iter. Total: 0.4290 s/iter. ETA=0:00:52
[09/02 13:28:54 d2.evaluation.evaluator]: Inference done 779/896. Dataloading: 0.0029 s/iter. Inference: 0.0581 s/iter. Eval: 0.3719 s/iter. Total: 0.4329 s/iter. ETA=0:00:50
[09/02 13:28:59 d2.evaluation.evaluator]: Inference done 785/896. Dataloading: 0.0029 s/iter. Inference: 0.0581 s/iter. Eval: 0.3755 s/iter. Total: 0.4366 s/iter. ETA=0:00:48
[09/02 13:29:05 d2.evaluation.evaluator]: Inference done 792/896. Dataloading: 0.0029 s/iter. Inference: 0.0581 s/iter. Eval: 0.3784 s/iter. Total: 0.4395 s/iter. ETA=0:00:45
[09/02 13:29:10 d2.evaluation.evaluator]: Inference done 804/896. Dataloading: 0.0029 s/iter. Inference: 0.0581 s/iter. Eval: 0.3781 s/iter. Total: 0.4392 s/iter. ETA=0:00:40
[09/02 13:29:15 d2.evaluation.evaluator]: Inference done 817/896. Dataloading: 0.0029 s/iter. Inference: 0.0581 s/iter. Eval: 0.3781 s/iter. Total: 0.4391 s/iter. ETA=0:00:34
[09/02 13:29:21 d2.evaluation.evaluator]: Inference done 823/896. Dataloading: 0.0029 s/iter. Inference: 0.0581 s/iter. Eval: 0.3816 s/iter. Total: 0.4427 s/iter. ETA=0:00:32
[09/02 13:29:26 d2.evaluation.evaluator]: Inference done 846/896. Dataloading: 0.0029 s/iter. Inference: 0.0581 s/iter. Eval: 0.3757 s/iter. Total: 0.4367 s/iter. ETA=0:00:21
[09/02 13:29:32 d2.evaluation.evaluator]: Inference done 855/896. Dataloading: 0.0029 s/iter. Inference: 0.0581 s/iter. Eval: 0.3778 s/iter. Total: 0.4389 s/iter. ETA=0:00:17
[09/02 13:29:37 d2.evaluation.evaluator]: Inference done 862/896. Dataloading: 0.0029 s/iter. Inference: 0.0581 s/iter. Eval: 0.3806 s/iter. Total: 0.4417 s/iter. ETA=0:00:15
[09/02 13:29:43 d2.evaluation.evaluator]: Inference done 871/896. Dataloading: 0.0029 s/iter. Inference: 0.0581 s/iter. Eval: 0.3822 s/iter. Total: 0.4434 s/iter. ETA=0:00:11
[09/02 13:29:49 d2.evaluation.evaluator]: Inference done 882/896. Dataloading: 0.0029 s/iter. Inference: 0.0582 s/iter. Eval: 0.3833 s/iter. Total: 0.4445 s/iter. ETA=0:00:06
[09/02 13:29:53 d2.evaluation.evaluator]: Total inference time: 0:06:34.156665 (0.442376 s / iter per device, on 1 devices)
[09/02 13:29:53 d2.evaluation.evaluator]: Total inference pure compute time: 0:00:51 (0.058133 s / iter per device, on 1 devices)
[09/02 13:29:54 d2.evaluation.coco_evaluation]: Preparing results for COCO format ...
[09/02 13:29:54 d2.evaluation.coco_evaluation]: Saving results to /vol/out/train_s0v2/coco_instances_results.json
[09/02 13:29:55 d2.evaluation.coco_evaluation]: Evaluating predictions with unofficial COCO API...
Loading and preparing results...
DONE (t=0.07s)
creating index...
index created!
[09/02 13:29:55 d2.evaluation.fast_eval_api]: Evaluate annotation type *bbox*
[09/02 13:29:55 d2.evaluation.fast_eval_api]: COCOeval_opt.evaluate() finished in 0.67 seconds.
[09/02 13:29:55 d2.evaluation.fast_eval_api]: Accumulating evaluation results...
[09/02 13:29:55 d2.evaluation.fast_eval_api]: COCOeval_opt.accumulate() finished in 0.13 seconds.
 Average Precision  (AP) @[ IoU=0.50:0.95 | area=   all | maxDets=100 ] = 0.131
 Average Precision  (AP) @[ IoU=0.50      | area=   all | maxDets=100 ] = 0.482
 Average Precision  (AP) @[ IoU=0.75      | area=   all | maxDets=100 ] = 0.019
 Average Precision  (AP) @[ IoU=0.50:0.95 | area= small | maxDets=100 ] = 0.095
 Average Precision  (AP) @[ IoU=0.50:0.95 | area=medium | maxDets=100 ] = 0.170
 Average Precision  (AP) @[ IoU=0.50:0.95 | area= large | maxDets=100 ] = 0.154
 Average Recall     (AR) @[ IoU=0.50:0.95 | area=   all | maxDets=  1 ] = 0.012
 Average Recall     (AR) @[ IoU=0.50:0.95 | area=   all | maxDets= 10 ] = 0.084
 Average Recall     (AR) @[ IoU=0.50:0.95 | area=   all | maxDets=100 ] = 0.254
 Average Recall     (AR) @[ IoU=0.50:0.95 | area= small | maxDets=100 ] = 0.180
 Average Recall     (AR) @[ IoU=0.50:0.95 | area=medium | maxDets=100 ] = 0.313
 Average Recall     (AR) @[ IoU=0.50:0.95 | area= large | maxDets=100 ] = 0.383
[09/02 13:29:55 d2.evaluation.coco_evaluation]: Evaluation results for bbox: 
|   AP   |  AP50  |  AP75  |  APs  |  APm   |  APl   |
|:------:|:------:|:------:|:-----:|:------:|:------:|
| 13.082 | 48.246 | 1.909  | 9.544 | 16.982 | 15.423 |
Loading and preparing results...
DONE (t=0.62s)
creating index...
index created!
[09/02 13:29:58 d2.evaluation.fast_eval_api]: Evaluate annotation type *segm*
[09/02 13:29:59 d2.evaluation.fast_eval_api]: COCOeval_opt.evaluate() finished in 1.09 seconds.
[09/02 13:29:59 d2.evaluation.fast_eval_api]: Accumulating evaluation results...
[09/02 13:29:59 d2.evaluation.fast_eval_api]: COCOeval_opt.accumulate() finished in 0.12 seconds.
 Average Precision  (AP) @[ IoU=0.50:0.95 | area=   all | maxDets=100 ] = 0.327
 Average Precision  (AP) @[ IoU=0.50      | area=   all | maxDets=100 ] = 0.624
 Average Precision  (AP) @[ IoU=0.75      | area=   all | maxDets=100 ] = 0.311
 Average Precision  (AP) @[ IoU=0.50:0.95 | area= small | maxDets=100 ] = 0.193
 Average Precision  (AP) @[ IoU=0.50:0.95 | area=medium | maxDets=100 ] = 0.435
 Average Precision  (AP) @[ IoU=0.50:0.95 | area= large | maxDets=100 ] = 0.542
 Average Recall     (AR) @[ IoU=0.50:0.95 | area=   all | maxDets=  1 ] = 0.028
 Average Recall     (AR) @[ IoU=0.50:0.95 | area=   all | maxDets= 10 ] = 0.172
 Average Recall     (AR) @[ IoU=0.50:0.95 | area=   all | maxDets=100 ] = 0.446
 Average Recall     (AR) @[ IoU=0.50:0.95 | area= small | maxDets=100 ] = 0.338
 Average Recall     (AR) @[ IoU=0.50:0.95 | area=medium | maxDets=100 ] = 0.533
 Average Recall     (AR) @[ IoU=0.50:0.95 | area= large | maxDets=100 ] = 0.638
[09/02 13:29:59 d2.evaluation.coco_evaluation]: Evaluation results for segm: 
|   AP   |  AP50  |  AP75  |  APs   |  APm   |  APl   |
|:------:|:------:|:------:|:------:|:------:|:------:|
| 32.705 | 62.405 | 31.094 | 19.349 | 43.455 | 54.223 |
[09/02 13:30:00 d2.engine.defaults]: Evaluation results for trees_valv2 in csv format:
[09/02 13:30:00 d2.evaluation.testing]: copypaste: Task: bbox
[09/02 13:30:00 d2.evaluation.testing]: copypaste: AP,AP50,AP75,APs,APm,APl
[09/02 13:30:00 d2.evaluation.testing]: copypaste: 13.0819,48.2456,1.9086,9.5435,16.9816,15.4227
[09/02 13:30:00 d2.evaluation.testing]: copypaste: Task: segm
[09/02 13:30:00 d2.evaluation.testing]: copypaste: AP,AP50,AP75,APs,APm,APl
[09/02 13:30:00 d2.evaluation.testing]: copypaste: 32.7054,62.4046,31.0943,19.3494,43.4548,54.2231
[eval] iter 8000 segm AP50=62.405 (best 62.175)
[09/02 13:30:01 d2.utils.events]:  eta: 0:58:29  iter: 7999  total_loss: 1.01  loss_cls: 0.2551  loss_box_reg: 0.3547  loss_mask: 0.2721  loss_rpn_cls: 0.05697  loss_rpn_loc: 0.04268    time: 0.4740  last_time: 0.3778  data_time: 0.0692  last_data_time: 0.0210   lr: 0.0003389  max_mem: 8818M
[commit] volume committed @ iter 8000
[09/02 13:30:20 d2.utils.events]:  eta: 0:58:06  iter: 8019  total_loss: 0.865  loss_cls: 0.2041  loss_box_reg: 0.2885  loss_mask: 0.2678  loss_rpn_cls: 0.05799  loss_rpn_loc: 0.03513    time: 0.4740  last_time: 0.4204  data_time: 0.0610  last_data_time: 0.0374   lr: 0.0003389  max_mem: 8818M
[09/02 13:30:29 d2.utils.events]:  eta: 0:57:57  iter: 8039  total_loss: 0.8377  loss_cls: 0.2013  loss_box_reg: 0.2827  loss_mask: 0.2778  loss_rpn_cls: 0.04853  loss_rpn_loc: 0.03073    time: 0.4740  last_time: 0.3031  data_time: 0.0728  last_data_time: 0.0174   lr: 0.0003389  max_mem: 8818M
[09/02 13:30:40 d2.utils.events]:  eta: 0:58:00  iter: 8059  total_loss: 0.8896  loss_cls: 0.2358  loss_box_reg: 0.3043  loss_mask: 0.282  loss_rpn_cls: 0.04955  loss_rpn_loc: 0.03277    time: 0.4741  last_time: 0.5212  data_time: 0.0964  last_data_time: 0.0210   lr: 0.0003389  max_mem: 8818M
[09/02 13:30:50 d2.utils.events]:  eta: 0:57:54  iter: 8079  total_loss: 0.9484  loss_cls: 0.2319  loss_box_reg: 0.3392  loss_mask: 0.2732  loss_rpn_cls: 0.05265  loss_rpn_loc: 0.03856    time: 0.4742  last_time: 0.3004  data_time: 0.0757  last_data_time: 0.0195   lr: 0.0003389  max_mem: 8818M
[09/02 13:30:59 d2.utils.events]:  eta: 0:57:47  iter: 8099  total_loss: 0.9233  loss_cls: 0.2273  loss_box_reg: 0.3076  loss_mask: 0.2621  loss_rpn_cls: 0.05863  loss_rpn_loc: 0.03906    time: 0.4742  last_time: 0.4525  data_time: 0.0533  last_data_time: 0.0455   lr: 0.0003389  max_mem: 8818M
[09/02 13:31:09 d2.utils.events]:  eta: 0:57:41  iter: 8119  total_loss: 0.8859  loss_cls: 0.2202  loss_box_reg: 0.3173  loss_mask: 0.2678  loss_rpn_cls: 0.05567  loss_rpn_loc: 0.04447    time: 0.4741  last_time: 0.4190  data_time: 0.0734  last_data_time: 0.0920   lr: 0.0003389  max_mem: 8818M
[09/02 13:31:18 d2.utils.events]:  eta: 0:57:46  iter: 8139  total_loss: 0.8322  loss_cls: 0.2001  loss_box_reg: 0.2792  loss_mask: 0.2562  loss_rpn_cls: 0.0495  loss_rpn_loc: 0.0356    time: 0.4741  last_time: 0.6032  data_time: 0.0591  last_data_time: 0.2288   lr: 0.0003389  max_mem: 8818M
[09/02 13:31:27 d2.utils.events]:  eta: 0:57:31  iter: 8159  total_loss: 0.8438  loss_cls: 0.199  loss_box_reg: 0.31  loss_mask: 0.2632  loss_rpn_cls: 0.04981  loss_rpn_loc: 0.03931    time: 0.4741  last_time: 0.4083  data_time: 0.0602  last_data_time: 0.0432   lr: 0.0003389  max_mem: 8818M
[09/02 13:31:37 d2.utils.events]:  eta: 0:57:22  iter: 8179  total_loss: 0.927  loss_cls: 0.2192  loss_box_reg: 0.3178  loss_mask: 0.2736  loss_rpn_cls: 0.05132  loss_rpn_loc: 0.03051    time: 0.4741  last_time: 0.6148  data_time: 0.0737  last_data_time: 0.1330   lr: 0.0003389  max_mem: 8818M
[09/02 13:31:46 d2.utils.events]:  eta: 0:57:07  iter: 8199  total_loss: 0.862  loss_cls: 0.2032  loss_box_reg: 0.2908  loss_mask: 0.291  loss_rpn_cls: 0.05386  loss_rpn_loc: 0.03028    time: 0.4740  last_time: 0.4795  data_time: 0.0602  last_data_time: 0.0554   lr: 0.0003389  max_mem: 8818M
[09/02 13:31:55 d2.utils.events]:  eta: 0:56:56  iter: 8219  total_loss: 0.9169  loss_cls: 0.2275  loss_box_reg: 0.2959  loss_mask: 0.2894  loss_rpn_cls: 0.05968  loss_rpn_loc: 0.0434    time: 0.4740  last_time: 0.3280  data_time: 0.0650  last_data_time: 0.0371   lr: 0.0003389  max_mem: 8818M
[09/02 13:32:04 d2.utils.events]:  eta: 0:56:52  iter: 8239  total_loss: 0.9203  loss_cls: 0.2403  loss_box_reg: 0.3155  loss_mask: 0.2835  loss_rpn_cls: 0.05388  loss_rpn_loc: 0.03173    time: 0.4740  last_time: 0.3888  data_time: 0.0729  last_data_time: 0.0819   lr: 0.0003389  max_mem: 8818M
[09/02 13:32:14 d2.utils.events]:  eta: 0:56:47  iter: 8259  total_loss: 0.904  loss_cls: 0.2309  loss_box_reg: 0.3175  loss_mask: 0.2728  loss_rpn_cls: 0.04829  loss_rpn_loc: 0.03681    time: 0.4740  last_time: 0.5460  data_time: 0.0812  last_data_time: 0.0426   lr: 0.0003389  max_mem: 8818M
[09/02 13:32:24 d2.utils.events]:  eta: 0:56:44  iter: 8279  total_loss: 0.9575  loss_cls: 0.2315  loss_box_reg: 0.3416  loss_mask: 0.2837  loss_rpn_cls: 0.05591  loss_rpn_loc: 0.04232    time: 0.4740  last_time: 0.4952  data_time: 0.0677  last_data_time: 0.1049   lr: 0.0003389  max_mem: 8818M
[09/02 13:32:34 d2.utils.events]:  eta: 0:56:43  iter: 8299  total_loss: 0.9095  loss_cls: 0.2234  loss_box_reg: 0.2891  loss_mask: 0.2764  loss_rpn_cls: 0.06092  loss_rpn_loc: 0.04814    time: 0.4741  last_time: 0.4583  data_time: 0.0597  last_data_time: 0.0376   lr: 0.0003389  max_mem: 8818M
[09/02 13:32:44 d2.utils.events]:  eta: 0:56:39  iter: 8319  total_loss: 0.9744  loss_cls: 0.243  loss_box_reg: 0.3428  loss_mask: 0.2741  loss_rpn_cls: 0.0534  loss_rpn_loc: 0.05594    time: 0.4742  last_time: 0.3373  data_time: 0.0664  last_data_time: 0.0528   lr: 0.0003389  max_mem: 8818M
[09/02 13:32:53 d2.utils.events]:  eta: 0:56:32  iter: 8339  total_loss: 0.8348  loss_cls: 0.2037  loss_box_reg: 0.2628  loss_mask: 0.2654  loss_rpn_cls: 0.05045  loss_rpn_loc: 0.02373    time: 0.4741  last_time: 0.4140  data_time: 0.0669  last_data_time: 0.1131   lr: 0.0003389  max_mem: 8818M
[09/02 13:33:03 d2.utils.events]:  eta: 0:56:33  iter: 8359  total_loss: 0.8856  loss_cls: 0.227  loss_box_reg: 0.3035  loss_mask: 0.2594  loss_rpn_cls: 0.04741  loss_rpn_loc: 0.03936    time: 0.4741  last_time: 0.2950  data_time: 0.0715  last_data_time: 0.0165   lr: 0.0003389  max_mem: 8818M
[09/02 13:33:12 d2.utils.events]:  eta: 0:56:24  iter: 8379  total_loss: 0.8858  loss_cls: 0.2204  loss_box_reg: 0.2958  loss_mask: 0.2955  loss_rpn_cls: 0.04919  loss_rpn_loc: 0.04317    time: 0.4741  last_time: 0.2767  data_time: 0.0752  last_data_time: 0.0263   lr: 0.0003389  max_mem: 8818M
[09/02 13:33:22 d2.utils.events]:  eta: 0:56:19  iter: 8399  total_loss: 0.9151  loss_cls: 0.2256  loss_box_reg: 0.3337  loss_mask: 0.2747  loss_rpn_cls: 0.04674  loss_rpn_loc: 0.03543    time: 0.4742  last_time: 0.9060  data_time: 0.0748  last_data_time: 0.4516   lr: 0.0003389  max_mem: 8818M
[09/02 13:33:32 d2.utils.events]:  eta: 0:56:20  iter: 8419  total_loss: 0.9807  loss_cls: 0.245  loss_box_reg: 0.3075  loss_mask: 0.2891  loss_rpn_cls: 0.06092  loss_rpn_loc: 0.03708    time: 0.4742  last_time: 0.4482  data_time: 0.0624  last_data_time: 0.0417   lr: 0.0003389  max_mem: 8818M
[09/02 13:33:41 d2.utils.events]:  eta: 0:56:08  iter: 8439  total_loss: 0.8881  loss_cls: 0.2087  loss_box_reg: 0.2977  loss_mask: 0.2743  loss_rpn_cls: 0.05963  loss_rpn_loc: 0.03083    time: 0.4742  last_time: 0.4024  data_time: 0.0603  last_data_time: 0.0798   lr: 0.0003389  max_mem: 8818M
[09/02 13:33:51 d2.utils.events]:  eta: 0:55:52  iter: 8459  total_loss: 0.9012  loss_cls: 0.1969  loss_box_reg: 0.288  loss_mask: 0.2855  loss_rpn_cls: 0.04736  loss_rpn_loc: 0.0341    time: 0.4742  last_time: 0.4814  data_time: 0.0861  last_data_time: 0.0529   lr: 0.0003389  max_mem: 8818M
[09/02 13:34:00 d2.utils.events]:  eta: 0:55:47  iter: 8479  total_loss: 0.8353  loss_cls: 0.203  loss_box_reg: 0.2753  loss_mask: 0.2615  loss_rpn_cls: 0.04003  loss_rpn_loc: 0.02061    time: 0.4741  last_time: 0.2840  data_time: 0.0544  last_data_time: 0.0137   lr: 0.0003389  max_mem: 8818M
[09/02 13:34:10 d2.utils.events]:  eta: 0:55:42  iter: 8499  total_loss: 0.9777  loss_cls: 0.2546  loss_box_reg: 0.3128  loss_mask: 0.27  loss_rpn_cls: 0.06337  loss_rpn_loc: 0.03583    time: 0.4742  last_time: 0.2976  data_time: 0.0693  last_data_time: 0.0207   lr: 0.0003389  max_mem: 8818M
[09/02 13:34:19 d2.utils.events]:  eta: 0:55:42  iter: 8519  total_loss: 0.9328  loss_cls: 0.2327  loss_box_reg: 0.3462  loss_mask: 0.274  loss_rpn_cls: 0.05699  loss_rpn_loc: 0.04158    time: 0.4742  last_time: 0.3661  data_time: 0.0666  last_data_time: 0.0284   lr: 0.0003389  max_mem: 8818M
[09/02 13:34:28 d2.utils.events]:  eta: 0:55:21  iter: 8539  total_loss: 0.819  loss_cls: 0.1843  loss_box_reg: 0.2524  loss_mask: 0.2765  loss_rpn_cls: 0.04412  loss_rpn_loc: 0.02758    time: 0.4741  last_time: 0.4358  data_time: 0.0664  last_data_time: 0.0904   lr: 0.0003389  max_mem: 8818M
[09/02 13:34:37 d2.utils.events]:  eta: 0:55:04  iter: 8559  total_loss: 0.8529  loss_cls: 0.2156  loss_box_reg: 0.2915  loss_mask: 0.2726  loss_rpn_cls: 0.04863  loss_rpn_loc: 0.02249    time: 0.4740  last_time: 0.4953  data_time: 0.0643  last_data_time: 0.0616   lr: 0.0003389  max_mem: 8818M
[09/02 13:34:46 d2.utils.events]:  eta: 0:54:51  iter: 8579  total_loss: 0.8787  loss_cls: 0.2295  loss_box_reg: 0.3151  loss_mask: 0.2748  loss_rpn_cls: 0.04404  loss_rpn_loc: 0.03992    time: 0.4740  last_time: 0.5058  data_time: 0.0617  last_data_time: 0.0375   lr: 0.0003389  max_mem: 8818M
[09/02 13:34:55 d2.utils.events]:  eta: 0:54:42  iter: 8599  total_loss: 0.894  loss_cls: 0.2234  loss_box_reg: 0.316  loss_mask: 0.2728  loss_rpn_cls: 0.06136  loss_rpn_loc: 0.0548    time: 0.4740  last_time: 0.5063  data_time: 0.0766  last_data_time: 0.0275   lr: 0.0003389  max_mem: 8818M
[09/02 13:35:04 d2.utils.events]:  eta: 0:54:45  iter: 8619  total_loss: 0.9559  loss_cls: 0.2238  loss_box_reg: 0.3128  loss_mask: 0.2702  loss_rpn_cls: 0.04858  loss_rpn_loc: 0.04377    time: 0.4739  last_time: 0.4333  data_time: 0.0500  last_data_time: 0.0384   lr: 0.0003389  max_mem: 8818M
[09/02 13:35:14 d2.utils.events]:  eta: 0:54:29  iter: 8639  total_loss: 0.946  loss_cls: 0.2341  loss_box_reg: 0.3162  loss_mask: 0.2873  loss_rpn_cls: 0.05086  loss_rpn_loc: 0.03036    time: 0.4739  last_time: 0.5604  data_time: 0.0729  last_data_time: 0.0122   lr: 0.0003389  max_mem: 8818M
[09/02 13:35:24 d2.utils.events]:  eta: 0:54:20  iter: 8659  total_loss: 0.9454  loss_cls: 0.2433  loss_box_reg: 0.3066  loss_mask: 0.2714  loss_rpn_cls: 0.06012  loss_rpn_loc: 0.03688    time: 0.4740  last_time: 0.3045  data_time: 0.1187  last_data_time: 0.0148   lr: 0.0003389  max_mem: 8818M
[09/02 13:35:33 d2.utils.events]:  eta: 0:53:59  iter: 8679  total_loss: 0.8791  loss_cls: 0.2165  loss_box_reg: 0.3144  loss_mask: 0.267  loss_rpn_cls: 0.05144  loss_rpn_loc: 0.03157    time: 0.4739  last_time: 0.5406  data_time: 0.0618  last_data_time: 0.1175   lr: 0.0003389  max_mem: 8818M
[09/02 13:35:42 d2.utils.events]:  eta: 0:53:45  iter: 8699  total_loss: 0.9552  loss_cls: 0.2375  loss_box_reg: 0.3311  loss_mask: 0.2717  loss_rpn_cls: 0.05642  loss_rpn_loc: 0.03534    time: 0.4739  last_time: 0.2820  data_time: 0.0603  last_data_time: 0.0147   lr: 0.0003389  max_mem: 8818M
[09/02 13:35:52 d2.utils.events]:  eta: 0:53:21  iter: 8719  total_loss: 0.9542  loss_cls: 0.2345  loss_box_reg: 0.3014  loss_mask: 0.2822  loss_rpn_cls: 0.05639  loss_rpn_loc: 0.04754    time: 0.4739  last_time: 0.3999  data_time: 0.0972  last_data_time: 0.0540   lr: 0.0003389  max_mem: 8818M
[09/02 13:36:03 d2.utils.events]:  eta: 0:53:29  iter: 8739  total_loss: 0.9559  loss_cls: 0.2372  loss_box_reg: 0.3265  loss_mask: 0.2745  loss_rpn_cls: 0.06781  loss_rpn_loc: 0.03797    time: 0.4741  last_time: 0.5339  data_time: 0.0913  last_data_time: 0.0755   lr: 0.0003389  max_mem: 8818M
[09/02 13:36:12 d2.utils.events]:  eta: 0:53:20  iter: 8759  total_loss: 0.8817  loss_cls: 0.2159  loss_box_reg: 0.3014  loss_mask: 0.2643  loss_rpn_cls: 0.04816  loss_rpn_loc: 0.03208    time: 0.4740  last_time: 0.3859  data_time: 0.0604  last_data_time: 0.0508   lr: 0.0003389  max_mem: 8818M
[09/02 13:36:21 d2.utils.events]:  eta: 0:53:10  iter: 8779  total_loss: 0.7418  loss_cls: 0.1964  loss_box_reg: 0.2275  loss_mask: 0.2826  loss_rpn_cls: 0.03972  loss_rpn_loc: 0.02015    time: 0.4740  last_time: 0.2958  data_time: 0.1252  last_data_time: 0.0144   lr: 0.0003389  max_mem: 8818M
[09/02 13:36:31 d2.utils.events]:  eta: 0:53:10  iter: 8799  total_loss: 1.031  loss_cls: 0.243  loss_box_reg: 0.3382  loss_mask: 0.3035  loss_rpn_cls: 0.06252  loss_rpn_loc: 0.04386    time: 0.4740  last_time: 0.5667  data_time: 0.0757  last_data_time: 0.0410   lr: 0.0003389  max_mem: 8818M
[09/02 13:36:41 d2.utils.events]:  eta: 0:53:07  iter: 8819  total_loss: 0.9102  loss_cls: 0.2138  loss_box_reg: 0.2969  loss_mask: 0.2714  loss_rpn_cls: 0.05417  loss_rpn_loc: 0.03853    time: 0.4741  last_time: 0.3438  data_time: 0.1187  last_data_time: 0.0337   lr: 0.0003389  max_mem: 8818M
[09/02 13:36:50 d2.utils.events]:  eta: 0:53:03  iter: 8839  total_loss: 0.9569  loss_cls: 0.2407  loss_box_reg: 0.3325  loss_mask: 0.2789  loss_rpn_cls: 0.06372  loss_rpn_loc: 0.03853    time: 0.4741  last_time: 0.3716  data_time: 0.0542  last_data_time: 0.0473   lr: 0.0003389  max_mem: 8818M
[09/02 13:37:02 d2.utils.events]:  eta: 0:53:04  iter: 8859  total_loss: 0.9185  loss_cls: 0.222  loss_box_reg: 0.3246  loss_mask: 0.2678  loss_rpn_cls: 0.05552  loss_rpn_loc: 0.0436    time: 0.4743  last_time: 2.0336  data_time: 0.1367  last_data_time: 1.4216   lr: 0.0003389  max_mem: 8818M
[09/02 13:37:11 d2.utils.events]:  eta: 0:52:58  iter: 8879  total_loss: 0.8524  loss_cls: 0.2094  loss_box_reg: 0.2778  loss_mask: 0.2789  loss_rpn_cls: 0.06165  loss_rpn_loc: 0.0283    time: 0.4743  last_time: 0.5189  data_time: 0.1096  last_data_time: 0.1000   lr: 0.0003389  max_mem: 8818M
[09/02 13:37:21 d2.utils.events]:  eta: 0:52:53  iter: 8899  total_loss: 0.9149  loss_cls: 0.2315  loss_box_reg: 0.3044  loss_mask: 0.2871  loss_rpn_cls: 0.04524  loss_rpn_loc: 0.02928    time: 0.4743  last_time: 0.4471  data_time: 0.0702  last_data_time: 0.0346   lr: 0.0003389  max_mem: 8818M
[09/02 13:37:31 d2.utils.events]:  eta: 0:52:50  iter: 8919  total_loss: 0.98  loss_cls: 0.2327  loss_box_reg: 0.3141  loss_mask: 0.2815  loss_rpn_cls: 0.07134  loss_rpn_loc: 0.05649    time: 0.4744  last_time: 0.6376  data_time: 0.0684  last_data_time: 0.0664   lr: 0.0003389  max_mem: 8818M
[09/02 13:37:40 d2.utils.events]:  eta: 0:52:35  iter: 8939  total_loss: 0.8432  loss_cls: 0.2117  loss_box_reg: 0.2791  loss_mask: 0.2625  loss_rpn_cls: 0.05303  loss_rpn_loc: 0.02746    time: 0.4743  last_time: 0.3723  data_time: 0.0669  last_data_time: 0.0545   lr: 0.0003389  max_mem: 8818M
[09/02 13:37:49 d2.utils.events]:  eta: 0:52:20  iter: 8959  total_loss: 0.7727  loss_cls: 0.1945  loss_box_reg: 0.2575  loss_mask: 0.2705  loss_rpn_cls: 0.04812  loss_rpn_loc: 0.02698    time: 0.4743  last_time: 0.3347  data_time: 0.0815  last_data_time: 0.0231   lr: 0.0003389  max_mem: 8818M
[09/02 13:37:59 d2.utils.events]:  eta: 0:52:17  iter: 8979  total_loss: 0.9239  loss_cls: 0.2203  loss_box_reg: 0.3141  loss_mask: 0.2623  loss_rpn_cls: 0.05429  loss_rpn_loc: 0.04959    time: 0.4743  last_time: 0.5368  data_time: 0.0708  last_data_time: 0.1206   lr: 0.0003389  max_mem: 8818M
[09/02 13:38:08 d2.utils.events]:  eta: 0:51:55  iter: 8999  total_loss: 0.856  loss_cls: 0.2059  loss_box_reg: 0.2893  loss_mask: 0.2677  loss_rpn_cls: 0.05013  loss_rpn_loc: 0.02736    time: 0.4742  last_time: 0.3802  data_time: 0.0754  last_data_time: 0.0323   lr: 0.0003389  max_mem: 8818M
[09/02 13:38:18 d2.utils.events]:  eta: 0:51:50  iter: 9019  total_loss: 0.9954  loss_cls: 0.2433  loss_box_reg: 0.3098  loss_mask: 0.2762  loss_rpn_cls: 0.0625  loss_rpn_loc: 0.05442    time: 0.4743  last_time: 0.3759  data_time: 0.0832  last_data_time: 0.0359   lr: 0.0003389  max_mem: 8818M
[09/02 13:38:29 d2.utils.events]:  eta: 0:51:40  iter: 9039  total_loss: 0.8416  loss_cls: 0.2047  loss_box_reg: 0.3054  loss_mask: 0.2674  loss_rpn_cls: 0.04411  loss_rpn_loc: 0.02197    time: 0.4744  last_time: 0.6952  data_time: 0.1598  last_data_time: 0.1219   lr: 0.0003389  max_mem: 8818M
[09/02 13:38:37 d2.utils.events]:  eta: 0:51:25  iter: 9059  total_loss: 0.851  loss_cls: 0.2208  loss_box_reg: 0.2778  loss_mask: 0.2839  loss_rpn_cls: 0.05137  loss_rpn_loc: 0.035    time: 0.4744  last_time: 0.5100  data_time: 0.0605  last_data_time: 0.0595   lr: 0.0003389  max_mem: 8818M
[09/02 13:38:47 d2.utils.events]:  eta: 0:51:17  iter: 9079  total_loss: 0.8766  loss_cls: 0.2112  loss_box_reg: 0.2721  loss_mask: 0.2779  loss_rpn_cls: 0.05735  loss_rpn_loc: 0.03341    time: 0.4744  last_time: 0.4838  data_time: 0.0815  last_data_time: 0.0314   lr: 0.0003389  max_mem: 8818M
[09/02 13:38:57 d2.utils.events]:  eta: 0:51:08  iter: 9099  total_loss: 0.9401  loss_cls: 0.2308  loss_box_reg: 0.3179  loss_mask: 0.2752  loss_rpn_cls: 0.06278  loss_rpn_loc: 0.0444    time: 0.4744  last_time: 0.3602  data_time: 0.0651  last_data_time: 0.0252   lr: 0.0003389  max_mem: 8818M
[09/02 13:39:06 d2.utils.events]:  eta: 0:50:59  iter: 9119  total_loss: 0.8912  loss_cls: 0.2023  loss_box_reg: 0.2605  loss_mask: 0.2785  loss_rpn_cls: 0.04358  loss_rpn_loc: 0.02872    time: 0.4743  last_time: 0.4885  data_time: 0.0733  last_data_time: 0.0668   lr: 0.0003389  max_mem: 8818M
[09/02 13:39:16 d2.utils.events]:  eta: 0:50:58  iter: 9139  total_loss: 0.8772  loss_cls: 0.221  loss_box_reg: 0.291  loss_mask: 0.2538  loss_rpn_cls: 0.05811  loss_rpn_loc: 0.03523    time: 0.4744  last_time: 0.3944  data_time: 0.0667  last_data_time: 0.0284   lr: 0.0003389  max_mem: 8818M
[09/02 13:39:27 d2.utils.events]:  eta: 0:51:01  iter: 9159  total_loss: 0.9378  loss_cls: 0.2481  loss_box_reg: 0.317  loss_mask: 0.2687  loss_rpn_cls: 0.05266  loss_rpn_loc: 0.04246    time: 0.4746  last_time: 0.3533  data_time: 0.0938  last_data_time: 0.0242   lr: 0.0003389  max_mem: 8818M
[09/02 13:39:36 d2.utils.events]:  eta: 0:50:48  iter: 9179  total_loss: 0.9149  loss_cls: 0.2209  loss_box_reg: 0.3013  loss_mask: 0.269  loss_rpn_cls: 0.05813  loss_rpn_loc: 0.04666    time: 0.4745  last_time: 0.2680  data_time: 0.0695  last_data_time: 0.0244   lr: 0.0003389  max_mem: 8818M
[09/02 13:39:45 d2.utils.events]:  eta: 0:50:40  iter: 9199  total_loss: 0.8014  loss_cls: 0.2046  loss_box_reg: 0.2373  loss_mask: 0.2597  loss_rpn_cls: 0.04912  loss_rpn_loc: 0.0289    time: 0.4745  last_time: 0.3604  data_time: 0.0579  last_data_time: 0.0467   lr: 0.0003389  max_mem: 8818M
[09/02 13:39:54 d2.utils.events]:  eta: 0:50:32  iter: 9219  total_loss: 0.8889  loss_cls: 0.2102  loss_box_reg: 0.3141  loss_mask: 0.2782  loss_rpn_cls: 0.04642  loss_rpn_loc: 0.03789    time: 0.4744  last_time: 0.2649  data_time: 0.0614  last_data_time: 0.0375   lr: 0.0003389  max_mem: 8818M
[09/02 13:40:03 d2.utils.events]:  eta: 0:50:23  iter: 9239  total_loss: 0.7506  loss_cls: 0.1901  loss_box_reg: 0.2217  loss_mask: 0.261  loss_rpn_cls: 0.04942  loss_rpn_loc: 0.0203    time: 0.4744  last_time: 0.3523  data_time: 0.0838  last_data_time: 0.0244   lr: 0.0003389  max_mem: 8818M
[09/02 13:40:14 d2.utils.events]:  eta: 0:50:15  iter: 9259  total_loss: 0.9123  loss_cls: 0.2159  loss_box_reg: 0.3524  loss_mask: 0.2615  loss_rpn_cls: 0.05016  loss_rpn_loc: 0.0421    time: 0.4745  last_time: 0.6119  data_time: 0.1093  last_data_time: 0.0801   lr: 0.0003389  max_mem: 8818M
[09/02 13:40:23 d2.utils.events]:  eta: 0:50:03  iter: 9279  total_loss: 0.8057  loss_cls: 0.1982  loss_box_reg: 0.2568  loss_mask: 0.2703  loss_rpn_cls: 0.04767  loss_rpn_loc: 0.03535    time: 0.4745  last_time: 0.3022  data_time: 0.0871  last_data_time: 0.0386   lr: 0.0003389  max_mem: 8818M
[09/02 13:40:32 d2.utils.events]:  eta: 0:49:46  iter: 9299  total_loss: 0.9205  loss_cls: 0.2304  loss_box_reg: 0.3308  loss_mask: 0.279  loss_rpn_cls: 0.05434  loss_rpn_loc: 0.03609    time: 0.4744  last_time: 0.3329  data_time: 0.0587  last_data_time: 0.0133   lr: 0.0003389  max_mem: 8818M
[09/02 13:40:41 d2.utils.events]:  eta: 0:49:37  iter: 9319  total_loss: 0.7877  loss_cls: 0.1745  loss_box_reg: 0.2681  loss_mask: 0.2874  loss_rpn_cls: 0.04223  loss_rpn_loc: 0.02965    time: 0.4744  last_time: 0.5430  data_time: 0.0599  last_data_time: 0.0417   lr: 0.0003389  max_mem: 8818M
[09/02 13:40:50 d2.utils.events]:  eta: 0:49:32  iter: 9339  total_loss: 0.8946  loss_cls: 0.2288  loss_box_reg: 0.3082  loss_mask: 0.2696  loss_rpn_cls: 0.04838  loss_rpn_loc: 0.02897    time: 0.4743  last_time: 0.3088  data_time: 0.0678  last_data_time: 0.0352   lr: 0.0003389  max_mem: 8818M
[09/02 13:41:01 d2.utils.events]:  eta: 0:49:15  iter: 9359  total_loss: 0.945  loss_cls: 0.2303  loss_box_reg: 0.3337  loss_mask: 0.2568  loss_rpn_cls: 0.05839  loss_rpn_loc: 0.03483    time: 0.4744  last_time: 1.1199  data_time: 0.0703  last_data_time: 0.2746   lr: 0.0003389  max_mem: 8818M
[09/02 13:41:13 d2.utils.events]:  eta: 0:49:17  iter: 9379  total_loss: 0.9576  loss_cls: 0.2186  loss_box_reg: 0.3127  loss_mask: 0.2712  loss_rpn_cls: 0.05477  loss_rpn_loc: 0.03014    time: 0.4747  last_time: 0.3101  data_time: 0.1264  last_data_time: 0.0296   lr: 0.0003389  max_mem: 8818M
[09/02 13:41:23 d2.utils.events]:  eta: 0:48:57  iter: 9399  total_loss: 0.8638  loss_cls: 0.2057  loss_box_reg: 0.2646  loss_mask: 0.2819  loss_rpn_cls: 0.05084  loss_rpn_loc: 0.04359    time: 0.4747  last_time: 0.7766  data_time: 0.0600  last_data_time: 0.0706   lr: 0.0003389  max_mem: 8818M
[09/02 13:41:32 d2.utils.events]:  eta: 0:48:29  iter: 9419  total_loss: 0.9056  loss_cls: 0.2342  loss_box_reg: 0.314  loss_mask: 0.2666  loss_rpn_cls: 0.0465  loss_rpn_loc: 0.02636    time: 0.4747  last_time: 0.4283  data_time: 0.0543  last_data_time: 0.0361   lr: 0.0003389  max_mem: 8818M
[09/02 13:41:41 d2.utils.events]:  eta: 0:48:17  iter: 9439  total_loss: 0.9191  loss_cls: 0.2123  loss_box_reg: 0.3258  loss_mask: 0.2849  loss_rpn_cls: 0.05013  loss_rpn_loc: 0.03905    time: 0.4747  last_time: 0.3535  data_time: 0.0782  last_data_time: 0.0392   lr: 0.0003389  max_mem: 8818M
[09/02 13:41:51 d2.utils.events]:  eta: 0:48:07  iter: 9459  total_loss: 0.8686  loss_cls: 0.2143  loss_box_reg: 0.2652  loss_mask: 0.2751  loss_rpn_cls: 0.04443  loss_rpn_loc: 0.03086    time: 0.4747  last_time: 0.5474  data_time: 0.0621  last_data_time: 0.0456   lr: 0.0003389  max_mem: 8818M
[09/02 13:42:00 d2.utils.events]:  eta: 0:47:46  iter: 9479  total_loss: 0.9001  loss_cls: 0.2106  loss_box_reg: 0.3158  loss_mask: 0.2717  loss_rpn_cls: 0.05342  loss_rpn_loc: 0.03707    time: 0.4747  last_time: 0.4659  data_time: 0.0845  last_data_time: 0.1642   lr: 0.0003389  max_mem: 8818M
[09/02 13:42:10 d2.utils.events]:  eta: 0:47:45  iter: 9499  total_loss: 0.917  loss_cls: 0.2121  loss_box_reg: 0.3024  loss_mask: 0.2621  loss_rpn_cls: 0.0451  loss_rpn_loc: 0.05571    time: 0.4747  last_time: 0.4913  data_time: 0.0688  last_data_time: 0.1187   lr: 0.0003389  max_mem: 8818M
[09/02 13:42:20 d2.utils.events]:  eta: 0:47:27  iter: 9519  total_loss: 0.9019  loss_cls: 0.2206  loss_box_reg: 0.3272  loss_mask: 0.2614  loss_rpn_cls: 0.05942  loss_rpn_loc: 0.04872    time: 0.4748  last_time: 0.5002  data_time: 0.0982  last_data_time: 0.1014   lr: 0.0003389  max_mem: 8818M
[09/02 13:42:29 d2.utils.events]:  eta: 0:47:18  iter: 9539  total_loss: 0.8811  loss_cls: 0.2337  loss_box_reg: 0.3172  loss_mask: 0.2745  loss_rpn_cls: 0.05087  loss_rpn_loc: 0.03196    time: 0.4747  last_time: 0.3751  data_time: 0.0583  last_data_time: 0.0682   lr: 0.0003389  max_mem: 8818M
[09/02 13:42:39 d2.utils.events]:  eta: 0:47:10  iter: 9559  total_loss: 0.9566  loss_cls: 0.2264  loss_box_reg: 0.3088  loss_mask: 0.2912  loss_rpn_cls: 0.05703  loss_rpn_loc: 0.03886    time: 0.4747  last_time: 0.5114  data_time: 0.0542  last_data_time: 0.0380   lr: 0.0003389  max_mem: 8818M
[09/02 13:42:47 d2.utils.events]:  eta: 0:46:58  iter: 9579  total_loss: 0.8987  loss_cls: 0.2255  loss_box_reg: 0.2999  loss_mask: 0.2847  loss_rpn_cls: 0.04931  loss_rpn_loc: 0.02972    time: 0.4746  last_time: 0.4415  data_time: 0.0611  last_data_time: 0.0787   lr: 0.0003389  max_mem: 8818M
[09/02 13:42:56 d2.utils.events]:  eta: 0:46:48  iter: 9599  total_loss: 0.9043  loss_cls: 0.2195  loss_box_reg: 0.2882  loss_mask: 0.2816  loss_rpn_cls: 0.05084  loss_rpn_loc: 0.03246    time: 0.4746  last_time: 0.5038  data_time: 0.0736  last_data_time: 0.0228   lr: 0.0003389  max_mem: 8818M
[09/02 13:43:07 d2.utils.events]:  eta: 0:46:56  iter: 9619  total_loss: 0.9213  loss_cls: 0.2258  loss_box_reg: 0.3063  loss_mask: 0.2776  loss_rpn_cls: 0.0517  loss_rpn_loc: 0.04514    time: 0.4747  last_time: 0.5241  data_time: 0.0713  last_data_time: 0.0303   lr: 0.0003389  max_mem: 8818M
[09/02 13:43:15 d2.utils.events]:  eta: 0:46:44  iter: 9639  total_loss: 0.8028  loss_cls: 0.1914  loss_box_reg: 0.2534  loss_mask: 0.2608  loss_rpn_cls: 0.03674  loss_rpn_loc: 0.029    time: 0.4745  last_time: 0.5214  data_time: 0.0591  last_data_time: 0.0598   lr: 0.0003389  max_mem: 8818M
[09/02 13:43:24 d2.utils.events]:  eta: 0:46:22  iter: 9659  total_loss: 0.802  loss_cls: 0.2018  loss_box_reg: 0.2819  loss_mask: 0.267  loss_rpn_cls: 0.03578  loss_rpn_loc: 0.0227    time: 0.4744  last_time: 0.4908  data_time: 0.0630  last_data_time: 0.0160   lr: 0.0003389  max_mem: 8818M
[09/02 13:43:34 d2.utils.events]:  eta: 0:46:21  iter: 9679  total_loss: 0.9859  loss_cls: 0.2431  loss_box_reg: 0.3389  loss_mask: 0.2744  loss_rpn_cls: 0.05052  loss_rpn_loc: 0.04354    time: 0.4745  last_time: 0.4099  data_time: 0.0805  last_data_time: 0.0544   lr: 0.0003389  max_mem: 8818M
[09/02 13:43:42 d2.utils.events]:  eta: 0:46:07  iter: 9699  total_loss: 0.8256  loss_cls: 0.2043  loss_box_reg: 0.2914  loss_mask: 0.2537  loss_rpn_cls: 0.04609  loss_rpn_loc: 0.02672    time: 0.4744  last_time: 0.3512  data_time: 0.0740  last_data_time: 0.0634   lr: 0.0003389  max_mem: 8818M
[09/02 13:43:52 d2.utils.events]:  eta: 0:46:08  iter: 9719  total_loss: 0.8601  loss_cls: 0.2162  loss_box_reg: 0.2648  loss_mask: 0.2735  loss_rpn_cls: 0.04776  loss_rpn_loc: 0.0294    time: 0.4744  last_time: 0.6503  data_time: 0.0655  last_data_time: 0.0259   lr: 0.0003389  max_mem: 8818M
[09/02 13:44:01 d2.utils.events]:  eta: 0:45:41  iter: 9739  total_loss: 0.8802  loss_cls: 0.2246  loss_box_reg: 0.2517  loss_mask: 0.2763  loss_rpn_cls: 0.05345  loss_rpn_loc: 0.0334    time: 0.4744  last_time: 0.5802  data_time: 0.0698  last_data_time: 0.1714   lr: 0.0003389  max_mem: 8818M
[09/02 13:44:11 d2.utils.events]:  eta: 0:45:44  iter: 9759  total_loss: 0.9464  loss_cls: 0.22  loss_box_reg: 0.3182  loss_mask: 0.2731  loss_rpn_cls: 0.06204  loss_rpn_loc: 0.04867    time: 0.4744  last_time: 0.4090  data_time: 0.0688  last_data_time: 0.0797   lr: 0.0003389  max_mem: 8818M
[09/02 13:44:21 d2.utils.events]:  eta: 0:45:42  iter: 9779  total_loss: 0.9256  loss_cls: 0.23  loss_box_reg: 0.2844  loss_mask: 0.288  loss_rpn_cls: 0.0502  loss_rpn_loc: 0.04136    time: 0.4745  last_time: 0.6241  data_time: 0.0750  last_data_time: 0.1876   lr: 0.0003389  max_mem: 8818M
[09/02 13:44:30 d2.utils.events]:  eta: 0:45:25  iter: 9799  total_loss: 0.8591  loss_cls: 0.2061  loss_box_reg: 0.2879  loss_mask: 0.2707  loss_rpn_cls: 0.04058  loss_rpn_loc: 0.02272    time: 0.4744  last_time: 0.3118  data_time: 0.0821  last_data_time: 0.0203   lr: 0.0003389  max_mem: 8818M
[09/02 13:44:38 d2.utils.events]:  eta: 0:45:01  iter: 9819  total_loss: 0.8699  loss_cls: 0.205  loss_box_reg: 0.2681  loss_mask: 0.2607  loss_rpn_cls: 0.04356  loss_rpn_loc: 0.03101    time: 0.4743  last_time: 0.3947  data_time: 0.0537  last_data_time: 0.0646   lr: 0.0003389  max_mem: 8818M
[09/02 13:44:48 d2.utils.events]:  eta: 0:44:55  iter: 9839  total_loss: 0.8779  loss_cls: 0.2085  loss_box_reg: 0.308  loss_mask: 0.2775  loss_rpn_cls: 0.04415  loss_rpn_loc: 0.02726    time: 0.4743  last_time: 0.2804  data_time: 0.0700  last_data_time: 0.0164   lr: 0.0003389  max_mem: 8818M
[09/02 13:44:57 d2.utils.events]:  eta: 0:44:43  iter: 9859  total_loss: 0.9557  loss_cls: 0.2432  loss_box_reg: 0.3197  loss_mask: 0.2761  loss_rpn_cls: 0.05456  loss_rpn_loc: 0.04351    time: 0.4743  last_time: 0.5020  data_time: 0.0634  last_data_time: 0.0706   lr: 0.0003389  max_mem: 8818M
[09/02 13:45:07 d2.utils.events]:  eta: 0:44:35  iter: 9879  total_loss: 0.8697  loss_cls: 0.2103  loss_box_reg: 0.297  loss_mask: 0.2682  loss_rpn_cls: 0.05625  loss_rpn_loc: 0.03687    time: 0.4743  last_time: 0.4111  data_time: 0.0878  last_data_time: 0.0764   lr: 0.0003389  max_mem: 8818M
[09/02 13:45:16 d2.utils.events]:  eta: 0:44:25  iter: 9899  total_loss: 0.879  loss_cls: 0.2142  loss_box_reg: 0.2687  loss_mask: 0.2766  loss_rpn_cls: 0.06035  loss_rpn_loc: 0.0515    time: 0.4743  last_time: 0.5389  data_time: 0.0713  last_data_time: 0.0323   lr: 0.0003389  max_mem: 8818M
[09/02 13:45:26 d2.utils.events]:  eta: 0:44:17  iter: 9919  total_loss: 0.9455  loss_cls: 0.2334  loss_box_reg: 0.3244  loss_mask: 0.2623  loss_rpn_cls: 0.06137  loss_rpn_loc: 0.03776    time: 0.4743  last_time: 0.5141  data_time: 0.0531  last_data_time: 0.0498   lr: 0.0003389  max_mem: 8818M
[09/02 13:45:35 d2.utils.events]:  eta: 0:44:11  iter: 9939  total_loss: 0.8451  loss_cls: 0.1934  loss_box_reg: 0.2611  loss_mask: 0.2749  loss_rpn_cls: 0.04562  loss_rpn_loc: 0.02949    time: 0.4742  last_time: 0.6555  data_time: 0.0561  last_data_time: 0.1012   lr: 0.0003389  max_mem: 8818M
[09/02 13:45:44 d2.utils.events]:  eta: 0:44:04  iter: 9959  total_loss: 0.8997  loss_cls: 0.2132  loss_box_reg: 0.3253  loss_mask: 0.2728  loss_rpn_cls: 0.05463  loss_rpn_loc: 0.04237    time: 0.4742  last_time: 0.4068  data_time: 0.0662  last_data_time: 0.0723   lr: 0.0003389  max_mem: 8818M
[09/02 13:45:53 d2.utils.events]:  eta: 0:43:52  iter: 9979  total_loss: 0.9675  loss_cls: 0.2318  loss_box_reg: 0.3407  loss_mask: 0.27  loss_rpn_cls: 0.04456  loss_rpn_loc: 0.02231    time: 0.4742  last_time: 0.3536  data_time: 0.0784  last_data_time: 0.0227   lr: 0.0003389  max_mem: 8818M
[09/02 13:46:04 d2.data.datasets.coco]: Loaded 896 images in COCO format from /vol/data/val/coco.json
[09/02 13:46:04 d2.data.dataset_mapper]: [DatasetMapper] Augmentations used in inference: [ResizeShortestEdge(short_edge_length=(1000, 1000), max_size=1333, sample_style='choice')]
[09/02 13:46:04 d2.data.common]: Serializing the dataset using: <class 'detectron2.data.common._TorchSerializedList'>
[09/02 13:46:04 d2.data.common]: Serializing 896 elements to byte tensors and concatenating them all ...
[09/02 13:46:04 d2.data.common]: Serialized dataset takes 6.12 MiB
[09/02 13:46:04 d2.evaluation.evaluator]: Start inference on 896 batches
[09/02 13:46:14 d2.evaluation.evaluator]: Inference done 11/896. Dataloading: 0.0031 s/iter. Inference: 0.0681 s/iter. Eval: 0.4770 s/iter. Total: 0.5482 s/iter. ETA=0:08:05
[09/02 13:46:20 d2.evaluation.evaluator]: Inference done 21/896. Dataloading: 0.0025 s/iter. Inference: 0.0663 s/iter. Eval: 0.4751 s/iter. Total: 0.5443 s/iter. ETA=0:07:56
[09/02 13:46:25 d2.evaluation.evaluator]: Inference done 30/896. Dataloading: 0.0027 s/iter. Inference: 0.0659 s/iter. Eval: 0.4823 s/iter. Total: 0.5512 s/iter. ETA=0:07:57
[09/02 13:46:30 d2.evaluation.evaluator]: Inference done 44/896. Dataloading: 0.0027 s/iter. Inference: 0.0628 s/iter. Eval: 0.4162 s/iter. Total: 0.4819 s/iter. ETA=0:06:50
[09/02 13:46:35 d2.evaluation.evaluator]: Inference done 61/896. Dataloading: 0.0028 s/iter. Inference: 0.0611 s/iter. Eval: 0.3610 s/iter. Total: 0.4250 s/iter. ETA=0:05:54
[09/02 13:46:40 d2.evaluation.evaluator]: Inference done 86/896. Dataloading: 0.0029 s/iter. Inference: 0.0590 s/iter. Eval: 0.2952 s/iter. Total: 0.3572 s/iter. ETA=0:04:49
[09/02 13:46:45 d2.evaluation.evaluator]: Inference done 101/896. Dataloading: 0.0028 s/iter. Inference: 0.0586 s/iter. Eval: 0.2920 s/iter. Total: 0.3536 s/iter. ETA=0:04:41
[09/02 13:46:50 d2.evaluation.evaluator]: Inference done 107/896. Dataloading: 0.0028 s/iter. Inference: 0.0591 s/iter. Eval: 0.3202 s/iter. Total: 0.3823 s/iter. ETA=0:05:01
[09/02 13:46:55 d2.evaluation.evaluator]: Inference done 117/896. Dataloading: 0.0028 s/iter. Inference: 0.0594 s/iter. Eval: 0.3342 s/iter. Total: 0.3966 s/iter. ETA=0:05:08
[09/02 13:47:01 d2.evaluation.evaluator]: Inference done 126/896. Dataloading: 0.0028 s/iter. Inference: 0.0595 s/iter. Eval: 0.3477 s/iter. Total: 0.4102 s/iter. ETA=0:05:15
[09/02 13:47:06 d2.evaluation.evaluator]: Inference done 137/896. Dataloading: 0.0028 s/iter. Inference: 0.0595 s/iter. Eval: 0.3525 s/iter. Total: 0.4150 s/iter. ETA=0:05:15
[09/02 13:47:11 d2.evaluation.evaluator]: Inference done 155/896. Dataloading: 0.0028 s/iter. Inference: 0.0590 s/iter. Eval: 0.3367 s/iter. Total: 0.3987 s/iter. ETA=0:04:55
[09/02 13:47:16 d2.evaluation.evaluator]: Inference done 177/896. Dataloading: 0.0028 s/iter. Inference: 0.0582 s/iter. Eval: 0.3159 s/iter. Total: 0.3770 s/iter. ETA=0:04:31
[09/02 13:47:21 d2.evaluation.evaluator]: Inference done 184/896. Dataloading: 0.0028 s/iter. Inference: 0.0585 s/iter. Eval: 0.3290 s/iter. Total: 0.3904 s/iter. ETA=0:04:37
[09/02 13:47:27 d2.evaluation.evaluator]: Inference done 188/896. Dataloading: 0.0028 s/iter. Inference: 0.0589 s/iter. Eval: 0.3510 s/iter. Total: 0.4129 s/iter. ETA=0:04:52
[09/02 13:47:32 d2.evaluation.evaluator]: Inference done 197/896. Dataloading: 0.0028 s/iter. Inference: 0.0591 s/iter. Eval: 0.3594 s/iter. Total: 0.4215 s/iter. ETA=0:04:54
[09/02 13:47:37 d2.evaluation.evaluator]: Inference done 207/896. Dataloading: 0.0028 s/iter. Inference: 0.0592 s/iter. Eval: 0.3637 s/iter. Total: 0.4258 s/iter. ETA=0:04:53
[09/02 13:47:43 d2.evaluation.evaluator]: Inference done 212/896. Dataloading: 0.0028 s/iter. Inference: 0.0596 s/iter. Eval: 0.3827 s/iter. Total: 0.4453 s/iter. ETA=0:05:04
[09/02 13:47:48 d2.evaluation.evaluator]: Inference done 220/896. Dataloading: 0.0028 s/iter. Inference: 0.0598 s/iter. Eval: 0.3894 s/iter. Total: 0.4522 s/iter. ETA=0:05:05
[09/02 13:47:54 d2.evaluation.evaluator]: Inference done 238/896. Dataloading: 0.0028 s/iter. Inference: 0.0595 s/iter. Eval: 0.3776 s/iter. Total: 0.4401 s/iter. ETA=0:04:49
[09/02 13:47:59 d2.evaluation.evaluator]: Inference done 248/896. Dataloading: 0.0028 s/iter. Inference: 0.0596 s/iter. Eval: 0.3813 s/iter. Total: 0.4439 s/iter. ETA=0:04:47
[09/02 13:48:04 d2.evaluation.evaluator]: Inference done 254/896. Dataloading: 0.0028 s/iter. Inference: 0.0598 s/iter. Eval: 0.3928 s/iter. Total: 0.4555 s/iter. ETA=0:04:52
[09/02 13:48:10 d2.evaluation.evaluator]: Inference done 260/896. Dataloading: 0.0028 s/iter. Inference: 0.0599 s/iter. Eval: 0.4031 s/iter. Total: 0.4660 s/iter. ETA=0:04:56
[09/02 13:48:16 d2.evaluation.evaluator]: Inference done 264/896. Dataloading: 0.0028 s/iter. Inference: 0.0602 s/iter. Eval: 0.4213 s/iter. Total: 0.4844 s/iter. ETA=0:05:06
[09/02 13:48:22 d2.evaluation.evaluator]: Inference done 277/896. Dataloading: 0.0028 s/iter. Inference: 0.0600 s/iter. Eval: 0.4182 s/iter. Total: 0.4812 s/iter. ETA=0:04:57
[09/02 13:48:27 d2.evaluation.evaluator]: Inference done 288/896. Dataloading: 0.0028 s/iter. Inference: 0.0600 s/iter. Eval: 0.4172 s/iter. Total: 0.4802 s/iter. ETA=0:04:51
[09/02 13:48:32 d2.evaluation.evaluator]: Inference done 306/896. Dataloading: 0.0028 s/iter. Inference: 0.0597 s/iter. Eval: 0.4057 s/iter. Total: 0.4683 s/iter. ETA=0:04:36
[09/02 13:48:37 d2.evaluation.evaluator]: Inference done 324/896. Dataloading: 0.0028 s/iter. Inference: 0.0593 s/iter. Eval: 0.3955 s/iter. Total: 0.4577 s/iter. ETA=0:04:21
[09/02 13:48:42 d2.evaluation.evaluator]: Inference done 338/896. Dataloading: 0.0027 s/iter. Inference: 0.0592 s/iter. Eval: 0.3914 s/iter. Total: 0.4535 s/iter. ETA=0:04:13
[09/02 13:48:47 d2.evaluation.evaluator]: Inference done 363/896. Dataloading: 0.0027 s/iter. Inference: 0.0587 s/iter. Eval: 0.3752 s/iter. Total: 0.4367 s/iter. ETA=0:03:52
[09/02 13:48:52 d2.evaluation.evaluator]: Inference done 377/896. Dataloading: 0.0027 s/iter. Inference: 0.0586 s/iter. Eval: 0.3725 s/iter. Total: 0.4339 s/iter. ETA=0:03:45
[09/02 13:48:58 d2.evaluation.evaluator]: Inference done 387/896. Dataloading: 0.0027 s/iter. Inference: 0.0586 s/iter. Eval: 0.3757 s/iter. Total: 0.4372 s/iter. ETA=0:03:42
[09/02 13:49:03 d2.evaluation.evaluator]: Inference done 406/896. Dataloading: 0.0027 s/iter. Inference: 0.0584 s/iter. Eval: 0.3689 s/iter. Total: 0.4302 s/iter. ETA=0:03:30
[09/02 13:49:09 d2.evaluation.evaluator]: Inference done 411/896. Dataloading: 0.0027 s/iter. Inference: 0.0586 s/iter. Eval: 0.3775 s/iter. Total: 0.4390 s/iter. ETA=0:03:32
[09/02 13:49:14 d2.evaluation.evaluator]: Inference done 417/896. Dataloading: 0.0027 s/iter. Inference: 0.0587 s/iter. Eval: 0.3832 s/iter. Total: 0.4447 s/iter. ETA=0:03:33
[09/02 13:49:20 d2.evaluation.evaluator]: Inference done 421/896. Dataloading: 0.0027 s/iter. Inference: 0.0588 s/iter. Eval: 0.3920 s/iter. Total: 0.4536 s/iter. ETA=0:03:35
[09/02 13:49:25 d2.evaluation.evaluator]: Inference done 428/896. Dataloading: 0.0027 s/iter. Inference: 0.0589 s/iter. Eval: 0.3976 s/iter. Total: 0.4593 s/iter. ETA=0:03:34
[09/02 13:49:30 d2.evaluation.evaluator]: Inference done 439/896. Dataloading: 0.0027 s/iter. Inference: 0.0589 s/iter. Eval: 0.3977 s/iter. Total: 0.4594 s/iter. ETA=0:03:29
[09/02 13:49:35 d2.evaluation.evaluator]: Inference done 444/896. Dataloading: 0.0027 s/iter. Inference: 0.0590 s/iter. Eval: 0.4040 s/iter. Total: 0.4658 s/iter. ETA=0:03:30
[09/02 13:49:41 d2.evaluation.evaluator]: Inference done 461/896. Dataloading: 0.0027 s/iter. Inference: 0.0588 s/iter. Eval: 0.3980 s/iter. Total: 0.4596 s/iter. ETA=0:03:19
[09/02 13:49:46 d2.evaluation.evaluator]: Inference done 471/896. Dataloading: 0.0027 s/iter. Inference: 0.0588 s/iter. Eval: 0.3994 s/iter. Total: 0.4610 s/iter. ETA=0:03:15
[09/02 13:49:51 d2.evaluation.evaluator]: Inference done 485/896. Dataloading: 0.0027 s/iter. Inference: 0.0587 s/iter. Eval: 0.3966 s/iter. Total: 0.4582 s/iter. ETA=0:03:08
[09/02 13:49:56 d2.evaluation.evaluator]: Inference done 494/896. Dataloading: 0.0027 s/iter. Inference: 0.0587 s/iter. Eval: 0.3990 s/iter. Total: 0.4606 s/iter. ETA=0:03:05
[09/02 13:50:01 d2.evaluation.evaluator]: Inference done 505/896. Dataloading: 0.0027 s/iter. Inference: 0.0587 s/iter. Eval: 0.3990 s/iter. Total: 0.4605 s/iter. ETA=0:03:00
[09/02 13:50:06 d2.evaluation.evaluator]: Inference done 523/896. Dataloading: 0.0027 s/iter. Inference: 0.0586 s/iter. Eval: 0.3929 s/iter. Total: 0.4543 s/iter. ETA=0:02:49
[09/02 13:50:12 d2.evaluation.evaluator]: Inference done 544/896. Dataloading: 0.0027 s/iter. Inference: 0.0584 s/iter. Eval: 0.3851 s/iter. Total: 0.4463 s/iter. ETA=0:02:37
[09/02 13:50:17 d2.evaluation.evaluator]: Inference done 553/896. Dataloading: 0.0027 s/iter. Inference: 0.0585 s/iter. Eval: 0.3873 s/iter. Total: 0.4486 s/iter. ETA=0:02:33
[09/02 13:50:22 d2.evaluation.evaluator]: Inference done 567/896. Dataloading: 0.0027 s/iter. Inference: 0.0584 s/iter. Eval: 0.3851 s/iter. Total: 0.4464 s/iter. ETA=0:02:26
[09/02 13:50:27 d2.evaluation.evaluator]: Inference done 582/896. Dataloading: 0.0027 s/iter. Inference: 0.0583 s/iter. Eval: 0.3825 s/iter. Total: 0.4437 s/iter. ETA=0:02:19
[09/02 13:50:32 d2.evaluation.evaluator]: Inference done 604/896. Dataloading: 0.0027 s/iter. Inference: 0.0581 s/iter. Eval: 0.3751 s/iter. Total: 0.4361 s/iter. ETA=0:02:07
[09/02 13:50:38 d2.evaluation.evaluator]: Inference done 620/896. Dataloading: 0.0027 s/iter. Inference: 0.0581 s/iter. Eval: 0.3731 s/iter. Total: 0.4340 s/iter. ETA=0:01:59
[09/02 13:50:44 d2.evaluation.evaluator]: Inference done 625/896. Dataloading: 0.0027 s/iter. Inference: 0.0583 s/iter. Eval: 0.3796 s/iter. Total: 0.4406 s/iter. ETA=0:01:59
[09/02 13:50:49 d2.evaluation.evaluator]: Inference done 631/896. Dataloading: 0.0027 s/iter. Inference: 0.0583 s/iter. Eval: 0.3833 s/iter. Total: 0.4444 s/iter. ETA=0:01:57
[09/02 13:50:55 d2.evaluation.evaluator]: Inference done 637/896. Dataloading: 0.0027 s/iter. Inference: 0.0584 s/iter. Eval: 0.3880 s/iter. Total: 0.4492 s/iter. ETA=0:01:56
[09/02 13:51:00 d2.evaluation.evaluator]: Inference done 652/896. Dataloading: 0.0027 s/iter. Inference: 0.0583 s/iter. Eval: 0.3857 s/iter. Total: 0.4468 s/iter. ETA=0:01:49
[09/02 13:51:05 d2.evaluation.evaluator]: Inference done 675/896. Dataloading: 0.0027 s/iter. Inference: 0.0581 s/iter. Eval: 0.3782 s/iter. Total: 0.4391 s/iter. ETA=0:01:37
[09/02 13:51:10 d2.evaluation.evaluator]: Inference done 690/896. Dataloading: 0.0027 s/iter. Inference: 0.0581 s/iter. Eval: 0.3761 s/iter. Total: 0.4369 s/iter. ETA=0:01:30
[09/02 13:51:16 d2.evaluation.evaluator]: Inference done 701/896. Dataloading: 0.0027 s/iter. Inference: 0.0581 s/iter. Eval: 0.3768 s/iter. Total: 0.4376 s/iter. ETA=0:01:25
[09/02 13:51:21 d2.evaluation.evaluator]: Inference done 711/896. Dataloading: 0.0027 s/iter. Inference: 0.0581 s/iter. Eval: 0.3777 s/iter. Total: 0.4385 s/iter. ETA=0:01:21
[09/02 13:51:26 d2.evaluation.evaluator]: Inference done 723/896. Dataloading: 0.0027 s/iter. Inference: 0.0581 s/iter. Eval: 0.3774 s/iter. Total: 0.4383 s/iter. ETA=0:01:15
[09/02 13:51:31 d2.evaluation.evaluator]: Inference done 734/896. Dataloading: 0.0027 s/iter. Inference: 0.0581 s/iter. Eval: 0.3783 s/iter. Total: 0.4392 s/iter. ETA=0:01:11
[09/02 13:51:37 d2.evaluation.evaluator]: Inference done 740/896. Dataloading: 0.0027 s/iter. Inference: 0.0582 s/iter. Eval: 0.3831 s/iter. Total: 0.4441 s/iter. ETA=0:01:09
[09/02 13:51:42 d2.evaluation.evaluator]: Inference done 753/896. Dataloading: 0.0027 s/iter. Inference: 0.0582 s/iter. Eval: 0.3822 s/iter. Total: 0.4432 s/iter. ETA=0:01:03
[09/02 13:51:48 d2.evaluation.evaluator]: Inference done 767/896. Dataloading: 0.0027 s/iter. Inference: 0.0582 s/iter. Eval: 0.3808 s/iter. Total: 0.4418 s/iter. ETA=0:00:56
[09/02 13:51:53 d2.evaluation.evaluator]: Inference done 773/896. Dataloading: 0.0027 s/iter. Inference: 0.0582 s/iter. Eval: 0.3845 s/iter. Total: 0.4455 s/iter. ETA=0:00:54
[09/02 13:51:59 d2.evaluation.evaluator]: Inference done 778/896. Dataloading: 0.0027 s/iter. Inference: 0.0583 s/iter. Eval: 0.3885 s/iter. Total: 0.4496 s/iter. ETA=0:00:53
[09/02 13:52:05 d2.evaluation.evaluator]: Inference done 784/896. Dataloading: 0.0027 s/iter. Inference: 0.0584 s/iter. Eval: 0.3927 s/iter. Total: 0.4539 s/iter. ETA=0:00:50
[09/02 13:52:11 d2.evaluation.evaluator]: Inference done 791/896. Dataloading: 0.0027 s/iter. Inference: 0.0585 s/iter. Eval: 0.3964 s/iter. Total: 0.4577 s/iter. ETA=0:00:48
[09/02 13:52:17 d2.evaluation.evaluator]: Inference done 797/896. Dataloading: 0.0027 s/iter. Inference: 0.0585 s/iter. Eval: 0.4005 s/iter. Total: 0.4618 s/iter. ETA=0:00:45
[09/02 13:52:22 d2.evaluation.evaluator]: Inference done 810/896. Dataloading: 0.0027 s/iter. Inference: 0.0585 s/iter. Eval: 0.3995 s/iter. Total: 0.4608 s/iter. ETA=0:00:39
[09/02 13:52:28 d2.evaluation.evaluator]: Inference done 821/896. Dataloading: 0.0027 s/iter. Inference: 0.0585 s/iter. Eval: 0.4001 s/iter. Total: 0.4614 s/iter. ETA=0:00:34
[09/02 13:52:33 d2.evaluation.evaluator]: Inference done 831/896. Dataloading: 0.0027 s/iter. Inference: 0.0585 s/iter. Eval: 0.4006 s/iter. Total: 0.4620 s/iter. ETA=0:00:30
[09/02 13:52:38 d2.evaluation.evaluator]: Inference done 848/896. Dataloading: 0.0027 s/iter. Inference: 0.0584 s/iter. Eval: 0.3979 s/iter. Total: 0.4592 s/iter. ETA=0:00:22
[09/02 13:52:43 d2.evaluation.evaluator]: Inference done 857/896. Dataloading: 0.0027 s/iter. Inference: 0.0585 s/iter. Eval: 0.3992 s/iter. Total: 0.4604 s/iter. ETA=0:00:17
[09/02 13:52:48 d2.evaluation.evaluator]: Inference done 865/896. Dataloading: 0.0027 s/iter. Inference: 0.0585 s/iter. Eval: 0.4008 s/iter. Total: 0.4621 s/iter. ETA=0:00:14
[09/02 13:52:54 d2.evaluation.evaluator]: Inference done 873/896. Dataloading: 0.0027 s/iter. Inference: 0.0586 s/iter. Eval: 0.4028 s/iter. Total: 0.4642 s/iter. ETA=0:00:10
[09/02 13:52:59 d2.evaluation.evaluator]: Inference done 881/896. Dataloading: 0.0027 s/iter. Inference: 0.0586 s/iter. Eval: 0.4043 s/iter. Total: 0.4657 s/iter. ETA=0:00:06
[09/02 13:53:04 d2.evaluation.evaluator]: Total inference time: 0:06:52.661788 (0.463145 s / iter per device, on 1 devices)
[09/02 13:53:04 d2.evaluation.evaluator]: Total inference pure compute time: 0:00:52 (0.058523 s / iter per device, on 1 devices)
[09/02 13:53:04 d2.evaluation.coco_evaluation]: Preparing results for COCO format ...
[09/02 13:53:05 d2.evaluation.coco_evaluation]: Saving results to /vol/out/train_s0v2/coco_instances_results.json
[09/02 13:53:05 d2.evaluation.coco_evaluation]: Evaluating predictions with unofficial COCO API...
Loading and preparing results...
DONE (t=0.06s)
creating index...
index created!
[09/02 13:53:05 d2.evaluation.fast_eval_api]: Evaluate annotation type *bbox*
[09/02 13:53:06 d2.evaluation.fast_eval_api]: COCOeval_opt.evaluate() finished in 0.64 seconds.
[09/02 13:53:06 d2.evaluation.fast_eval_api]: Accumulating evaluation results...
[09/02 13:53:06 d2.evaluation.fast_eval_api]: COCOeval_opt.accumulate() finished in 0.11 seconds.
 Average Precision  (AP) @[ IoU=0.50:0.95 | area=   all | maxDets=100 ] = 0.122
 Average Precision  (AP) @[ IoU=0.50      | area=   all | maxDets=100 ] = 0.478
 Average Precision  (AP) @[ IoU=0.75      | area=   all | maxDets=100 ] = 0.017
 Average Precision  (AP) @[ IoU=0.50:0.95 | area= small | maxDets=100 ] = 0.095
 Average Precision  (AP) @[ IoU=0.50:0.95 | area=medium | maxDets=100 ] = 0.158
 Average Precision  (AP) @[ IoU=0.50:0.95 | area= large | maxDets=100 ] = 0.126
 Average Recall     (AR) @[ IoU=0.50:0.95 | area=   all | maxDets=  1 ] = 0.011
 Average Recall     (AR) @[ IoU=0.50:0.95 | area=   all | maxDets= 10 ] = 0.079
 Average Recall     (AR) @[ IoU=0.50:0.95 | area=   all | maxDets=100 ] = 0.245
 Average Recall     (AR) @[ IoU=0.50:0.95 | area= small | maxDets=100 ] = 0.180
 Average Recall     (AR) @[ IoU=0.50:0.95 | area=medium | maxDets=100 ] = 0.296
 Average Recall     (AR) @[ IoU=0.50:0.95 | area= large | maxDets=100 ] = 0.368
[09/02 13:53:06 d2.evaluation.coco_evaluation]: Evaluation results for bbox: 
|   AP   |  AP50  |  AP75  |  APs  |  APm   |  APl   |
|:------:|:------:|:------:|:-----:|:------:|:------:|
| 12.235 | 47.763 | 1.690  | 9.493 | 15.773 | 12.551 |
Loading and preparing results...
DONE (t=0.63s)
creating index...
index created!
[09/02 13:53:09 d2.evaluation.fast_eval_api]: Evaluate annotation type *segm*
[09/02 13:53:10 d2.evaluation.fast_eval_api]: COCOeval_opt.evaluate() finished in 0.94 seconds.
[09/02 13:53:10 d2.evaluation.fast_eval_api]: Accumulating evaluation results...
[09/02 13:53:10 d2.evaluation.fast_eval_api]: COCOeval_opt.accumulate() finished in 0.10 seconds.
 Average Precision  (AP) @[ IoU=0.50:0.95 | area=   all | maxDets=100 ] = 0.340
 Average Precision  (AP) @[ IoU=0.50      | area=   all | maxDets=100 ] = 0.638
 Average Precision  (AP) @[ IoU=0.75      | area=   all | maxDets=100 ] = 0.337
 Average Precision  (AP) @[ IoU=0.50:0.95 | area= small | maxDets=100 ] = 0.202
 Average Precision  (AP) @[ IoU=0.50:0.95 | area=medium | maxDets=100 ] = 0.451
 Average Precision  (AP) @[ IoU=0.50:0.95 | area= large | maxDets=100 ] = 0.553
 Average Recall     (AR) @[ IoU=0.50:0.95 | area=   all | maxDets=  1 ] = 0.029
 Average Recall     (AR) @[ IoU=0.50:0.95 | area=   all | maxDets= 10 ] = 0.178
 Average Recall     (AR) @[ IoU=0.50:0.95 | area=   all | maxDets=100 ] = 0.459
 Average Recall     (AR) @[ IoU=0.50:0.95 | area= small | maxDets=100 ] = 0.346
 Average Recall     (AR) @[ IoU=0.50:0.95 | area=medium | maxDets=100 ] = 0.551
 Average Recall     (AR) @[ IoU=0.50:0.95 | area= large | maxDets=100 ] = 0.643
[09/02 13:53:10 d2.evaluation.coco_evaluation]: Evaluation results for segm: 
|   AP   |  AP50  |  AP75  |  APs   |  APm   |  APl   |
|:------:|:------:|:------:|:------:|:------:|:------:|
| 34.014 | 63.827 | 33.746 | 20.238 | 45.137 | 55.301 |
[09/02 13:53:10 d2.engine.defaults]: Evaluation results for trees_valv2 in csv format:
[09/02 13:53:10 d2.evaluation.testing]: copypaste: Task: bbox
[09/02 13:53:10 d2.evaluation.testing]: copypaste: AP,AP50,AP75,APs,APm,APl
[09/02 13:53:10 d2.evaluation.testing]: copypaste: 12.2352,47.7631,1.6899,9.4933,15.7728,12.5513
[09/02 13:53:10 d2.evaluation.testing]: copypaste: Task: segm
[09/02 13:53:10 d2.evaluation.testing]: copypaste: AP,AP50,AP75,APs,APm,APl
[09/02 13:53:10 d2.evaluation.testing]: copypaste: 34.0137,63.8273,33.7463,20.2384,45.1368,55.3008
[eval] iter 10000 segm AP50=63.827 (best 62.405)
[09/02 13:53:11 d2.utils.events]:  eta: 0:43:42  iter: 9999  total_loss: 0.9053  loss_cls: 0.2285  loss_box_reg: 0.3194  loss_mask: 0.2741  loss_rpn_cls: 0.05221  loss_rpn_loc: 0.04225    time: 0.4742  last_time: 0.3808  data_time: 0.0725  last_data_time: 0.0201   lr: 0.0003389  max_mem: 8818M
[commit] volume committed @ iter 10000
[09/02 13:53:33 d2.utils.events]:  eta: 0:43:35  iter: 10019  total_loss: 0.9036  loss_cls: 0.1925  loss_box_reg: 0.2727  loss_mask: 0.2874  loss_rpn_cls: 0.04217  loss_rpn_loc: 0.03305    time: 0.4742  last_time: 0.4909  data_time: 0.0722  last_data_time: 0.0171   lr: 0.0003389  max_mem: 8818M
[09/02 13:53:42 d2.utils.events]:  eta: 0:43:25  iter: 10039  total_loss: 0.8026  loss_cls: 0.2064  loss_box_reg: 0.2669  loss_mask: 0.26  loss_rpn_cls: 0.04689  loss_rpn_loc: 0.02393    time: 0.4741  last_time: 0.3698  data_time: 0.0682  last_data_time: 0.0355   lr: 0.0003389  max_mem: 8818M
[09/02 13:53:52 d2.utils.events]:  eta: 0:43:15  iter: 10059  total_loss: 0.7666  loss_cls: 0.1982  loss_box_reg: 0.2675  loss_mask: 0.2764  loss_rpn_cls: 0.03511  loss_rpn_loc: 0.02505    time: 0.4741  last_time: 0.4129  data_time: 0.0549  last_data_time: 0.0854   lr: 0.0003389  max_mem: 8818M
[09/02 13:54:01 d2.utils.events]:  eta: 0:43:05  iter: 10079  total_loss: 0.8227  loss_cls: 0.2125  loss_box_reg: 0.264  loss_mask: 0.2647  loss_rpn_cls: 0.03943  loss_rpn_loc: 0.0322    time: 0.4741  last_time: 0.6511  data_time: 0.0658  last_data_time: 0.1963   lr: 0.0003389  max_mem: 8818M
[09/02 13:54:10 d2.utils.events]:  eta: 0:42:53  iter: 10099  total_loss: 0.8412  loss_cls: 0.2012  loss_box_reg: 0.2849  loss_mask: 0.2759  loss_rpn_cls: 0.04468  loss_rpn_loc: 0.03326    time: 0.4740  last_time: 0.4255  data_time: 0.0463  last_data_time: 0.0829   lr: 0.0003389  max_mem: 8818M
[09/02 13:54:21 d2.utils.events]:  eta: 0:42:50  iter: 10119  total_loss: 0.8822  loss_cls: 0.2148  loss_box_reg: 0.3557  loss_mask: 0.2479  loss_rpn_cls: 0.05189  loss_rpn_loc: 0.03907    time: 0.4742  last_time: 0.6930  data_time: 0.0699  last_data_time: 0.1110   lr: 0.0003389  max_mem: 8818M
[09/02 13:54:31 d2.utils.events]:  eta: 0:42:39  iter: 10139  total_loss: 0.8942  loss_cls: 0.2092  loss_box_reg: 0.3011  loss_mask: 0.2695  loss_rpn_cls: 0.05784  loss_rpn_loc: 0.04099    time: 0.4742  last_time: 0.5942  data_time: 0.0839  last_data_time: 0.0656   lr: 0.0003389  max_mem: 8818M
[09/02 13:54:40 d2.utils.events]:  eta: 0:42:17  iter: 10159  total_loss: 0.9236  loss_cls: 0.2461  loss_box_reg: 0.3016  loss_mask: 0.2762  loss_rpn_cls: 0.04908  loss_rpn_loc: 0.04079    time: 0.4742  last_time: 0.2748  data_time: 0.0563  last_data_time: 0.0381   lr: 0.0003389  max_mem: 8818M
[09/02 13:54:49 d2.utils.events]:  eta: 0:42:17  iter: 10179  total_loss: 0.7983  loss_cls: 0.1903  loss_box_reg: 0.2339  loss_mask: 0.3012  loss_rpn_cls: 0.05483  loss_rpn_loc: 0.04159    time: 0.4742  last_time: 0.4131  data_time: 0.0732  last_data_time: 0.0295   lr: 0.0003389  max_mem: 8818M
[09/02 13:54:58 d2.utils.events]:  eta: 0:41:59  iter: 10199  total_loss: 0.7725  loss_cls: 0.1858  loss_box_reg: 0.2598  loss_mask: 0.2701  loss_rpn_cls: 0.04525  loss_rpn_loc: 0.02554    time: 0.4740  last_time: 0.5061  data_time: 0.0535  last_data_time: 0.0399   lr: 0.0003389  max_mem: 8818M
[09/02 13:55:07 d2.utils.events]:  eta: 0:41:42  iter: 10219  total_loss: 0.9103  loss_cls: 0.2278  loss_box_reg: 0.3067  loss_mask: 0.2728  loss_rpn_cls: 0.05545  loss_rpn_loc: 0.0358    time: 0.4740  last_time: 0.4645  data_time: 0.0718  last_data_time: 0.0198   lr: 0.0003389  max_mem: 8818M
[09/02 13:55:16 d2.utils.events]:  eta: 0:41:42  iter: 10239  total_loss: 0.8764  loss_cls: 0.2351  loss_box_reg: 0.3235  loss_mask: 0.2683  loss_rpn_cls: 0.05653  loss_rpn_loc: 0.04191    time: 0.4740  last_time: 0.3102  data_time: 0.0502  last_data_time: 0.0138   lr: 0.0003389  max_mem: 8818M
[09/02 13:55:26 d2.utils.events]:  eta: 0:41:34  iter: 10259  total_loss: 0.9626  loss_cls: 0.2171  loss_box_reg: 0.3026  loss_mask: 0.2839  loss_rpn_cls: 0.05414  loss_rpn_loc: 0.03648    time: 0.4740  last_time: 0.3660  data_time: 0.0675  last_data_time: 0.0347   lr: 0.0003389  max_mem: 8818M
[09/02 13:55:35 d2.utils.events]:  eta: 0:41:33  iter: 10279  total_loss: 0.8432  loss_cls: 0.1957  loss_box_reg: 0.3142  loss_mask: 0.2646  loss_rpn_cls: 0.049  loss_rpn_loc: 0.03139    time: 0.4740  last_time: 0.5527  data_time: 0.0690  last_data_time: 0.0470   lr: 0.0003389  max_mem: 8818M
[09/02 13:55:44 d2.utils.events]:  eta: 0:41:26  iter: 10299  total_loss: 0.9117  loss_cls: 0.2334  loss_box_reg: 0.3285  loss_mask: 0.2638  loss_rpn_cls: 0.05189  loss_rpn_loc: 0.02847    time: 0.4739  last_time: 0.9136  data_time: 0.0818  last_data_time: 0.4569   lr: 0.0003389  max_mem: 8818M
[09/02 13:55:54 d2.utils.events]:  eta: 0:41:24  iter: 10319  total_loss: 1.067  loss_cls: 0.268  loss_box_reg: 0.3907  loss_mask: 0.2749  loss_rpn_cls: 0.05495  loss_rpn_loc: 0.05328    time: 0.4740  last_time: 0.4010  data_time: 0.0606  last_data_time: 0.0772   lr: 0.0003389  max_mem: 8818M
[09/02 13:56:03 d2.utils.events]:  eta: 0:41:18  iter: 10339  total_loss: 0.9479  loss_cls: 0.2516  loss_box_reg: 0.3074  loss_mask: 0.2887  loss_rpn_cls: 0.05032  loss_rpn_loc: 0.03649    time: 0.4740  last_time: 0.6452  data_time: 0.0663  last_data_time: 0.1134   lr: 0.0003389  max_mem: 8818M
[09/02 13:56:13 d2.utils.events]:  eta: 0:41:14  iter: 10359  total_loss: 0.8588  loss_cls: 0.2068  loss_box_reg: 0.2907  loss_mask: 0.2672  loss_rpn_cls: 0.04426  loss_rpn_loc: 0.02983    time: 0.4740  last_time: 0.2519  data_time: 0.0767  last_data_time: 0.0214   lr: 0.0003389  max_mem: 8818M
[09/02 13:56:23 d2.utils.events]:  eta: 0:40:58  iter: 10379  total_loss: 0.9594  loss_cls: 0.2252  loss_box_reg: 0.3065  loss_mask: 0.2835  loss_rpn_cls: 0.0577  loss_rpn_loc: 0.03421    time: 0.4741  last_time: 1.5840  data_time: 0.1152  last_data_time: 1.2367   lr: 0.0003389  max_mem: 8818M
[09/02 13:56:33 d2.utils.events]:  eta: 0:40:48  iter: 10399  total_loss: 0.936  loss_cls: 0.2196  loss_box_reg: 0.2834  loss_mask: 0.2833  loss_rpn_cls: 0.05493  loss_rpn_loc: 0.03236    time: 0.4741  last_time: 0.4131  data_time: 0.0802  last_data_time: 0.0378   lr: 0.0003389  max_mem: 8818M
[09/02 13:56:42 d2.utils.events]:  eta: 0:40:40  iter: 10419  total_loss: 0.9287  loss_cls: 0.2308  loss_box_reg: 0.3177  loss_mask: 0.2757  loss_rpn_cls: 0.06366  loss_rpn_loc: 0.04929    time: 0.4740  last_time: 0.3908  data_time: 0.0726  last_data_time: 0.0933   lr: 0.0003389  max_mem: 8818M
[09/02 13:56:51 d2.utils.events]:  eta: 0:40:36  iter: 10439  total_loss: 0.8356  loss_cls: 0.198  loss_box_reg: 0.2604  loss_mask: 0.2527  loss_rpn_cls: 0.053  loss_rpn_loc: 0.03458    time: 0.4740  last_time: 0.5811  data_time: 0.0581  last_data_time: 0.0529   lr: 0.0003389  max_mem: 8818M
[09/02 13:57:03 d2.utils.events]:  eta: 0:40:32  iter: 10459  total_loss: 0.8791  loss_cls: 0.2042  loss_box_reg: 0.3054  loss_mask: 0.2703  loss_rpn_cls: 0.04632  loss_rpn_loc: 0.04375    time: 0.4742  last_time: 1.2305  data_time: 0.1302  last_data_time: 0.8719   lr: 0.0003389  max_mem: 8818M
[09/02 13:57:11 d2.utils.events]:  eta: 0:40:21  iter: 10479  total_loss: 0.8485  loss_cls: 0.2241  loss_box_reg: 0.292  loss_mask: 0.2711  loss_rpn_cls: 0.04573  loss_rpn_loc: 0.03077    time: 0.4741  last_time: 0.3642  data_time: 0.0597  last_data_time: 0.0452   lr: 0.0003389  max_mem: 8818M
[09/02 13:57:23 d2.utils.events]:  eta: 0:40:16  iter: 10499  total_loss: 0.9514  loss_cls: 0.2472  loss_box_reg: 0.3439  loss_mask: 0.2642  loss_rpn_cls: 0.05955  loss_rpn_loc: 0.05274    time: 0.4743  last_time: 0.3707  data_time: 0.1111  last_data_time: 0.0245   lr: 0.0003389  max_mem: 8818M
[09/02 13:57:33 d2.utils.events]:  eta: 0:40:14  iter: 10519  total_loss: 0.9763  loss_cls: 0.2309  loss_box_reg: 0.3064  loss_mask: 0.2746  loss_rpn_cls: 0.05888  loss_rpn_loc: 0.04478    time: 0.4744  last_time: 0.5536  data_time: 0.1120  last_data_time: 0.0164   lr: 0.0003389  max_mem: 8818M
[09/02 13:57:42 d2.utils.events]:  eta: 0:40:07  iter: 10539  total_loss: 0.8167  loss_cls: 0.2024  loss_box_reg: 0.2821  loss_mask: 0.2819  loss_rpn_cls: 0.04331  loss_rpn_loc: 0.03797    time: 0.4744  last_time: 0.3668  data_time: 0.0740  last_data_time: 0.0169   lr: 0.0003389  max_mem: 8818M
[09/02 13:57:53 d2.utils.events]:  eta: 0:39:58  iter: 10559  total_loss: 0.8989  loss_cls: 0.2248  loss_box_reg: 0.2877  loss_mask: 0.2571  loss_rpn_cls: 0.04927  loss_rpn_loc: 0.03702    time: 0.4745  last_time: 0.4380  data_time: 0.1264  last_data_time: 0.1075   lr: 0.0003389  max_mem: 8818M
[09/02 13:58:03 d2.utils.events]:  eta: 0:39:54  iter: 10579  total_loss: 0.9965  loss_cls: 0.2371  loss_box_reg: 0.3838  loss_mask: 0.2867  loss_rpn_cls: 0.06008  loss_rpn_loc: 0.04279    time: 0.4745  last_time: 0.6278  data_time: 0.0573  last_data_time: 0.1139   lr: 0.0003389  max_mem: 8818M
[09/02 13:58:11 d2.utils.events]:  eta: 0:39:42  iter: 10599  total_loss: 0.7657  loss_cls: 0.1821  loss_box_reg: 0.2631  loss_mask: 0.2657  loss_rpn_cls: 0.0378  loss_rpn_loc: 0.03262    time: 0.4744  last_time: 0.4034  data_time: 0.0552  last_data_time: 0.0804   lr: 0.0003389  max_mem: 8818M
[09/02 13:58:22 d2.utils.events]:  eta: 0:39:36  iter: 10619  total_loss: 1.02  loss_cls: 0.2576  loss_box_reg: 0.341  loss_mask: 0.2765  loss_rpn_cls: 0.06006  loss_rpn_loc: 0.04827    time: 0.4745  last_time: 0.5216  data_time: 0.0811  last_data_time: 0.0418   lr: 0.0003389  max_mem: 8818M
[09/02 13:58:31 d2.utils.events]:  eta: 0:39:27  iter: 10639  total_loss: 0.7714  loss_cls: 0.2094  loss_box_reg: 0.261  loss_mask: 0.257  loss_rpn_cls: 0.04646  loss_rpn_loc: 0.03482    time: 0.4745  last_time: 0.3630  data_time: 0.0592  last_data_time: 0.0198   lr: 0.0003389  max_mem: 8818M
[09/02 13:58:41 d2.utils.events]:  eta: 0:39:23  iter: 10659  total_loss: 0.9356  loss_cls: 0.2482  loss_box_reg: 0.3524  loss_mask: 0.2699  loss_rpn_cls: 0.05308  loss_rpn_loc: 0.02945    time: 0.4745  last_time: 0.2776  data_time: 0.0591  last_data_time: 0.0377   lr: 0.0003389  max_mem: 8818M
[09/02 13:58:51 d2.utils.events]:  eta: 0:39:14  iter: 10679  total_loss: 0.9441  loss_cls: 0.2404  loss_box_reg: 0.3078  loss_mask: 0.2699  loss_rpn_cls: 0.05394  loss_rpn_loc: 0.02805    time: 0.4746  last_time: 0.5815  data_time: 0.0730  last_data_time: 0.0895   lr: 0.0003389  max_mem: 8818M
[09/02 13:59:02 d2.utils.events]:  eta: 0:39:11  iter: 10699  total_loss: 0.9396  loss_cls: 0.2143  loss_box_reg: 0.2949  loss_mask: 0.2996  loss_rpn_cls: 0.05271  loss_rpn_loc: 0.04845    time: 0.4747  last_time: 0.4341  data_time: 0.1039  last_data_time: 0.0130   lr: 0.0003389  max_mem: 8818M
[09/02 13:59:12 d2.utils.events]:  eta: 0:38:57  iter: 10719  total_loss: 0.8785  loss_cls: 0.2156  loss_box_reg: 0.2973  loss_mask: 0.2753  loss_rpn_cls: 0.04847  loss_rpn_loc: 0.03901    time: 0.4747  last_time: 0.4569  data_time: 0.0674  last_data_time: 0.0163   lr: 0.0003389  max_mem: 8818M
[09/02 13:59:21 d2.utils.events]:  eta: 0:38:49  iter: 10739  total_loss: 0.8296  loss_cls: 0.2153  loss_box_reg: 0.2758  loss_mask: 0.2627  loss_rpn_cls: 0.04654  loss_rpn_loc: 0.02771    time: 0.4747  last_time: 0.2970  data_time: 0.0611  last_data_time: 0.0312   lr: 0.0003389  max_mem: 8818M
[09/02 13:59:30 d2.utils.events]:  eta: 0:38:38  iter: 10759  total_loss: 0.8963  loss_cls: 0.2229  loss_box_reg: 0.3087  loss_mask: 0.2794  loss_rpn_cls: 0.04487  loss_rpn_loc: 0.02542    time: 0.4746  last_time: 0.5530  data_time: 0.0589  last_data_time: 0.1890   lr: 0.0003389  max_mem: 8818M
[09/02 13:59:39 d2.utils.events]:  eta: 0:38:29  iter: 10779  total_loss: 0.921  loss_cls: 0.2265  loss_box_reg: 0.2919  loss_mask: 0.2792  loss_rpn_cls: 0.04901  loss_rpn_loc: 0.03649    time: 0.4746  last_time: 0.3455  data_time: 0.0798  last_data_time: 0.0210   lr: 0.0003389  max_mem: 8818M
[09/02 13:59:49 d2.utils.events]:  eta: 0:38:21  iter: 10799  total_loss: 0.9752  loss_cls: 0.2248  loss_box_reg: 0.3396  loss_mask: 0.2757  loss_rpn_cls: 0.05346  loss_rpn_loc: 0.03997    time: 0.4746  last_time: 0.3160  data_time: 0.0673  last_data_time: 0.0681   lr: 0.0003389  max_mem: 8818M
[09/02 13:59:58 d2.utils.events]:  eta: 0:38:21  iter: 10819  total_loss: 0.8251  loss_cls: 0.2035  loss_box_reg: 0.2852  loss_mask: 0.2665  loss_rpn_cls: 0.03747  loss_rpn_loc: 0.02441    time: 0.4746  last_time: 0.4645  data_time: 0.0649  last_data_time: 0.0349   lr: 0.0003389  max_mem: 8818M
[09/02 14:00:07 d2.utils.events]:  eta: 0:38:06  iter: 10839  total_loss: 0.8904  loss_cls: 0.219  loss_box_reg: 0.3023  loss_mask: 0.259  loss_rpn_cls: 0.04311  loss_rpn_loc: 0.03119    time: 0.4746  last_time: 0.5775  data_time: 0.0736  last_data_time: 0.0738   lr: 0.0003389  max_mem: 8818M
[09/02 14:00:16 d2.utils.events]:  eta: 0:37:54  iter: 10859  total_loss: 0.8335  loss_cls: 0.2024  loss_box_reg: 0.2948  loss_mask: 0.2774  loss_rpn_cls: 0.0419  loss_rpn_loc: 0.02679    time: 0.4745  last_time: 0.3585  data_time: 0.0602  last_data_time: 0.0608   lr: 0.0003389  max_mem: 8818M
[09/02 14:00:26 d2.utils.events]:  eta: 0:37:47  iter: 10879  total_loss: 0.9536  loss_cls: 0.2146  loss_box_reg: 0.2766  loss_mask: 0.284  loss_rpn_cls: 0.06686  loss_rpn_loc: 0.03576    time: 0.4745  last_time: 0.4221  data_time: 0.0695  last_data_time: 0.0230   lr: 0.0003389  max_mem: 8818M
[09/02 14:00:36 d2.utils.events]:  eta: 0:37:36  iter: 10899  total_loss: 0.8209  loss_cls: 0.2068  loss_box_reg: 0.289  loss_mask: 0.2837  loss_rpn_cls: 0.04358  loss_rpn_loc: 0.02011    time: 0.4746  last_time: 0.5103  data_time: 0.1135  last_data_time: 0.1341   lr: 0.0003389  max_mem: 8818M
[09/02 14:00:46 d2.utils.events]:  eta: 0:37:27  iter: 10919  total_loss: 0.9664  loss_cls: 0.2266  loss_box_reg: 0.3182  loss_mask: 0.2718  loss_rpn_cls: 0.05635  loss_rpn_loc: 0.03888    time: 0.4746  last_time: 0.4475  data_time: 0.0792  last_data_time: 0.0304   lr: 0.0003389  max_mem: 8818M
[09/02 14:00:54 d2.utils.events]:  eta: 0:37:16  iter: 10939  total_loss: 0.8792  loss_cls: 0.2217  loss_box_reg: 0.2926  loss_mask: 0.2577  loss_rpn_cls: 0.04273  loss_rpn_loc: 0.03211    time: 0.4745  last_time: 0.4106  data_time: 0.0584  last_data_time: 0.0799   lr: 0.0003389  max_mem: 8818M
[09/02 14:01:03 d2.utils.events]:  eta: 0:37:04  iter: 10959  total_loss: 0.887  loss_cls: 0.2295  loss_box_reg: 0.3132  loss_mask: 0.2724  loss_rpn_cls: 0.04717  loss_rpn_loc: 0.036    time: 0.4744  last_time: 0.3340  data_time: 0.0663  last_data_time: 0.0716   lr: 0.0003389  max_mem: 8818M
[09/02 14:01:11 d2.utils.events]:  eta: 0:36:45  iter: 10979  total_loss: 0.8425  loss_cls: 0.2126  loss_box_reg: 0.2624  loss_mask: 0.2688  loss_rpn_cls: 0.05626  loss_rpn_loc: 0.03593    time: 0.4743  last_time: 0.5421  data_time: 0.0631  last_data_time: 0.0834   lr: 0.0003389  max_mem: 8818M
[09/02 14:01:20 d2.utils.events]:  eta: 0:36:35  iter: 10999  total_loss: 0.8619  loss_cls: 0.2257  loss_box_reg: 0.2927  loss_mask: 0.2603  loss_rpn_cls: 0.06079  loss_rpn_loc: 0.03959    time: 0.4743  last_time: 0.3455  data_time: 0.0579  last_data_time: 0.0151   lr: 0.0003389  max_mem: 8818M
[09/02 14:01:29 d2.utils.events]:  eta: 0:36:18  iter: 11019  total_loss: 0.9295  loss_cls: 0.2185  loss_box_reg: 0.3057  loss_mask: 0.266  loss_rpn_cls: 0.05135  loss_rpn_loc: 0.03179    time: 0.4742  last_time: 0.4712  data_time: 0.0630  last_data_time: 0.0606   lr: 0.0003389  max_mem: 8818M
[09/02 14:01:39 d2.utils.events]:  eta: 0:36:10  iter: 11039  total_loss: 0.8039  loss_cls: 0.1845  loss_box_reg: 0.2346  loss_mask: 0.2691  loss_rpn_cls: 0.05471  loss_rpn_loc: 0.04113    time: 0.4742  last_time: 0.4082  data_time: 0.0633  last_data_time: 0.0187   lr: 0.0003389  max_mem: 8818M
[09/02 14:01:47 d2.utils.events]:  eta: 0:36:04  iter: 11059  total_loss: 0.8607  loss_cls: 0.2141  loss_box_reg: 0.267  loss_mask: 0.2769  loss_rpn_cls: 0.05324  loss_rpn_loc: 0.02764    time: 0.4742  last_time: 0.2778  data_time: 0.0644  last_data_time: 0.0147   lr: 0.0003389  max_mem: 8818M
[09/02 14:01:56 d2.utils.events]:  eta: 0:35:49  iter: 11079  total_loss: 0.7869  loss_cls: 0.1957  loss_box_reg: 0.2368  loss_mask: 0.271  loss_rpn_cls: 0.05208  loss_rpn_loc: 0.02481    time: 0.4741  last_time: 0.6143  data_time: 0.0710  last_data_time: 0.3212   lr: 0.0003389  max_mem: 8818M
[09/02 14:02:05 d2.utils.events]:  eta: 0:35:40  iter: 11099  total_loss: 0.8608  loss_cls: 0.2053  loss_box_reg: 0.2902  loss_mask: 0.2821  loss_rpn_cls: 0.05341  loss_rpn_loc: 0.04521    time: 0.4740  last_time: 0.4897  data_time: 0.0644  last_data_time: 0.0591   lr: 0.0003389  max_mem: 8818M
[09/02 14:02:16 d2.utils.events]:  eta: 0:35:28  iter: 11119  total_loss: 0.7565  loss_cls: 0.185  loss_box_reg: 0.2426  loss_mask: 0.2597  loss_rpn_cls: 0.04462  loss_rpn_loc: 0.02108    time: 0.4741  last_time: 0.5511  data_time: 0.1476  last_data_time: 0.0886   lr: 0.0003389  max_mem: 8818M
[09/02 14:02:25 d2.utils.events]:  eta: 0:35:19  iter: 11139  total_loss: 0.8949  loss_cls: 0.2364  loss_box_reg: 0.2767  loss_mask: 0.269  loss_rpn_cls: 0.04774  loss_rpn_loc: 0.02638    time: 0.4741  last_time: 0.5305  data_time: 0.0723  last_data_time: 0.0214   lr: 0.0003389  max_mem: 8818M
[09/02 14:02:33 d2.utils.events]:  eta: 0:35:09  iter: 11159  total_loss: 0.8908  loss_cls: 0.2019  loss_box_reg: 0.2748  loss_mask: 0.2776  loss_rpn_cls: 0.05237  loss_rpn_loc: 0.03332    time: 0.4740  last_time: 0.4595  data_time: 0.0709  last_data_time: 0.0606   lr: 0.0003389  max_mem: 8818M
[09/02 14:02:44 d2.utils.events]:  eta: 0:35:02  iter: 11179  total_loss: 0.9605  loss_cls: 0.2514  loss_box_reg: 0.3415  loss_mask: 0.2716  loss_rpn_cls: 0.06327  loss_rpn_loc: 0.03596    time: 0.4741  last_time: 0.3331  data_time: 0.0959  last_data_time: 0.0217   lr: 0.0003389  max_mem: 8818M
[09/02 14:02:52 d2.utils.events]:  eta: 0:34:53  iter: 11199  total_loss: 0.855  loss_cls: 0.2188  loss_box_reg: 0.2922  loss_mask: 0.2841  loss_rpn_cls: 0.04602  loss_rpn_loc: 0.02532    time: 0.4740  last_time: 0.3639  data_time: 0.0749  last_data_time: 0.0551   lr: 0.0003389  max_mem: 8818M
[09/02 14:03:02 d2.utils.events]:  eta: 0:34:44  iter: 11219  total_loss: 0.8824  loss_cls: 0.2259  loss_box_reg: 0.294  loss_mask: 0.2687  loss_rpn_cls: 0.05144  loss_rpn_loc: 0.03312    time: 0.4740  last_time: 0.3248  data_time: 0.0686  last_data_time: 0.0142   lr: 0.0003389  max_mem: 8818M
[09/02 14:03:12 d2.utils.events]:  eta: 0:34:38  iter: 11239  total_loss: 0.9116  loss_cls: 0.2141  loss_box_reg: 0.3343  loss_mask: 0.2706  loss_rpn_cls: 0.04781  loss_rpn_loc: 0.03388    time: 0.4740  last_time: 0.5136  data_time: 0.0518  last_data_time: 0.0234   lr: 0.0003389  max_mem: 8818M
[09/02 14:03:21 d2.utils.events]:  eta: 0:34:27  iter: 11259  total_loss: 0.9809  loss_cls: 0.2296  loss_box_reg: 0.3426  loss_mask: 0.2897  loss_rpn_cls: 0.04777  loss_rpn_loc: 0.03064    time: 0.4740  last_time: 0.3691  data_time: 0.0760  last_data_time: 0.0332   lr: 0.0003389  max_mem: 8818M
[09/02 14:03:30 d2.utils.events]:  eta: 0:34:18  iter: 11279  total_loss: 0.8915  loss_cls: 0.211  loss_box_reg: 0.287  loss_mask: 0.2656  loss_rpn_cls: 0.04257  loss_rpn_loc: 0.03737    time: 0.4740  last_time: 0.3831  data_time: 0.0753  last_data_time: 0.0556   lr: 0.0003389  max_mem: 8818M
[09/02 14:03:39 d2.utils.events]:  eta: 0:34:07  iter: 11299  total_loss: 0.8372  loss_cls: 0.2048  loss_box_reg: 0.2918  loss_mask: 0.2727  loss_rpn_cls: 0.04054  loss_rpn_loc: 0.02572    time: 0.4739  last_time: 0.4114  data_time: 0.0686  last_data_time: 0.0189   lr: 0.0003389  max_mem: 8818M
[09/02 14:03:49 d2.utils.events]:  eta: 0:33:55  iter: 11319  total_loss: 0.9398  loss_cls: 0.242  loss_box_reg: 0.2999  loss_mask: 0.2672  loss_rpn_cls: 0.07041  loss_rpn_loc: 0.04928    time: 0.4740  last_time: 0.4003  data_time: 0.0761  last_data_time: 0.0764   lr: 0.0003389  max_mem: 8818M
[09/02 14:03:59 d2.utils.events]:  eta: 0:33:50  iter: 11339  total_loss: 1.01  loss_cls: 0.2346  loss_box_reg: 0.3593  loss_mask: 0.2825  loss_rpn_cls: 0.068  loss_rpn_loc: 0.05348    time: 0.4740  last_time: 0.5934  data_time: 0.0693  last_data_time: 0.0653   lr: 0.0003389  max_mem: 8818M
[09/02 14:04:09 d2.utils.events]:  eta: 0:33:41  iter: 11359  total_loss: 0.856  loss_cls: 0.1942  loss_box_reg: 0.2509  loss_mask: 0.2917  loss_rpn_cls: 0.058  loss_rpn_loc: 0.03995    time: 0.4741  last_time: 0.5153  data_time: 0.0827  last_data_time: 0.0572   lr: 0.0003389  max_mem: 8818M
[09/02 14:04:18 d2.utils.events]:  eta: 0:33:27  iter: 11379  total_loss: 0.8486  loss_cls: 0.2037  loss_box_reg: 0.2675  loss_mask: 0.2762  loss_rpn_cls: 0.04785  loss_rpn_loc: 0.03775    time: 0.4740  last_time: 0.3563  data_time: 0.0666  last_data_time: 0.0598   lr: 0.0003389  max_mem: 8818M
[09/02 14:04:27 d2.utils.events]:  eta: 0:33:20  iter: 11399  total_loss: 0.8639  loss_cls: 0.2264  loss_box_reg: 0.2903  loss_mask: 0.2789  loss_rpn_cls: 0.04836  loss_rpn_loc: 0.03255    time: 0.4740  last_time: 0.7439  data_time: 0.0744  last_data_time: 0.1075   lr: 0.0003389  max_mem: 8818M
[09/02 14:04:37 d2.utils.events]:  eta: 0:33:15  iter: 11419  total_loss: 0.9208  loss_cls: 0.2316  loss_box_reg: 0.3032  loss_mask: 0.2587  loss_rpn_cls: 0.04801  loss_rpn_loc: 0.04821    time: 0.4740  last_time: 0.3041  data_time: 0.0797  last_data_time: 0.0187   lr: 0.0003389  max_mem: 8818M
[09/02 14:04:47 d2.utils.events]:  eta: 0:33:03  iter: 11439  total_loss: 0.8264  loss_cls: 0.2025  loss_box_reg: 0.2746  loss_mask: 0.2846  loss_rpn_cls: 0.04157  loss_rpn_loc: 0.02875    time: 0.4740  last_time: 0.3910  data_time: 0.0649  last_data_time: 0.0070   lr: 0.0003389  max_mem: 8818M
[09/02 14:04:56 d2.utils.events]:  eta: 0:32:51  iter: 11459  total_loss: 0.9569  loss_cls: 0.2361  loss_box_reg: 0.3159  loss_mask: 0.2618  loss_rpn_cls: 0.05227  loss_rpn_loc: 0.03834    time: 0.4740  last_time: 0.3921  data_time: 0.0646  last_data_time: 0.0732   lr: 0.0003389  max_mem: 8818M
[09/02 14:05:06 d2.utils.events]:  eta: 0:32:49  iter: 11479  total_loss: 0.9503  loss_cls: 0.2382  loss_box_reg: 0.3177  loss_mask: 0.2782  loss_rpn_cls: 0.05093  loss_rpn_loc: 0.03024    time: 0.4741  last_time: 0.3205  data_time: 0.0751  last_data_time: 0.0154   lr: 0.0003389  max_mem: 8818M
[09/02 14:05:15 d2.utils.events]:  eta: 0:32:35  iter: 11499  total_loss: 0.7974  loss_cls: 0.19  loss_box_reg: 0.2691  loss_mask: 0.2591  loss_rpn_cls: 0.03971  loss_rpn_loc: 0.02715    time: 0.4740  last_time: 0.2604  data_time: 0.0616  last_data_time: 0.0242   lr: 0.0003389  max_mem: 8818M
[09/02 14:05:25 d2.utils.events]:  eta: 0:32:32  iter: 11519  total_loss: 0.9868  loss_cls: 0.2364  loss_box_reg: 0.3404  loss_mask: 0.2771  loss_rpn_cls: 0.05295  loss_rpn_loc: 0.04744    time: 0.4741  last_time: 0.6838  data_time: 0.1040  last_data_time: 0.1329   lr: 0.0003389  max_mem: 8818M
[09/02 14:05:35 d2.utils.events]:  eta: 0:32:24  iter: 11539  total_loss: 0.9594  loss_cls: 0.2295  loss_box_reg: 0.3037  loss_mask: 0.2767  loss_rpn_cls: 0.0577  loss_rpn_loc: 0.04658    time: 0.4741  last_time: 0.4497  data_time: 0.0682  last_data_time: 0.0164   lr: 0.0003389  max_mem: 8818M
[09/02 14:05:44 d2.utils.events]:  eta: 0:32:16  iter: 11559  total_loss: 0.8404  loss_cls: 0.1988  loss_box_reg: 0.2738  loss_mask: 0.2787  loss_rpn_cls: 0.04564  loss_rpn_loc: 0.03174    time: 0.4741  last_time: 0.3365  data_time: 0.0725  last_data_time: 0.0801   lr: 0.0003389  max_mem: 8818M
[09/02 14:05:54 d2.utils.events]:  eta: 0:32:06  iter: 11579  total_loss: 0.9193  loss_cls: 0.24  loss_box_reg: 0.343  loss_mask: 0.2605  loss_rpn_cls: 0.04927  loss_rpn_loc: 0.0331    time: 0.4741  last_time: 0.7283  data_time: 0.0866  last_data_time: 0.1839   lr: 0.0003389  max_mem: 8818M
[09/02 14:06:02 d2.utils.events]:  eta: 0:31:56  iter: 11599  total_loss: 0.8543  loss_cls: 0.2118  loss_box_reg: 0.2958  loss_mask: 0.2516  loss_rpn_cls: 0.04003  loss_rpn_loc: 0.02978    time: 0.4740  last_time: 0.2980  data_time: 0.0613  last_data_time: 0.0370   lr: 0.0003389  max_mem: 8818M
[09/02 14:06:12 d2.utils.events]:  eta: 0:31:40  iter: 11619  total_loss: 0.9044  loss_cls: 0.2153  loss_box_reg: 0.3007  loss_mask: 0.2573  loss_rpn_cls: 0.04533  loss_rpn_loc: 0.02764    time: 0.4740  last_time: 0.4948  data_time: 0.0804  last_data_time: 0.0251   lr: 0.0003389  max_mem: 8818M
[09/02 14:06:21 d2.utils.events]:  eta: 0:31:34  iter: 11639  total_loss: 0.7967  loss_cls: 0.213  loss_box_reg: 0.2897  loss_mask: 0.2603  loss_rpn_cls: 0.04595  loss_rpn_loc: 0.03854    time: 0.4740  last_time: 0.4081  data_time: 0.0791  last_data_time: 0.1018   lr: 0.0003389  max_mem: 8818M
[09/02 14:06:30 d2.utils.events]:  eta: 0:31:22  iter: 11659  total_loss: 0.8143  loss_cls: 0.2006  loss_box_reg: 0.257  loss_mask: 0.2733  loss_rpn_cls: 0.04717  loss_rpn_loc: 0.02593    time: 0.4740  last_time: 0.6525  data_time: 0.0921  last_data_time: 0.1987   lr: 0.0003389  max_mem: 8818M
[09/02 14:06:40 d2.utils.events]:  eta: 0:31:05  iter: 11679  total_loss: 0.9269  loss_cls: 0.2392  loss_box_reg: 0.3402  loss_mask: 0.2573  loss_rpn_cls: 0.04698  loss_rpn_loc: 0.03603    time: 0.4740  last_time: 0.3851  data_time: 0.0675  last_data_time: 0.0351   lr: 0.0003389  max_mem: 8818M
[09/02 14:06:50 d2.utils.events]:  eta: 0:31:00  iter: 11699  total_loss: 0.8514  loss_cls: 0.2158  loss_box_reg: 0.2682  loss_mask: 0.2534  loss_rpn_cls: 0.05496  loss_rpn_loc: 0.0427    time: 0.4740  last_time: 0.7701  data_time: 0.0929  last_data_time: 0.2584   lr: 0.0003389  max_mem: 8818M
[09/02 14:06:59 d2.utils.events]:  eta: 0:30:48  iter: 11719  total_loss: 0.9692  loss_cls: 0.2523  loss_box_reg: 0.3536  loss_mask: 0.2826  loss_rpn_cls: 0.06308  loss_rpn_loc: 0.04685    time: 0.4740  last_time: 0.3884  data_time: 0.0586  last_data_time: 0.0318   lr: 0.0003389  max_mem: 8818M
[09/02 14:07:09 d2.utils.events]:  eta: 0:30:49  iter: 11739  total_loss: 0.9234  loss_cls: 0.2273  loss_box_reg: 0.3147  loss_mask: 0.2797  loss_rpn_cls: 0.05237  loss_rpn_loc: 0.03525    time: 0.4740  last_time: 0.3379  data_time: 0.0626  last_data_time: 0.0390   lr: 0.0003389  max_mem: 8818M
[09/02 14:07:18 d2.utils.events]:  eta: 0:30:30  iter: 11759  total_loss: 0.8594  loss_cls: 0.2011  loss_box_reg: 0.2962  loss_mask: 0.2753  loss_rpn_cls: 0.04558  loss_rpn_loc: 0.02715    time: 0.4740  last_time: 0.3870  data_time: 0.0600  last_data_time: 0.0650   lr: 0.0003389  max_mem: 8818M
[09/02 14:07:27 d2.utils.events]:  eta: 0:30:23  iter: 11779  total_loss: 0.8132  loss_cls: 0.1995  loss_box_reg: 0.2802  loss_mask: 0.2642  loss_rpn_cls: 0.04094  loss_rpn_loc: 0.03226    time: 0.4739  last_time: 0.3299  data_time: 0.0567  last_data_time: 0.0334   lr: 0.0003389  max_mem: 8818M
[09/02 14:07:36 d2.utils.events]:  eta: 0:30:12  iter: 11799  total_loss: 0.9538  loss_cls: 0.2351  loss_box_reg: 0.3471  loss_mask: 0.2846  loss_rpn_cls: 0.04317  loss_rpn_loc: 0.03318    time: 0.4739  last_time: 0.2614  data_time: 0.0578  last_data_time: 0.0181   lr: 0.0003389  max_mem: 8818M
[09/02 14:07:46 d2.utils.events]:  eta: 0:30:00  iter: 11819  total_loss: 0.8643  loss_cls: 0.2095  loss_box_reg: 0.2913  loss_mask: 0.2693  loss_rpn_cls: 0.04822  loss_rpn_loc: 0.0367    time: 0.4739  last_time: 0.3316  data_time: 0.0606  last_data_time: 0.0232   lr: 0.0003389  max_mem: 8818M
[09/02 14:07:55 d2.utils.events]:  eta: 0:29:55  iter: 11839  total_loss: 0.9335  loss_cls: 0.2318  loss_box_reg: 0.2992  loss_mask: 0.2709  loss_rpn_cls: 0.05785  loss_rpn_loc: 0.03755    time: 0.4739  last_time: 0.3974  data_time: 0.0611  last_data_time: 0.0504   lr: 0.0003389  max_mem: 8818M
[09/02 14:08:05 d2.utils.events]:  eta: 0:29:47  iter: 11859  total_loss: 0.8459  loss_cls: 0.1969  loss_box_reg: 0.2754  loss_mask: 0.2797  loss_rpn_cls: 0.03811  loss_rpn_loc: 0.02612    time: 0.4739  last_time: 0.3359  data_time: 0.0947  last_data_time: 0.0694   lr: 0.0003389  max_mem: 8818M
[09/02 14:08:14 d2.utils.events]:  eta: 0:29:35  iter: 11879  total_loss: 0.8095  loss_cls: 0.2108  loss_box_reg: 0.2754  loss_mask: 0.2735  loss_rpn_cls: 0.04065  loss_rpn_loc: 0.0268    time: 0.4739  last_time: 0.2483  data_time: 0.0803  last_data_time: 0.0134   lr: 0.0003389  max_mem: 8818M
[09/02 14:08:23 d2.utils.events]:  eta: 0:29:29  iter: 11899  total_loss: 0.8032  loss_cls: 0.2036  loss_box_reg: 0.2928  loss_mask: 0.2609  loss_rpn_cls: 0.03806  loss_rpn_loc: 0.02104    time: 0.4739  last_time: 0.6886  data_time: 0.0765  last_data_time: 0.0341   lr: 0.0003389  max_mem: 8818M
[09/02 14:08:32 d2.utils.events]:  eta: 0:29:17  iter: 11919  total_loss: 0.9512  loss_cls: 0.2306  loss_box_reg: 0.2953  loss_mask: 0.2678  loss_rpn_cls: 0.04515  loss_rpn_loc: 0.03174    time: 0.4738  last_time: 0.3142  data_time: 0.0807  last_data_time: 0.0185   lr: 0.0003389  max_mem: 8818M
[09/02 14:08:41 d2.utils.events]:  eta: 0:29:12  iter: 11939  total_loss: 0.8422  loss_cls: 0.2099  loss_box_reg: 0.2895  loss_mask: 0.2758  loss_rpn_cls: 0.04393  loss_rpn_loc: 0.02727    time: 0.4737  last_time: 0.4980  data_time: 0.0616  last_data_time: 0.0198   lr: 0.0003389  max_mem: 8818M
[09/02 14:08:50 d2.utils.events]:  eta: 0:29:04  iter: 11959  total_loss: 0.953  loss_cls: 0.2258  loss_box_reg: 0.3088  loss_mask: 0.2825  loss_rpn_cls: 0.05464  loss_rpn_loc: 0.02669    time: 0.4737  last_time: 0.3260  data_time: 0.0802  last_data_time: 0.0119   lr: 0.0003389  max_mem: 8818M
[09/02 14:08:59 d2.utils.events]:  eta: 0:28:59  iter: 11979  total_loss: 0.9236  loss_cls: 0.2181  loss_box_reg: 0.2634  loss_mask: 0.2828  loss_rpn_cls: 0.04959  loss_rpn_loc: 0.0361    time: 0.4737  last_time: 0.3398  data_time: 0.0566  last_data_time: 0.0735   lr: 0.0003389  max_mem: 8818M
[09/02 14:09:11 d2.data.datasets.coco]: Loaded 896 images in COCO format from /vol/data/val/coco.json
[09/02 14:09:11 d2.data.dataset_mapper]: [DatasetMapper] Augmentations used in inference: [ResizeShortestEdge(short_edge_length=(1000, 1000), max_size=1333, sample_style='choice')]
[09/02 14:09:11 d2.data.common]: Serializing the dataset using: <class 'detectron2.data.common._TorchSerializedList'>
[09/02 14:09:11 d2.data.common]: Serializing 896 elements to byte tensors and concatenating them all ...
[09/02 14:09:11 d2.data.common]: Serialized dataset takes 6.12 MiB
[09/02 14:09:11 d2.evaluation.evaluator]: Start inference on 896 batches
[09/02 14:09:21 d2.evaluation.evaluator]: Inference done 11/896. Dataloading: 0.0030 s/iter. Inference: 0.0666 s/iter. Eval: 0.6584 s/iter. Total: 0.7281 s/iter. ETA=0:10:44
[09/02 14:09:27 d2.evaluation.evaluator]: Inference done 21/896. Dataloading: 0.0023 s/iter. Inference: 0.0648 s/iter. Eval: 0.5810 s/iter. Total: 0.6485 s/iter. ETA=0:09:27
[09/02 14:09:33 d2.evaluation.evaluator]: Inference done 27/896. Dataloading: 0.0025 s/iter. Inference: 0.0661 s/iter. Eval: 0.6516 s/iter. Total: 0.7206 s/iter. ETA=0:10:26
[09/02 14:09:38 d2.evaluation.evaluator]: Inference done 36/896. Dataloading: 0.0025 s/iter. Inference: 0.0645 s/iter. Eval: 0.6063 s/iter. Total: 0.6735 s/iter. ETA=0:09:39
[09/02 14:09:43 d2.evaluation.evaluator]: Inference done 52/896. Dataloading: 0.0027 s/iter. Inference: 0.0619 s/iter. Eval: 0.4931 s/iter. Total: 0.5578 s/iter. ETA=0:07:50
[09/02 14:09:48 d2.evaluation.evaluator]: Inference done 76/896. Dataloading: 0.0029 s/iter. Inference: 0.0595 s/iter. Eval: 0.3782 s/iter. Total: 0.4407 s/iter. ETA=0:06:01
[09/02 14:09:54 d2.evaluation.evaluator]: Inference done 91/896. Dataloading: 0.0028 s/iter. Inference: 0.0588 s/iter. Eval: 0.3667 s/iter. Total: 0.4285 s/iter. ETA=0:05:44
[09/02 14:10:00 d2.evaluation.evaluator]: Inference done 101/896. Dataloading: 0.0028 s/iter. Inference: 0.0589 s/iter. Eval: 0.3796 s/iter. Total: 0.4415 s/iter. ETA=0:05:50
[09/02 14:10:05 d2.evaluation.evaluator]: Inference done 107/896. Dataloading: 0.0028 s/iter. Inference: 0.0593 s/iter. Eval: 0.4024 s/iter. Total: 0.4647 s/iter. ETA=0:06:06
[09/02 14:10:10 d2.evaluation.evaluator]: Inference done 114/896. Dataloading: 0.0028 s/iter. Inference: 0.0596 s/iter. Eval: 0.4230 s/iter. Total: 0.4856 s/iter. ETA=0:06:19
[09/02 14:10:15 d2.evaluation.evaluator]: Inference done 123/896. Dataloading: 0.0028 s/iter. Inference: 0.0594 s/iter. Eval: 0.4308 s/iter. Total: 0.4932 s/iter. ETA=0:06:21
[09/02 14:10:20 d2.evaluation.evaluator]: Inference done 129/896. Dataloading: 0.0028 s/iter. Inference: 0.0597 s/iter. Eval: 0.4473 s/iter. Total: 0.5099 s/iter. ETA=0:06:31
[09/02 14:10:25 d2.evaluation.evaluator]: Inference done 139/896. Dataloading: 0.0028 s/iter. Inference: 0.0596 s/iter. Eval: 0.4473 s/iter. Total: 0.5099 s/iter. ETA=0:06:25
[09/02 14:10:31 d2.evaluation.evaluator]: Inference done 152/896. Dataloading: 0.0028 s/iter. Inference: 0.0593 s/iter. Eval: 0.4381 s/iter. Total: 0.5003 s/iter. ETA=0:06:12
[09/02 14:10:36 d2.evaluation.evaluator]: Inference done 163/896. Dataloading: 0.0028 s/iter. Inference: 0.0592 s/iter. Eval: 0.4373 s/iter. Total: 0.4995 s/iter. ETA=0:06:06
[09/02 14:10:42 d2.evaluation.evaluator]: Inference done 183/896. Dataloading: 0.0028 s/iter. Inference: 0.0586 s/iter. Eval: 0.4178 s/iter. Total: 0.4794 s/iter. ETA=0:05:41
[09/02 14:10:48 d2.evaluation.evaluator]: Inference done 188/896. Dataloading: 0.0028 s/iter. Inference: 0.0590 s/iter. Eval: 0.4369 s/iter. Total: 0.4988 s/iter. ETA=0:05:53
[09/02 14:10:53 d2.evaluation.evaluator]: Inference done 197/896. Dataloading: 0.0028 s/iter. Inference: 0.0591 s/iter. Eval: 0.4395 s/iter. Total: 0.5015 s/iter. ETA=0:05:50
[09/02 14:10:59 d2.evaluation.evaluator]: Inference done 206/896. Dataloading: 0.0028 s/iter. Inference: 0.0592 s/iter. Eval: 0.4466 s/iter. Total: 0.5087 s/iter. ETA=0:05:51
[09/02 14:11:05 d2.evaluation.evaluator]: Inference done 211/896. Dataloading: 0.0028 s/iter. Inference: 0.0596 s/iter. Eval: 0.4606 s/iter. Total: 0.5231 s/iter. ETA=0:05:58
[09/02 14:11:10 d2.evaluation.evaluator]: Inference done 216/896. Dataloading: 0.0028 s/iter. Inference: 0.0600 s/iter. Eval: 0.4744 s/iter. Total: 0.5373 s/iter. ETA=0:06:05
[09/02 14:11:16 d2.evaluation.evaluator]: Inference done 234/896. Dataloading: 0.0028 s/iter. Inference: 0.0594 s/iter. Eval: 0.4547 s/iter. Total: 0.5170 s/iter. ETA=0:05:42
[09/02 14:11:21 d2.evaluation.evaluator]: Inference done 246/896. Dataloading: 0.0028 s/iter. Inference: 0.0593 s/iter. Eval: 0.4528 s/iter. Total: 0.5150 s/iter. ETA=0:05:34
[09/02 14:11:26 d2.evaluation.evaluator]: Inference done 252/896. Dataloading: 0.0028 s/iter. Inference: 0.0595 s/iter. Eval: 0.4610 s/iter. Total: 0.5233 s/iter. ETA=0:05:37
[09/02 14:11:32 d2.evaluation.evaluator]: Inference done 260/896. Dataloading: 0.0027 s/iter. Inference: 0.0597 s/iter. Eval: 0.4656 s/iter. Total: 0.5281 s/iter. ETA=0:05:35
[09/02 14:11:37 d2.evaluation.evaluator]: Inference done 265/896. Dataloading: 0.0027 s/iter. Inference: 0.0600 s/iter. Eval: 0.4745 s/iter. Total: 0.5373 s/iter. ETA=0:05:39
[09/02 14:11:42 d2.evaluation.evaluator]: Inference done 276/896. Dataloading: 0.0027 s/iter. Inference: 0.0599 s/iter. Eval: 0.4718 s/iter. Total: 0.5345 s/iter. ETA=0:05:31
[09/02 14:11:47 d2.evaluation.evaluator]: Inference done 283/896. Dataloading: 0.0027 s/iter. Inference: 0.0599 s/iter. Eval: 0.4769 s/iter. Total: 0.5397 s/iter. ETA=0:05:30
[09/02 14:11:52 d2.evaluation.evaluator]: Inference done 291/896. Dataloading: 0.0028 s/iter. Inference: 0.0600 s/iter. Eval: 0.4803 s/iter. Total: 0.5432 s/iter. ETA=0:05:28
[09/02 14:11:58 d2.evaluation.evaluator]: Inference done 305/896. Dataloading: 0.0028 s/iter. Inference: 0.0598 s/iter. Eval: 0.4724 s/iter. Total: 0.5351 s/iter. ETA=0:05:16
[09/02 14:12:03 d2.evaluation.evaluator]: Inference done 323/896. Dataloading: 0.0028 s/iter. Inference: 0.0594 s/iter. Eval: 0.4602 s/iter. Total: 0.5225 s/iter. ETA=0:04:59
[09/02 14:12:09 d2.evaluation.evaluator]: Inference done 332/896. Dataloading: 0.0027 s/iter. Inference: 0.0594 s/iter. Eval: 0.4623 s/iter. Total: 0.5246 s/iter. ETA=0:04:55
[09/02 14:12:14 d2.evaluation.evaluator]: Inference done 360/896. Dataloading: 0.0027 s/iter. Inference: 0.0587 s/iter. Eval: 0.4358 s/iter. Total: 0.4973 s/iter. ETA=0:04:26
[09/02 14:12:19 d2.evaluation.evaluator]: Inference done 372/896. Dataloading: 0.0027 s/iter. Inference: 0.0586 s/iter. Eval: 0.4339 s/iter. Total: 0.4954 s/iter. ETA=0:04:19
[09/02 14:12:24 d2.evaluation.evaluator]: Inference done 381/896. Dataloading: 0.0027 s/iter. Inference: 0.0586 s/iter. Eval: 0.4365 s/iter. Total: 0.4980 s/iter. ETA=0:04:16
[09/02 14:12:30 d2.evaluation.evaluator]: Inference done 389/896. Dataloading: 0.0027 s/iter. Inference: 0.0587 s/iter. Eval: 0.4395 s/iter. Total: 0.5011 s/iter. ETA=0:04:14
[09/02 14:12:35 d2.evaluation.evaluator]: Inference done 407/896. Dataloading: 0.0027 s/iter. Inference: 0.0585 s/iter. Eval: 0.4310 s/iter. Total: 0.4923 s/iter. ETA=0:04:00
[09/02 14:12:40 d2.evaluation.evaluator]: Inference done 413/896. Dataloading: 0.0027 s/iter. Inference: 0.0587 s/iter. Eval: 0.4365 s/iter. Total: 0.4980 s/iter. ETA=0:04:00
[09/02 14:12:45 d2.evaluation.evaluator]: Inference done 418/896. Dataloading: 0.0027 s/iter. Inference: 0.0588 s/iter. Eval: 0.4427 s/iter. Total: 0.5043 s/iter. ETA=0:04:01
[09/02 14:12:51 d2.evaluation.evaluator]: Inference done 423/896. Dataloading: 0.0027 s/iter. Inference: 0.0589 s/iter. Eval: 0.4506 s/iter. Total: 0.5123 s/iter. ETA=0:04:02
[09/02 14:12:57 d2.evaluation.evaluator]: Inference done 437/896. Dataloading: 0.0027 s/iter. Inference: 0.0588 s/iter. Eval: 0.4474 s/iter. Total: 0.5089 s/iter. ETA=0:03:53
[09/02 14:13:03 d2.evaluation.evaluator]: Inference done 444/896. Dataloading: 0.0027 s/iter. Inference: 0.0589 s/iter. Eval: 0.4524 s/iter. Total: 0.5141 s/iter. ETA=0:03:52
[09/02 14:13:08 d2.evaluation.evaluator]: Inference done 461/896. Dataloading: 0.0027 s/iter. Inference: 0.0586 s/iter. Eval: 0.4447 s/iter. Total: 0.5061 s/iter. ETA=0:03:40
[09/02 14:13:13 d2.evaluation.evaluator]: Inference done 469/896. Dataloading: 0.0027 s/iter. Inference: 0.0586 s/iter. Eval: 0.4471 s/iter. Total: 0.5085 s/iter. ETA=0:03:37
[09/02 14:13:19 d2.evaluation.evaluator]: Inference done 478/896. Dataloading: 0.0027 s/iter. Inference: 0.0586 s/iter. Eval: 0.4493 s/iter. Total: 0.5107 s/iter. ETA=0:03:33
[09/02 14:13:24 d2.evaluation.evaluator]: Inference done 493/896. Dataloading: 0.0026 s/iter. Inference: 0.0585 s/iter. Eval: 0.4456 s/iter. Total: 0.5069 s/iter. ETA=0:03:24
[09/02 14:13:30 d2.evaluation.evaluator]: Inference done 502/896. Dataloading: 0.0026 s/iter. Inference: 0.0586 s/iter. Eval: 0.4475 s/iter. Total: 0.5088 s/iter. ETA=0:03:20
[09/02 14:13:35 d2.evaluation.evaluator]: Inference done 517/896. Dataloading: 0.0026 s/iter. Inference: 0.0584 s/iter. Eval: 0.4425 s/iter. Total: 0.5037 s/iter. ETA=0:03:10
[09/02 14:13:40 d2.evaluation.evaluator]: Inference done 539/896. Dataloading: 0.0026 s/iter. Inference: 0.0582 s/iter. Eval: 0.4319 s/iter. Total: 0.4929 s/iter. ETA=0:02:55
[09/02 14:13:46 d2.evaluation.evaluator]: Inference done 553/896. Dataloading: 0.0026 s/iter. Inference: 0.0581 s/iter. Eval: 0.4293 s/iter. Total: 0.4902 s/iter. ETA=0:02:48
[09/02 14:13:51 d2.evaluation.evaluator]: Inference done 567/896. Dataloading: 0.0026 s/iter. Inference: 0.0581 s/iter. Eval: 0.4265 s/iter. Total: 0.4873 s/iter. ETA=0:02:40
[09/02 14:13:56 d2.evaluation.evaluator]: Inference done 574/896. Dataloading: 0.0026 s/iter. Inference: 0.0581 s/iter. Eval: 0.4300 s/iter. Total: 0.4908 s/iter. ETA=0:02:38
[09/02 14:14:01 d2.evaluation.evaluator]: Inference done 596/896. Dataloading: 0.0026 s/iter. Inference: 0.0579 s/iter. Eval: 0.4205 s/iter. Total: 0.4811 s/iter. ETA=0:02:24
[09/02 14:14:07 d2.evaluation.evaluator]: Inference done 609/896. Dataloading: 0.0026 s/iter. Inference: 0.0578 s/iter. Eval: 0.4187 s/iter. Total: 0.4793 s/iter. ETA=0:02:17
[09/02 14:14:13 d2.evaluation.evaluator]: Inference done 620/896. Dataloading: 0.0026 s/iter. Inference: 0.0578 s/iter. Eval: 0.4199 s/iter. Total: 0.4804 s/iter. ETA=0:02:12
[09/02 14:14:18 d2.evaluation.evaluator]: Inference done 624/896. Dataloading: 0.0026 s/iter. Inference: 0.0579 s/iter. Eval: 0.4257 s/iter. Total: 0.4863 s/iter. ETA=0:02:12
[09/02 14:14:24 d2.evaluation.evaluator]: Inference done 630/896. Dataloading: 0.0026 s/iter. Inference: 0.0580 s/iter. Eval: 0.4297 s/iter. Total: 0.4905 s/iter. ETA=0:02:10
[09/02 14:14:29 d2.evaluation.evaluator]: Inference done 637/896. Dataloading: 0.0026 s/iter. Inference: 0.0581 s/iter. Eval: 0.4331 s/iter. Total: 0.4939 s/iter. ETA=0:02:07
[09/02 14:14:35 d2.evaluation.evaluator]: Inference done 650/896. Dataloading: 0.0026 s/iter. Inference: 0.0580 s/iter. Eval: 0.4314 s/iter. Total: 0.4922 s/iter. ETA=0:02:01
[09/02 14:14:40 d2.evaluation.evaluator]: Inference done 661/896. Dataloading: 0.0026 s/iter. Inference: 0.0580 s/iter. Eval: 0.4309 s/iter. Total: 0.4917 s/iter. ETA=0:01:55
[09/02 14:14:45 d2.evaluation.evaluator]: Inference done 683/896. Dataloading: 0.0026 s/iter. Inference: 0.0578 s/iter. Eval: 0.4234 s/iter. Total: 0.4839 s/iter. ETA=0:01:43
[09/02 14:14:50 d2.evaluation.evaluator]: Inference done 694/896. Dataloading: 0.0026 s/iter. Inference: 0.0578 s/iter. Eval: 0.4230 s/iter. Total: 0.4835 s/iter. ETA=0:01:37
[09/02 14:14:55 d2.evaluation.evaluator]: Inference done 703/896. Dataloading: 0.0026 s/iter. Inference: 0.0578 s/iter. Eval: 0.4241 s/iter. Total: 0.4846 s/iter. ETA=0:01:33
[09/02 14:15:01 d2.evaluation.evaluator]: Inference done 712/896. Dataloading: 0.0026 s/iter. Inference: 0.0578 s/iter. Eval: 0.4255 s/iter. Total: 0.4860 s/iter. ETA=0:01:29
[09/02 14:15:06 d2.evaluation.evaluator]: Inference done 721/896. Dataloading: 0.0026 s/iter. Inference: 0.0578 s/iter. Eval: 0.4268 s/iter. Total: 0.4873 s/iter. ETA=0:01:25
[09/02 14:15:12 d2.evaluation.evaluator]: Inference done 731/896. Dataloading: 0.0026 s/iter. Inference: 0.0578 s/iter. Eval: 0.4276 s/iter. Total: 0.4882 s/iter. ETA=0:01:20
[09/02 14:15:17 d2.evaluation.evaluator]: Inference done 737/896. Dataloading: 0.0026 s/iter. Inference: 0.0579 s/iter. Eval: 0.4306 s/iter. Total: 0.4912 s/iter. ETA=0:01:18
[09/02 14:15:22 d2.evaluation.evaluator]: Inference done 747/896. Dataloading: 0.0026 s/iter. Inference: 0.0579 s/iter. Eval: 0.4310 s/iter. Total: 0.4916 s/iter. ETA=0:01:13
[09/02 14:15:27 d2.evaluation.evaluator]: Inference done 759/896. Dataloading: 0.0026 s/iter. Inference: 0.0579 s/iter. Eval: 0.4300 s/iter. Total: 0.4906 s/iter. ETA=0:01:07
[09/02 14:15:33 d2.evaluation.evaluator]: Inference done 771/896. Dataloading: 0.0026 s/iter. Inference: 0.0579 s/iter. Eval: 0.4296 s/iter. Total: 0.4902 s/iter. ETA=0:01:01
[09/02 14:15:38 d2.evaluation.evaluator]: Inference done 776/896. Dataloading: 0.0026 s/iter. Inference: 0.0580 s/iter. Eval: 0.4338 s/iter. Total: 0.4945 s/iter. ETA=0:00:59
[09/02 14:15:44 d2.evaluation.evaluator]: Inference done 781/896. Dataloading: 0.0026 s/iter. Inference: 0.0581 s/iter. Eval: 0.4374 s/iter. Total: 0.4982 s/iter. ETA=0:00:57
[09/02 14:15:49 d2.evaluation.evaluator]: Inference done 788/896. Dataloading: 0.0026 s/iter. Inference: 0.0581 s/iter. Eval: 0.4395 s/iter. Total: 0.5003 s/iter. ETA=0:00:54
[09/02 14:15:55 d2.evaluation.evaluator]: Inference done 794/896. Dataloading: 0.0026 s/iter. Inference: 0.0582 s/iter. Eval: 0.4434 s/iter. Total: 0.5043 s/iter. ETA=0:00:51
[09/02 14:16:00 d2.evaluation.evaluator]: Inference done 803/896. Dataloading: 0.0026 s/iter. Inference: 0.0582 s/iter. Eval: 0.4440 s/iter. Total: 0.5049 s/iter. ETA=0:00:46
[09/02 14:16:06 d2.evaluation.evaluator]: Inference done 816/896. Dataloading: 0.0026 s/iter. Inference: 0.0582 s/iter. Eval: 0.4434 s/iter. Total: 0.5043 s/iter. ETA=0:00:40
[09/02 14:16:12 d2.evaluation.evaluator]: Inference done 822/896. Dataloading: 0.0026 s/iter. Inference: 0.0582 s/iter. Eval: 0.4466 s/iter. Total: 0.5075 s/iter. ETA=0:00:37
[09/02 14:16:17 d2.evaluation.evaluator]: Inference done 848/896. Dataloading: 0.0026 s/iter. Inference: 0.0580 s/iter. Eval: 0.4374 s/iter. Total: 0.4981 s/iter. ETA=0:00:23
[09/02 14:16:22 d2.evaluation.evaluator]: Inference done 855/896. Dataloading: 0.0026 s/iter. Inference: 0.0580 s/iter. Eval: 0.4393 s/iter. Total: 0.5001 s/iter. ETA=0:00:20
[09/02 14:16:28 d2.evaluation.evaluator]: Inference done 863/896. Dataloading: 0.0026 s/iter. Inference: 0.0581 s/iter. Eval: 0.4409 s/iter. Total: 0.5017 s/iter. ETA=0:00:16
[09/02 14:16:33 d2.evaluation.evaluator]: Inference done 871/896. Dataloading: 0.0026 s/iter. Inference: 0.0581 s/iter. Eval: 0.4423 s/iter. Total: 0.5032 s/iter. ETA=0:00:12
[09/02 14:16:38 d2.evaluation.evaluator]: Inference done 880/896. Dataloading: 0.0026 s/iter. Inference: 0.0581 s/iter. Eval: 0.4431 s/iter. Total: 0.5040 s/iter. ETA=0:00:08
[09/02 14:16:43 d2.evaluation.evaluator]: Inference done 891/896. Dataloading: 0.0026 s/iter. Inference: 0.0581 s/iter. Eval: 0.4427 s/iter. Total: 0.5035 s/iter. ETA=0:00:02
[09/02 14:16:45 d2.evaluation.evaluator]: Total inference time: 0:07:27.754296 (0.502530 s / iter per device, on 1 devices)
[09/02 14:16:45 d2.evaluation.evaluator]: Total inference pure compute time: 0:00:51 (0.058082 s / iter per device, on 1 devices)
[09/02 14:16:46 d2.evaluation.coco_evaluation]: Preparing results for COCO format ...
[09/02 14:16:46 d2.evaluation.coco_evaluation]: Saving results to /vol/out/train_s0v2/coco_instances_results.json
[09/02 14:16:46 d2.evaluation.coco_evaluation]: Evaluating predictions with unofficial COCO API...
Loading and preparing results...
DONE (t=0.08s)
creating index...
index created!
[09/02 14:16:47 d2.evaluation.fast_eval_api]: Evaluate annotation type *bbox*
[09/02 14:16:47 d2.evaluation.fast_eval_api]: COCOeval_opt.evaluate() finished in 0.72 seconds.
[09/02 14:16:47 d2.evaluation.fast_eval_api]: Accumulating evaluation results...
[09/02 14:16:47 d2.evaluation.fast_eval_api]: COCOeval_opt.accumulate() finished in 0.10 seconds.
 Average Precision  (AP) @[ IoU=0.50:0.95 | area=   all | maxDets=100 ] = 0.125
 Average Precision  (AP) @[ IoU=0.50      | area=   all | maxDets=100 ] = 0.483
 Average Precision  (AP) @[ IoU=0.75      | area=   all | maxDets=100 ] = 0.015
 Average Precision  (AP) @[ IoU=0.50:0.95 | area= small | maxDets=100 ] = 0.107
 Average Precision  (AP) @[ IoU=0.50:0.95 | area=medium | maxDets=100 ] = 0.154
 Average Precision  (AP) @[ IoU=0.50:0.95 | area= large | maxDets=100 ] = 0.129
 Average Recall     (AR) @[ IoU=0.50:0.95 | area=   all | maxDets=  1 ] = 0.011
 Average Recall     (AR) @[ IoU=0.50:0.95 | area=   all | maxDets= 10 ] = 0.082
 Average Recall     (AR) @[ IoU=0.50:0.95 | area=   all | maxDets=100 ] = 0.254
 Average Recall     (AR) @[ IoU=0.50:0.95 | area= small | maxDets=100 ] = 0.203
 Average Recall     (AR) @[ IoU=0.50:0.95 | area=medium | maxDets=100 ] = 0.292
 Average Recall     (AR) @[ IoU=0.50:0.95 | area= large | maxDets=100 ] = 0.377
[09/02 14:16:47 d2.evaluation.coco_evaluation]: Evaluation results for bbox: 
|   AP   |  AP50  |  AP75  |  APs   |  APm   |  APl   |
|:------:|:------:|:------:|:------:|:------:|:------:|
| 12.501 | 48.271 | 1.471  | 10.720 | 15.399 | 12.919 |
Loading and preparing results...
DONE (t=0.61s)
creating index...
index created!
[09/02 14:16:50 d2.evaluation.fast_eval_api]: Evaluate annotation type *segm*
[09/02 14:16:51 d2.evaluation.fast_eval_api]: COCOeval_opt.evaluate() finished in 0.93 seconds.
[09/02 14:16:51 d2.evaluation.fast_eval_api]: Accumulating evaluation results...
[09/02 14:16:51 d2.evaluation.fast_eval_api]: COCOeval_opt.accumulate() finished in 0.09 seconds.
 Average Precision  (AP) @[ IoU=0.50:0.95 | area=   all | maxDets=100 ] = 0.335
 Average Precision  (AP) @[ IoU=0.50      | area=   all | maxDets=100 ] = 0.627
 Average Precision  (AP) @[ IoU=0.75      | area=   all | maxDets=100 ] = 0.328
 Average Precision  (AP) @[ IoU=0.50:0.95 | area= small | maxDets=100 ] = 0.202
 Average Precision  (AP) @[ IoU=0.50:0.95 | area=medium | maxDets=100 ] = 0.445
 Average Precision  (AP) @[ IoU=0.50:0.95 | area= large | maxDets=100 ] = 0.545
 Average Recall     (AR) @[ IoU=0.50:0.95 | area=   all | maxDets=  1 ] = 0.029
 Average Recall     (AR) @[ IoU=0.50:0.95 | area=   all | maxDets= 10 ] = 0.178
 Average Recall     (AR) @[ IoU=0.50:0.95 | area=   all | maxDets=100 ] = 0.456
 Average Recall     (AR) @[ IoU=0.50:0.95 | area= small | maxDets=100 ] = 0.345
 Average Recall     (AR) @[ IoU=0.50:0.95 | area=medium | maxDets=100 ] = 0.547
 Average Recall     (AR) @[ IoU=0.50:0.95 | area= large | maxDets=100 ] = 0.643
[09/02 14:16:51 d2.evaluation.coco_evaluation]: Evaluation results for segm: 
|   AP   |  AP50  |  AP75  |  APs   |  APm   |  APl   |
|:------:|:------:|:------:|:------:|:------:|:------:|
| 33.521 | 62.727 | 32.797 | 20.169 | 44.500 | 54.545 |
[09/02 14:16:51 d2.engine.defaults]: Evaluation results for trees_valv2 in csv format:
[09/02 14:16:51 d2.evaluation.testing]: copypaste: Task: bbox
[09/02 14:16:51 d2.evaluation.testing]: copypaste: AP,AP50,AP75,APs,APm,APl
[09/02 14:16:51 d2.evaluation.testing]: copypaste: 12.5009,48.2710,1.4710,10.7196,15.3995,12.9187
[09/02 14:16:51 d2.evaluation.testing]: copypaste: Task: segm
[09/02 14:16:51 d2.evaluation.testing]: copypaste: AP,AP50,AP75,APs,APm,APl
[09/02 14:16:51 d2.evaluation.testing]: copypaste: 33.5205,62.7274,32.7966,20.1687,44.5000,54.5447
[eval] iter 12000 segm AP50=62.727 (best 63.827)
[09/02 14:16:51 d2.utils.events]:  eta: 0:29:00  iter: 11999  total_loss: 0.8839  loss_cls: 0.2223  loss_box_reg: 0.3124  loss_mask: 0.2725  loss_rpn_cls: 0.0547  loss_rpn_loc: 0.0537    time: 0.4737  last_time: 0.7809  data_time: 0.0739  last_data_time: 0.2149   lr: 0.0003389  max_mem: 8818M
[commit] volume committed @ iter 12000
[09/02 14:17:03 d2.utils.events]:  eta: 0:28:55  iter: 12019  total_loss: 0.9159  loss_cls: 0.2265  loss_box_reg: 0.3331  loss_mask: 0.2935  loss_rpn_cls: 0.05456  loss_rpn_loc: 0.03526    time: 0.4737  last_time: 0.4080  data_time: 0.0656  last_data_time: 0.0795   lr: 0.0003389  max_mem: 8818M
[09/02 14:17:13 d2.utils.events]:  eta: 0:28:47  iter: 12039  total_loss: 0.9335  loss_cls: 0.2263  loss_box_reg: 0.3091  loss_mask: 0.2624  loss_rpn_cls: 0.05146  loss_rpn_loc: 0.04133    time: 0.4737  last_time: 0.4812  data_time: 0.0490  last_data_time: 0.0165   lr: 0.0003389  max_mem: 8818M
[09/02 14:17:23 d2.utils.events]:  eta: 0:28:38  iter: 12059  total_loss: 0.9713  loss_cls: 0.2356  loss_box_reg: 0.3036  loss_mask: 0.2551  loss_rpn_cls: 0.06039  loss_rpn_loc: 0.04449    time: 0.4738  last_time: 0.5920  data_time: 0.0953  last_data_time: 0.0473   lr: 0.0003389  max_mem: 8818M
[09/02 14:17:31 d2.utils.events]:  eta: 0:28:38  iter: 12079  total_loss: 0.8564  loss_cls: 0.2283  loss_box_reg: 0.2763  loss_mask: 0.2662  loss_rpn_cls: 0.05447  loss_rpn_loc: 0.02976    time: 0.4737  last_time: 0.4940  data_time: 0.0576  last_data_time: 0.0799   lr: 0.0003389  max_mem: 8818M
[09/02 14:17:41 d2.utils.events]:  eta: 0:28:30  iter: 12099  total_loss: 0.9366  loss_cls: 0.2411  loss_box_reg: 0.3521  loss_mask: 0.2725  loss_rpn_cls: 0.05571  loss_rpn_loc: 0.03796    time: 0.4737  last_time: 0.3584  data_time: 0.0741  last_data_time: 0.0422   lr: 0.0003389  max_mem: 8818M
[09/02 14:17:51 d2.utils.events]:  eta: 0:28:21  iter: 12119  total_loss: 0.8788  loss_cls: 0.2217  loss_box_reg: 0.2802  loss_mask: 0.2893  loss_rpn_cls: 0.04706  loss_rpn_loc: 0.03458    time: 0.4737  last_time: 0.6289  data_time: 0.1000  last_data_time: 0.0991   lr: 0.0003389  max_mem: 8818M
[09/02 14:17:59 d2.utils.events]:  eta: 0:28:05  iter: 12139  total_loss: 0.8642  loss_cls: 0.197  loss_box_reg: 0.3119  loss_mask: 0.271  loss_rpn_cls: 0.04653  loss_rpn_loc: 0.02917    time: 0.4736  last_time: 0.4033  data_time: 0.0598  last_data_time: 0.0625   lr: 0.0003389  max_mem: 8818M
[09/02 14:18:09 d2.utils.events]:  eta: 0:28:07  iter: 12159  total_loss: 0.9635  loss_cls: 0.2121  loss_box_reg: 0.34  loss_mask: 0.2971  loss_rpn_cls: 0.05108  loss_rpn_loc: 0.06754    time: 0.4737  last_time: 0.4979  data_time: 0.0879  last_data_time: 0.0816   lr: 0.0003389  max_mem: 8818M
[09/02 14:18:19 d2.utils.events]:  eta: 0:27:55  iter: 12179  total_loss: 0.901  loss_cls: 0.2179  loss_box_reg: 0.3191  loss_mask: 0.2624  loss_rpn_cls: 0.05567  loss_rpn_loc: 0.03658    time: 0.4737  last_time: 0.3387  data_time: 0.0650  last_data_time: 0.0165   lr: 0.0003389  max_mem: 8818M
[09/02 14:18:28 d2.utils.events]:  eta: 0:27:49  iter: 12199  total_loss: 0.8561  loss_cls: 0.2012  loss_box_reg: 0.3036  loss_mask: 0.2701  loss_rpn_cls: 0.042  loss_rpn_loc: 0.02446    time: 0.4737  last_time: 0.4376  data_time: 0.0831  last_data_time: 0.0785   lr: 0.0003389  max_mem: 8818M
[09/02 14:18:38 d2.utils.events]:  eta: 0:27:39  iter: 12219  total_loss: 0.8592  loss_cls: 0.2209  loss_box_reg: 0.3049  loss_mask: 0.2685  loss_rpn_cls: 0.04067  loss_rpn_loc: 0.0236    time: 0.4737  last_time: 0.3615  data_time: 0.1526  last_data_time: 0.0340   lr: 0.0003389  max_mem: 8818M
[09/02 14:18:48 d2.utils.events]:  eta: 0:27:31  iter: 12239  total_loss: 0.8791  loss_cls: 0.2368  loss_box_reg: 0.3039  loss_mask: 0.2761  loss_rpn_cls: 0.05405  loss_rpn_loc: 0.04196    time: 0.4737  last_time: 0.5125  data_time: 0.0734  last_data_time: 0.0467   lr: 0.0003389  max_mem: 8818M
[09/02 14:18:57 d2.utils.events]:  eta: 0:27:23  iter: 12259  total_loss: 0.9767  loss_cls: 0.2382  loss_box_reg: 0.3463  loss_mask: 0.2751  loss_rpn_cls: 0.05241  loss_rpn_loc: 0.04276    time: 0.4737  last_time: 0.3908  data_time: 0.0668  last_data_time: 0.0662   lr: 0.0003389  max_mem: 8818M
[09/02 14:19:05 d2.utils.events]:  eta: 0:27:14  iter: 12279  total_loss: 0.7922  loss_cls: 0.1887  loss_box_reg: 0.2547  loss_mask: 0.2646  loss_rpn_cls: 0.04806  loss_rpn_loc: 0.02598    time: 0.4736  last_time: 0.3513  data_time: 0.0463  last_data_time: 0.0709   lr: 0.0003389  max_mem: 8818M
[09/02 14:19:14 d2.utils.events]:  eta: 0:27:05  iter: 12299  total_loss: 0.7918  loss_cls: 0.1884  loss_box_reg: 0.2831  loss_mask: 0.2597  loss_rpn_cls: 0.03582  loss_rpn_loc: 0.02449    time: 0.4736  last_time: 0.3774  data_time: 0.0558  last_data_time: 0.0424   lr: 0.0003389  max_mem: 8818M
[09/02 14:19:22 d2.utils.events]:  eta: 0:26:45  iter: 12319  total_loss: 0.8833  loss_cls: 0.2371  loss_box_reg: 0.2963  loss_mask: 0.2767  loss_rpn_cls: 0.04179  loss_rpn_loc: 0.02208    time: 0.4734  last_time: 0.4038  data_time: 0.0608  last_data_time: 0.0547   lr: 0.0003389  max_mem: 8818M
[09/02 14:19:30 d2.utils.events]:  eta: 0:26:26  iter: 12339  total_loss: 0.8072  loss_cls: 0.2064  loss_box_reg: 0.2708  loss_mask: 0.2664  loss_rpn_cls: 0.03832  loss_rpn_loc: 0.0239    time: 0.4733  last_time: 0.3536  data_time: 0.0579  last_data_time: 0.0404   lr: 0.0003389  max_mem: 8818M
[09/02 14:19:39 d2.utils.events]:  eta: 0:26:14  iter: 12359  total_loss: 0.7818  loss_cls: 0.1913  loss_box_reg: 0.2735  loss_mask: 0.2659  loss_rpn_cls: 0.03161  loss_rpn_loc: 0.02213    time: 0.4733  last_time: 0.5824  data_time: 0.0806  last_data_time: 0.2149   lr: 0.0003389  max_mem: 8818M
[09/02 14:19:48 d2.utils.events]:  eta: 0:26:09  iter: 12379  total_loss: 0.903  loss_cls: 0.2011  loss_box_reg: 0.2849  loss_mask: 0.2822  loss_rpn_cls: 0.04993  loss_rpn_loc: 0.0373    time: 0.4733  last_time: 0.6480  data_time: 0.0788  last_data_time: 0.2486   lr: 0.0003389  max_mem: 8818M
[09/02 14:19:58 d2.utils.events]:  eta: 0:26:00  iter: 12399  total_loss: 0.8589  loss_cls: 0.2123  loss_box_reg: 0.2995  loss_mask: 0.2863  loss_rpn_cls: 0.04875  loss_rpn_loc: 0.03506    time: 0.4733  last_time: 0.5590  data_time: 0.0552  last_data_time: 0.0562   lr: 0.0003389  max_mem: 8818M
[09/02 14:20:07 d2.utils.events]:  eta: 0:25:51  iter: 12419  total_loss: 0.9733  loss_cls: 0.2406  loss_box_reg: 0.3415  loss_mask: 0.2639  loss_rpn_cls: 0.04787  loss_rpn_loc: 0.04095    time: 0.4733  last_time: 0.3789  data_time: 0.0722  last_data_time: 0.0333   lr: 0.0003389  max_mem: 8818M
[09/02 14:20:16 d2.utils.events]:  eta: 0:25:42  iter: 12439  total_loss: 0.8721  loss_cls: 0.2148  loss_box_reg: 0.3041  loss_mask: 0.246  loss_rpn_cls: 0.03868  loss_rpn_loc: 0.02831    time: 0.4732  last_time: 0.7530  data_time: 0.0685  last_data_time: 0.3421   lr: 0.0003389  max_mem: 8818M
[09/02 14:20:26 d2.utils.events]:  eta: 0:25:33  iter: 12459  total_loss: 0.8683  loss_cls: 0.2166  loss_box_reg: 0.3169  loss_mask: 0.2742  loss_rpn_cls: 0.04677  loss_rpn_loc: 0.03378    time: 0.4732  last_time: 0.4261  data_time: 0.0793  last_data_time: 0.0387   lr: 0.0003389  max_mem: 8818M
[09/02 14:20:34 d2.utils.events]:  eta: 0:25:21  iter: 12479  total_loss: 0.7865  loss_cls: 0.1864  loss_box_reg: 0.2479  loss_mask: 0.2714  loss_rpn_cls: 0.04026  loss_rpn_loc: 0.02338    time: 0.4732  last_time: 0.3490  data_time: 0.0562  last_data_time: 0.0254   lr: 0.0003389  max_mem: 8818M
[09/02 14:20:45 d2.utils.events]:  eta: 0:25:13  iter: 12499  total_loss: 0.9065  loss_cls: 0.2148  loss_box_reg: 0.3225  loss_mask: 0.2846  loss_rpn_cls: 0.04286  loss_rpn_loc: 0.03406    time: 0.4732  last_time: 0.7625  data_time: 0.0671  last_data_time: 0.0939   lr: 0.0003389  max_mem: 8818M
[09/02 14:20:56 d2.utils.events]:  eta: 0:24:56  iter: 12519  total_loss: 0.9115  loss_cls: 0.2279  loss_box_reg: 0.3204  loss_mask: 0.2639  loss_rpn_cls: 0.05026  loss_rpn_loc: 0.04489    time: 0.4733  last_time: 0.7507  data_time: 0.1167  last_data_time: 0.1090   lr: 0.0003389  max_mem: 8818M
[09/02 14:21:05 d2.utils.events]:  eta: 0:24:49  iter: 12539  total_loss: 0.9213  loss_cls: 0.2187  loss_box_reg: 0.3282  loss_mask: 0.2882  loss_rpn_cls: 0.04008  loss_rpn_loc: 0.04008    time: 0.4733  last_time: 0.3483  data_time: 0.0576  last_data_time: 0.0113   lr: 0.0003389  max_mem: 8818M
[09/02 14:21:16 d2.utils.events]:  eta: 0:24:45  iter: 12559  total_loss: 0.9339  loss_cls: 0.2196  loss_box_reg: 0.3153  loss_mask: 0.2691  loss_rpn_cls: 0.05957  loss_rpn_loc: 0.04859    time: 0.4734  last_time: 0.5986  data_time: 0.0587  last_data_time: 0.0482   lr: 0.0003389  max_mem: 8818M
[09/02 14:21:26 d2.utils.events]:  eta: 0:24:38  iter: 12579  total_loss: 0.8772  loss_cls: 0.2159  loss_box_reg: 0.3  loss_mask: 0.2691  loss_rpn_cls: 0.04716  loss_rpn_loc: 0.04699    time: 0.4735  last_time: 0.5265  data_time: 0.0633  last_data_time: 0.0973   lr: 0.0003389  max_mem: 8818M
[09/02 14:21:35 d2.utils.events]:  eta: 0:24:31  iter: 12599  total_loss: 0.9117  loss_cls: 0.2139  loss_box_reg: 0.3212  loss_mask: 0.2618  loss_rpn_cls: 0.04133  loss_rpn_loc: 0.03592    time: 0.4735  last_time: 0.2932  data_time: 0.0664  last_data_time: 0.0176   lr: 0.0003389  max_mem: 8818M
[09/02 14:21:44 d2.utils.events]:  eta: 0:24:23  iter: 12619  total_loss: 0.8953  loss_cls: 0.2328  loss_box_reg: 0.2862  loss_mask: 0.26  loss_rpn_cls: 0.0518  loss_rpn_loc: 0.03282    time: 0.4734  last_time: 0.4439  data_time: 0.0668  last_data_time: 0.0864   lr: 0.0003389  max_mem: 8818M
[09/02 14:21:54 d2.utils.events]:  eta: 0:24:16  iter: 12639  total_loss: 0.8979  loss_cls: 0.2048  loss_box_reg: 0.2904  loss_mask: 0.2658  loss_rpn_cls: 0.04963  loss_rpn_loc: 0.03667    time: 0.4735  last_time: 0.6754  data_time: 0.0634  last_data_time: 0.1407   lr: 0.0003389  max_mem: 8818M
[09/02 14:22:04 d2.utils.events]:  eta: 0:24:08  iter: 12659  total_loss: 0.8706  loss_cls: 0.2  loss_box_reg: 0.2788  loss_mask: 0.282  loss_rpn_cls: 0.04966  loss_rpn_loc: 0.04765    time: 0.4735  last_time: 0.4890  data_time: 0.0626  last_data_time: 0.0381   lr: 0.0003389  max_mem: 8818M
[09/02 14:22:12 d2.utils.events]:  eta: 0:24:00  iter: 12679  total_loss: 0.9244  loss_cls: 0.2347  loss_box_reg: 0.319  loss_mask: 0.2769  loss_rpn_cls: 0.0402  loss_rpn_loc: 0.02247    time: 0.4734  last_time: 0.2706  data_time: 0.0626  last_data_time: 0.0290   lr: 0.0003389  max_mem: 8818M
[09/02 14:22:23 d2.utils.events]:  eta: 0:23:51  iter: 12699  total_loss: 0.9514  loss_cls: 0.2353  loss_box_reg: 0.313  loss_mask: 0.2631  loss_rpn_cls: 0.06007  loss_rpn_loc: 0.04089    time: 0.4735  last_time: 0.5364  data_time: 0.0838  last_data_time: 0.0604   lr: 0.0003389  max_mem: 8818M
[09/02 14:22:32 d2.utils.events]:  eta: 0:23:43  iter: 12719  total_loss: 0.8496  loss_cls: 0.21  loss_box_reg: 0.2417  loss_mask: 0.2871  loss_rpn_cls: 0.05684  loss_rpn_loc: 0.05038    time: 0.4734  last_time: 0.4459  data_time: 0.0816  last_data_time: 0.0457   lr: 0.0003389  max_mem: 8818M
[09/02 14:22:43 d2.utils.events]:  eta: 0:23:34  iter: 12739  total_loss: 0.9213  loss_cls: 0.2068  loss_box_reg: 0.2925  loss_mask: 0.2667  loss_rpn_cls: 0.05098  loss_rpn_loc: 0.04467    time: 0.4735  last_time: 0.4536  data_time: 0.1131  last_data_time: 0.0139   lr: 0.0003389  max_mem: 8818M
[09/02 14:22:52 d2.utils.events]:  eta: 0:23:25  iter: 12759  total_loss: 0.8739  loss_cls: 0.2104  loss_box_reg: 0.2913  loss_mask: 0.2684  loss_rpn_cls: 0.04814  loss_rpn_loc: 0.0355    time: 0.4735  last_time: 0.3223  data_time: 0.0870  last_data_time: 0.0398   lr: 0.0003389  max_mem: 8818M
[09/02 14:23:01 d2.utils.events]:  eta: 0:23:16  iter: 12779  total_loss: 0.8633  loss_cls: 0.2211  loss_box_reg: 0.2869  loss_mask: 0.2725  loss_rpn_cls: 0.04201  loss_rpn_loc: 0.03331    time: 0.4735  last_time: 0.3291  data_time: 0.0666  last_data_time: 0.0300   lr: 0.0003389  max_mem: 8818M
[09/02 14:23:10 d2.utils.events]:  eta: 0:23:07  iter: 12799  total_loss: 0.856  loss_cls: 0.229  loss_box_reg: 0.308  loss_mask: 0.2556  loss_rpn_cls: 0.04842  loss_rpn_loc: 0.02705    time: 0.4735  last_time: 0.4241  data_time: 0.0757  last_data_time: 0.0482   lr: 0.0003389  max_mem: 8818M
[09/02 14:23:21 d2.utils.events]:  eta: 0:22:58  iter: 12819  total_loss: 0.8898  loss_cls: 0.2233  loss_box_reg: 0.302  loss_mask: 0.2766  loss_rpn_cls: 0.04968  loss_rpn_loc: 0.04211    time: 0.4736  last_time: 0.4158  data_time: 0.1335  last_data_time: 0.0196   lr: 0.0003389  max_mem: 8818M
[09/02 14:23:30 d2.utils.events]:  eta: 0:22:50  iter: 12839  total_loss: 0.8207  loss_cls: 0.2084  loss_box_reg: 0.2946  loss_mask: 0.2637  loss_rpn_cls: 0.04548  loss_rpn_loc: 0.02932    time: 0.4736  last_time: 0.2796  data_time: 0.0638  last_data_time: 0.0443   lr: 0.0003389  max_mem: 8818M
[09/02 14:23:41 d2.utils.events]:  eta: 0:22:47  iter: 12859  total_loss: 0.9878  loss_cls: 0.2575  loss_box_reg: 0.3575  loss_mask: 0.2716  loss_rpn_cls: 0.06291  loss_rpn_loc: 0.04273    time: 0.4736  last_time: 0.6729  data_time: 0.0769  last_data_time: 0.0515   lr: 0.0003389  max_mem: 8818M
[09/02 14:23:51 d2.utils.events]:  eta: 0:22:40  iter: 12879  total_loss: 0.8977  loss_cls: 0.2403  loss_box_reg: 0.3271  loss_mask: 0.275  loss_rpn_cls: 0.04506  loss_rpn_loc: 0.02585    time: 0.4737  last_time: 0.4405  data_time: 0.0839  last_data_time: 0.0308   lr: 0.0003389  max_mem: 8818M
[09/02 14:24:00 d2.utils.events]:  eta: 0:22:30  iter: 12899  total_loss: 0.8516  loss_cls: 0.2134  loss_box_reg: 0.3188  loss_mask: 0.2689  loss_rpn_cls: 0.03789  loss_rpn_loc: 0.02843    time: 0.4737  last_time: 0.4600  data_time: 0.0813  last_data_time: 0.0576   lr: 0.0003389  max_mem: 8818M
[09/02 14:24:10 d2.utils.events]:  eta: 0:22:18  iter: 12919  total_loss: 0.8631  loss_cls: 0.2057  loss_box_reg: 0.2756  loss_mask: 0.2739  loss_rpn_cls: 0.04993  loss_rpn_loc: 0.03708    time: 0.4737  last_time: 0.4086  data_time: 0.0770  last_data_time: 0.0119   lr: 0.0003389  max_mem: 8818M
[09/02 14:24:20 d2.utils.events]:  eta: 0:22:10  iter: 12939  total_loss: 0.9841  loss_cls: 0.2417  loss_box_reg: 0.3173  loss_mask: 0.2649  loss_rpn_cls: 0.0623  loss_rpn_loc: 0.06753    time: 0.4737  last_time: 0.5689  data_time: 0.0731  last_data_time: 0.0589   lr: 0.0003389  max_mem: 8818M
[09/02 14:24:29 d2.utils.events]:  eta: 0:21:58  iter: 12959  total_loss: 0.8428  loss_cls: 0.199  loss_box_reg: 0.2792  loss_mask: 0.2688  loss_rpn_cls: 0.04103  loss_rpn_loc: 0.02922    time: 0.4737  last_time: 0.3435  data_time: 0.0622  last_data_time: 0.0318   lr: 0.0003389  max_mem: 8818M
[09/02 14:24:39 d2.utils.events]:  eta: 0:21:52  iter: 12979  total_loss: 0.8964  loss_cls: 0.2161  loss_box_reg: 0.2898  loss_mask: 0.2852  loss_rpn_cls: 0.05978  loss_rpn_loc: 0.0551    time: 0.4737  last_time: 0.3874  data_time: 0.1013  last_data_time: 0.0293   lr: 0.0003389  max_mem: 8818M
[09/02 14:24:49 d2.utils.events]:  eta: 0:21:39  iter: 12999  total_loss: 0.8914  loss_cls: 0.2067  loss_box_reg: 0.2374  loss_mask: 0.283  loss_rpn_cls: 0.06072  loss_rpn_loc: 0.04854    time: 0.4737  last_time: 0.5857  data_time: 0.0738  last_data_time: 0.0510   lr: 0.0003389  max_mem: 8818M
[09/02 14:24:57 d2.utils.events]:  eta: 0:21:26  iter: 13019  total_loss: 0.8584  loss_cls: 0.215  loss_box_reg: 0.2857  loss_mask: 0.2688  loss_rpn_cls: 0.05066  loss_rpn_loc: 0.03739    time: 0.4737  last_time: 0.2566  data_time: 0.0599  last_data_time: 0.0165   lr: 0.0003389  max_mem: 8818M
[09/02 14:25:07 d2.utils.events]:  eta: 0:21:19  iter: 13039  total_loss: 0.9338  loss_cls: 0.2459  loss_box_reg: 0.3484  loss_mask: 0.2724  loss_rpn_cls: 0.05082  loss_rpn_loc: 0.04363    time: 0.4737  last_time: 0.3866  data_time: 0.0656  last_data_time: 0.0179   lr: 0.0003389  max_mem: 8818M
[09/02 14:25:17 d2.utils.events]:  eta: 0:21:09  iter: 13059  total_loss: 0.847  loss_cls: 0.1984  loss_box_reg: 0.2627  loss_mask: 0.2756  loss_rpn_cls: 0.04334  loss_rpn_loc: 0.03584    time: 0.4737  last_time: 0.4935  data_time: 0.0538  last_data_time: 0.0554   lr: 0.0003389  max_mem: 8818M
[09/02 14:25:26 d2.utils.events]:  eta: 0:21:04  iter: 13079  total_loss: 0.9348  loss_cls: 0.2326  loss_box_reg: 0.3252  loss_mask: 0.2687  loss_rpn_cls: 0.04928  loss_rpn_loc: 0.03827    time: 0.4737  last_time: 0.3359  data_time: 0.0658  last_data_time: 0.0349   lr: 0.0003389  max_mem: 8818M
[09/02 14:25:36 d2.utils.events]:  eta: 0:20:54  iter: 13099  total_loss: 0.8613  loss_cls: 0.2087  loss_box_reg: 0.27  loss_mask: 0.2774  loss_rpn_cls: 0.04232  loss_rpn_loc: 0.02627    time: 0.4737  last_time: 0.3431  data_time: 0.1404  last_data_time: 0.0496   lr: 0.0003389  max_mem: 8818M
[09/02 14:25:46 d2.utils.events]:  eta: 0:20:46  iter: 13119  total_loss: 0.9644  loss_cls: 0.2409  loss_box_reg: 0.3239  loss_mask: 0.2648  loss_rpn_cls: 0.0558  loss_rpn_loc: 0.03943    time: 0.4737  last_time: 0.3279  data_time: 0.0864  last_data_time: 0.0472   lr: 0.0003389  max_mem: 8818M
[09/02 14:25:55 d2.utils.events]:  eta: 0:20:41  iter: 13139  total_loss: 0.9173  loss_cls: 0.2296  loss_box_reg: 0.3196  loss_mask: 0.2756  loss_rpn_cls: 0.05019  loss_rpn_loc: 0.03055    time: 0.4737  last_time: 0.7968  data_time: 0.0637  last_data_time: 0.2244   lr: 0.0003389  max_mem: 8818M
[09/02 14:26:04 d2.utils.events]:  eta: 0:20:26  iter: 13159  total_loss: 0.8498  loss_cls: 0.2046  loss_box_reg: 0.2841  loss_mask: 0.2695  loss_rpn_cls: 0.0449  loss_rpn_loc: 0.02358    time: 0.4737  last_time: 0.3790  data_time: 0.1028  last_data_time: 0.0138   lr: 0.0003389  max_mem: 8818M
[09/02 14:26:14 d2.utils.events]:  eta: 0:20:19  iter: 13179  total_loss: 0.8512  loss_cls: 0.2056  loss_box_reg: 0.2836  loss_mask: 0.2775  loss_rpn_cls: 0.06602  loss_rpn_loc: 0.04622    time: 0.4737  last_time: 0.4144  data_time: 0.0936  last_data_time: 0.0395   lr: 0.0003389  max_mem: 8818M
[09/02 14:26:23 d2.utils.events]:  eta: 0:20:09  iter: 13199  total_loss: 0.9181  loss_cls: 0.2321  loss_box_reg: 0.3545  loss_mask: 0.262  loss_rpn_cls: 0.0478  loss_rpn_loc: 0.04251    time: 0.4737  last_time: 0.7295  data_time: 0.0824  last_data_time: 0.1216   lr: 0.0003389  max_mem: 8818M
[09/02 14:26:34 d2.utils.events]:  eta: 0:20:07  iter: 13219  total_loss: 0.9868  loss_cls: 0.2331  loss_box_reg: 0.3267  loss_mask: 0.2819  loss_rpn_cls: 0.05256  loss_rpn_loc: 0.04966    time: 0.4738  last_time: 0.3140  data_time: 0.1389  last_data_time: 0.0162   lr: 0.0003389  max_mem: 8818M
[09/02 14:26:44 d2.utils.events]:  eta: 0:19:53  iter: 13239  total_loss: 0.8169  loss_cls: 0.2012  loss_box_reg: 0.2679  loss_mask: 0.2674  loss_rpn_cls: 0.04461  loss_rpn_loc: 0.02544    time: 0.4738  last_time: 0.3813  data_time: 0.0767  last_data_time: 0.0713   lr: 0.0003389  max_mem: 8818M
[09/02 14:26:54 d2.utils.events]:  eta: 0:19:44  iter: 13259  total_loss: 0.9248  loss_cls: 0.231  loss_box_reg: 0.3343  loss_mask: 0.264  loss_rpn_cls: 0.05504  loss_rpn_loc: 0.0335    time: 0.4739  last_time: 0.2527  data_time: 0.0937  last_data_time: 0.0236   lr: 0.0003389  max_mem: 8818M
[09/02 14:27:04 d2.utils.events]:  eta: 0:19:41  iter: 13279  total_loss: 0.9628  loss_cls: 0.2495  loss_box_reg: 0.3688  loss_mask: 0.269  loss_rpn_cls: 0.05743  loss_rpn_loc: 0.03656    time: 0.4739  last_time: 0.4914  data_time: 0.0659  last_data_time: 0.0387   lr: 0.0003389  max_mem: 8818M
[09/02 14:27:12 d2.utils.events]:  eta: 0:19:34  iter: 13299  total_loss: 0.8616  loss_cls: 0.206  loss_box_reg: 0.2628  loss_mask: 0.2773  loss_rpn_cls: 0.04673  loss_rpn_loc: 0.02346    time: 0.4738  last_time: 0.3084  data_time: 0.0549  last_data_time: 0.0300   lr: 0.0003389  max_mem: 8818M
[09/02 14:27:21 d2.utils.events]:  eta: 0:19:28  iter: 13319  total_loss: 0.7839  loss_cls: 0.1971  loss_box_reg: 0.2518  loss_mask: 0.2562  loss_rpn_cls: 0.04255  loss_rpn_loc: 0.02998    time: 0.4738  last_time: 0.3000  data_time: 0.0910  last_data_time: 0.0386   lr: 0.0003389  max_mem: 8818M
[09/02 14:27:30 d2.utils.events]:  eta: 0:19:20  iter: 13339  total_loss: 0.7467  loss_cls: 0.1826  loss_box_reg: 0.2286  loss_mask: 0.2699  loss_rpn_cls: 0.04828  loss_rpn_loc: 0.02734    time: 0.4737  last_time: 0.3420  data_time: 0.0654  last_data_time: 0.0217   lr: 0.0003389  max_mem: 8818M
[09/02 14:27:40 d2.utils.events]:  eta: 0:19:15  iter: 13359  total_loss: 0.9295  loss_cls: 0.2227  loss_box_reg: 0.3342  loss_mask: 0.2672  loss_rpn_cls: 0.05856  loss_rpn_loc: 0.03213    time: 0.4738  last_time: 0.2627  data_time: 0.0490  last_data_time: 0.0259   lr: 0.0003389  max_mem: 8818M
[09/02 14:27:49 d2.utils.events]:  eta: 0:19:05  iter: 13379  total_loss: 0.8352  loss_cls: 0.1924  loss_box_reg: 0.2636  loss_mask: 0.2652  loss_rpn_cls: 0.05203  loss_rpn_loc: 0.02794    time: 0.4737  last_time: 0.3446  data_time: 0.0725  last_data_time: 0.0566   lr: 0.0003389  max_mem: 8818M
[09/02 14:27:58 d2.utils.events]:  eta: 0:19:05  iter: 13399  total_loss: 0.877  loss_cls: 0.2334  loss_box_reg: 0.3172  loss_mask: 0.2644  loss_rpn_cls: 0.04748  loss_rpn_loc: 0.03905    time: 0.4737  last_time: 0.3938  data_time: 0.0673  last_data_time: 0.0354   lr: 0.0003389  max_mem: 8818M
[09/02 14:28:07 d2.utils.events]:  eta: 0:18:52  iter: 13419  total_loss: 0.9001  loss_cls: 0.2166  loss_box_reg: 0.3242  loss_mask: 0.2733  loss_rpn_cls: 0.03869  loss_rpn_loc: 0.03161    time: 0.4737  last_time: 0.5394  data_time: 0.0642  last_data_time: 0.0947   lr: 0.0003389  max_mem: 8818M
[09/02 14:28:16 d2.utils.events]:  eta: 0:18:48  iter: 13439  total_loss: 0.8246  loss_cls: 0.1977  loss_box_reg: 0.2844  loss_mask: 0.2641  loss_rpn_cls: 0.04086  loss_rpn_loc: 0.03148    time: 0.4736  last_time: 0.3894  data_time: 0.0629  last_data_time: 0.0379   lr: 0.0003389  max_mem: 8818M
[09/02 14:28:25 d2.utils.events]:  eta: 0:18:38  iter: 13459  total_loss: 0.7871  loss_cls: 0.1974  loss_box_reg: 0.2389  loss_mask: 0.2617  loss_rpn_cls: 0.04268  loss_rpn_loc: 0.02731    time: 0.4736  last_time: 0.6972  data_time: 0.0756  last_data_time: 0.2554   lr: 0.0003389  max_mem: 8818M
[09/02 14:28:35 d2.utils.events]:  eta: 0:18:32  iter: 13479  total_loss: 0.9258  loss_cls: 0.2294  loss_box_reg: 0.3148  loss_mask: 0.2616  loss_rpn_cls: 0.04949  loss_rpn_loc: 0.04096    time: 0.4736  last_time: 0.3782  data_time: 0.0781  last_data_time: 0.0484   lr: 0.0003389  max_mem: 8818M
[09/02 14:28:44 d2.utils.events]:  eta: 0:18:18  iter: 13499  total_loss: 0.946  loss_cls: 0.2275  loss_box_reg: 0.2908  loss_mask: 0.261  loss_rpn_cls: 0.05213  loss_rpn_loc: 0.03424    time: 0.4736  last_time: 0.3724  data_time: 0.0762  last_data_time: 0.0688   lr: 0.0003389  max_mem: 8818M
[09/02 14:28:54 d2.utils.events]:  eta: 0:18:12  iter: 13519  total_loss: 0.9412  loss_cls: 0.228  loss_box_reg: 0.3283  loss_mask: 0.3003  loss_rpn_cls: 0.04907  loss_rpn_loc: 0.05575    time: 0.4736  last_time: 0.5523  data_time: 0.0785  last_data_time: 0.0137   lr: 0.0003389  max_mem: 8818M
[09/02 14:29:04 d2.utils.events]:  eta: 0:17:57  iter: 13539  total_loss: 0.8332  loss_cls: 0.2127  loss_box_reg: 0.2848  loss_mask: 0.2715  loss_rpn_cls: 0.04602  loss_rpn_loc: 0.0328    time: 0.4737  last_time: 0.3218  data_time: 0.0851  last_data_time: 0.0194   lr: 0.0003389  max_mem: 8818M
[09/02 14:29:13 d2.utils.events]:  eta: 0:17:42  iter: 13559  total_loss: 0.7463  loss_cls: 0.1907  loss_box_reg: 0.2678  loss_mask: 0.2648  loss_rpn_cls: 0.04598  loss_rpn_loc: 0.03141    time: 0.4736  last_time: 0.6741  data_time: 0.0668  last_data_time: 0.0479   lr: 0.0003389  max_mem: 8818M
[09/02 14:29:23 d2.utils.events]:  eta: 0:17:33  iter: 13579  total_loss: 0.9185  loss_cls: 0.2126  loss_box_reg: 0.2874  loss_mask: 0.276  loss_rpn_cls: 0.05861  loss_rpn_loc: 0.0429    time: 0.4737  last_time: 0.6730  data_time: 0.0673  last_data_time: 0.0977   lr: 0.0003389  max_mem: 8818M
[09/02 14:29:32 d2.utils.events]:  eta: 0:17:25  iter: 13599  total_loss: 0.9031  loss_cls: 0.2078  loss_box_reg: 0.2894  loss_mask: 0.2807  loss_rpn_cls: 0.04775  loss_rpn_loc: 0.03509    time: 0.4736  last_time: 0.4121  data_time: 0.0655  last_data_time: 0.0400   lr: 0.0003389  max_mem: 8818M
[09/02 14:29:41 d2.utils.events]:  eta: 0:17:17  iter: 13619  total_loss: 0.8131  loss_cls: 0.2232  loss_box_reg: 0.2532  loss_mask: 0.2653  loss_rpn_cls: 0.04192  loss_rpn_loc: 0.02281    time: 0.4736  last_time: 0.5231  data_time: 0.0737  last_data_time: 0.0269   lr: 0.0003389  max_mem: 8818M
[09/02 14:29:50 d2.utils.events]:  eta: 0:17:06  iter: 13639  total_loss: 0.9477  loss_cls: 0.2386  loss_box_reg: 0.3153  loss_mask: 0.2863  loss_rpn_cls: 0.0492  loss_rpn_loc: 0.0356    time: 0.4735  last_time: 0.3801  data_time: 0.0666  last_data_time: 0.0942   lr: 0.0003389  max_mem: 8818M
[09/02 14:29:58 d2.utils.events]:  eta: 0:16:54  iter: 13659  total_loss: 0.7673  loss_cls: 0.1911  loss_box_reg: 0.2326  loss_mask: 0.2577  loss_rpn_cls: 0.03896  loss_rpn_loc: 0.02237    time: 0.4734  last_time: 0.3102  data_time: 0.0744  last_data_time: 0.0293   lr: 0.0003389  max_mem: 8818M
[09/02 14:30:08 d2.utils.events]:  eta: 0:16:50  iter: 13679  total_loss: 0.9682  loss_cls: 0.2354  loss_box_reg: 0.3377  loss_mask: 0.2827  loss_rpn_cls: 0.05943  loss_rpn_loc: 0.03681    time: 0.4735  last_time: 0.4294  data_time: 0.0662  last_data_time: 0.0697   lr: 0.0003389  max_mem: 8818M
[09/02 14:30:18 d2.utils.events]:  eta: 0:16:40  iter: 13699  total_loss: 0.9191  loss_cls: 0.2447  loss_box_reg: 0.3007  loss_mask: 0.2738  loss_rpn_cls: 0.05683  loss_rpn_loc: 0.04448    time: 0.4735  last_time: 0.6875  data_time: 0.0753  last_data_time: 0.0370   lr: 0.0003389  max_mem: 8818M
[09/02 14:30:26 d2.utils.events]:  eta: 0:16:26  iter: 13719  total_loss: 0.7767  loss_cls: 0.1769  loss_box_reg: 0.2653  loss_mask: 0.2662  loss_rpn_cls: 0.03129  loss_rpn_loc: 0.02462    time: 0.4734  last_time: 0.3798  data_time: 0.0633  last_data_time: 0.0265   lr: 0.0003389  max_mem: 8818M
[09/02 14:30:37 d2.utils.events]:  eta: 0:16:18  iter: 13739  total_loss: 0.9769  loss_cls: 0.2452  loss_box_reg: 0.3572  loss_mask: 0.2665  loss_rpn_cls: 0.06182  loss_rpn_loc: 0.03919    time: 0.4735  last_time: 0.3545  data_time: 0.0909  last_data_time: 0.0275   lr: 0.0003389  max_mem: 8818M
[09/02 14:30:46 d2.utils.events]:  eta: 0:16:09  iter: 13759  total_loss: 0.8766  loss_cls: 0.1974  loss_box_reg: 0.2975  loss_mask: 0.2584  loss_rpn_cls: 0.0408  loss_rpn_loc: 0.02653    time: 0.4735  last_time: 0.3920  data_time: 0.0931  last_data_time: 0.0234   lr: 0.0003389  max_mem: 8818M
[09/02 14:30:57 d2.utils.events]:  eta: 0:16:05  iter: 13779  total_loss: 0.9608  loss_cls: 0.2377  loss_box_reg: 0.3541  loss_mask: 0.2713  loss_rpn_cls: 0.05753  loss_rpn_loc: 0.04242    time: 0.4736  last_time: 0.3938  data_time: 0.0799  last_data_time: 0.0492   lr: 0.0003389  max_mem: 8818M
[09/02 14:31:07 d2.utils.events]:  eta: 0:15:59  iter: 13799  total_loss: 0.7413  loss_cls: 0.1784  loss_box_reg: 0.2515  loss_mask: 0.2573  loss_rpn_cls: 0.04335  loss_rpn_loc: 0.02401    time: 0.4736  last_time: 0.6572  data_time: 0.0839  last_data_time: 0.0648   lr: 0.0003389  max_mem: 8818M
[09/02 14:31:17 d2.utils.events]:  eta: 0:15:52  iter: 13819  total_loss: 0.9417  loss_cls: 0.2411  loss_box_reg: 0.3293  loss_mask: 0.2693  loss_rpn_cls: 0.04697  loss_rpn_loc: 0.04435    time: 0.4737  last_time: 0.2864  data_time: 0.0999  last_data_time: 0.0249   lr: 0.0003389  max_mem: 8818M
[09/02 14:31:26 d2.utils.events]:  eta: 0:15:43  iter: 13839  total_loss: 0.8907  loss_cls: 0.2158  loss_box_reg: 0.3062  loss_mask: 0.2742  loss_rpn_cls: 0.04542  loss_rpn_loc: 0.03142    time: 0.4737  last_time: 0.2873  data_time: 0.0578  last_data_time: 0.0332   lr: 0.0003389  max_mem: 8818M
[09/02 14:31:36 d2.utils.events]:  eta: 0:15:34  iter: 13859  total_loss: 0.8547  loss_cls: 0.1994  loss_box_reg: 0.2894  loss_mask: 0.2805  loss_rpn_cls: 0.04923  loss_rpn_loc: 0.0355    time: 0.4737  last_time: 0.7158  data_time: 0.0878  last_data_time: 0.2976   lr: 0.0003389  max_mem: 8818M
[09/02 14:31:44 d2.utils.events]:  eta: 0:15:24  iter: 13879  total_loss: 0.8257  loss_cls: 0.196  loss_box_reg: 0.2954  loss_mask: 0.2606  loss_rpn_cls: 0.04483  loss_rpn_loc: 0.02616    time: 0.4736  last_time: 0.2731  data_time: 0.0462  last_data_time: 0.0181   lr: 0.0003389  max_mem: 8818M
[09/02 14:31:55 d2.utils.events]:  eta: 0:15:22  iter: 13899  total_loss: 1.017  loss_cls: 0.2614  loss_box_reg: 0.3342  loss_mask: 0.2719  loss_rpn_cls: 0.05684  loss_rpn_loc: 0.04482    time: 0.4737  last_time: 0.4542  data_time: 0.0770  last_data_time: 0.0155   lr: 0.0003389  max_mem: 8818M
[09/02 14:32:05 d2.utils.events]:  eta: 0:15:15  iter: 13919  total_loss: 0.8351  loss_cls: 0.2186  loss_box_reg: 0.2685  loss_mask: 0.2582  loss_rpn_cls: 0.05865  loss_rpn_loc: 0.03602    time: 0.4737  last_time: 0.3033  data_time: 0.0791  last_data_time: 0.0170   lr: 0.0003389  max_mem: 8818M
[09/02 14:32:14 d2.utils.events]:  eta: 0:15:05  iter: 13939  total_loss: 0.828  loss_cls: 0.2066  loss_box_reg: 0.2909  loss_mask: 0.2614  loss_rpn_cls: 0.04897  loss_rpn_loc: 0.02939    time: 0.4737  last_time: 0.4042  data_time: 0.0863  last_data_time: 0.0351   lr: 0.0003389  max_mem: 8818M
[09/02 14:32:24 d2.utils.events]:  eta: 0:14:58  iter: 13959  total_loss: 0.879  loss_cls: 0.2177  loss_box_reg: 0.3071  loss_mask: 0.2706  loss_rpn_cls: 0.05177  loss_rpn_loc: 0.03809    time: 0.4737  last_time: 0.3919  data_time: 0.0744  last_data_time: 0.0676   lr: 0.0003389  max_mem: 8818M
[09/02 14:32:32 d2.utils.events]:  eta: 0:14:45  iter: 13979  total_loss: 0.7203  loss_cls: 0.1849  loss_box_reg: 0.2504  loss_mask: 0.2607  loss_rpn_cls: 0.03765  loss_rpn_loc: 0.02344    time: 0.4736  last_time: 0.7296  data_time: 0.0592  last_data_time: 0.2215   lr: 0.0003389  max_mem: 8818M
[09/02 14:32:43 d2.data.datasets.coco]: Loaded 896 images in COCO format from /vol/data/val/coco.json
[09/02 14:32:43 d2.data.dataset_mapper]: [DatasetMapper] Augmentations used in inference: [ResizeShortestEdge(short_edge_length=(1000, 1000), max_size=1333, sample_style='choice')]
[09/02 14:32:43 d2.data.common]: Serializing the dataset using: <class 'detectron2.data.common._TorchSerializedList'>
[09/02 14:32:43 d2.data.common]: Serializing 896 elements to byte tensors and concatenating them all ...
[09/02 14:32:43 d2.data.common]: Serialized dataset takes 6.12 MiB
[09/02 14:32:43 d2.evaluation.evaluator]: Start inference on 896 batches
[09/02 14:32:52 d2.evaluation.evaluator]: Inference done 11/896. Dataloading: 0.0020 s/iter. Inference: 0.0708 s/iter. Eval: 0.4513 s/iter. Total: 0.5241 s/iter. ETA=0:07:43
[09/02 14:32:58 d2.evaluation.evaluator]: Inference done 23/896. Dataloading: 0.0024 s/iter. Inference: 0.0678 s/iter. Eval: 0.4471 s/iter. Total: 0.5177 s/iter. ETA=0:07:31
[09/02 14:33:03 d2.evaluation.evaluator]: Inference done 32/896. Dataloading: 0.0026 s/iter. Inference: 0.0666 s/iter. Eval: 0.4687 s/iter. Total: 0.5381 s/iter. ETA=0:07:44
[09/02 14:33:08 d2.evaluation.evaluator]: Inference done 49/896. Dataloading: 0.0027 s/iter. Inference: 0.0633 s/iter. Eval: 0.3795 s/iter. Total: 0.4457 s/iter. ETA=0:06:17
[09/02 14:33:13 d2.evaluation.evaluator]: Inference done 70/896. Dataloading: 0.0027 s/iter. Inference: 0.0607 s/iter. Eval: 0.3169 s/iter. Total: 0.3805 s/iter. ETA=0:05:14
[09/02 14:33:18 d2.evaluation.evaluator]: Inference done 91/896. Dataloading: 0.0027 s/iter. Inference: 0.0593 s/iter. Eval: 0.2841 s/iter. Total: 0.3463 s/iter. ETA=0:04:38
[09/02 14:33:24 d2.evaluation.evaluator]: Inference done 103/896. Dataloading: 0.0027 s/iter. Inference: 0.0594 s/iter. Eval: 0.2956 s/iter. Total: 0.3579 s/iter. ETA=0:04:43
[09/02 14:33:29 d2.evaluation.evaluator]: Inference done 110/896. Dataloading: 0.0027 s/iter. Inference: 0.0598 s/iter. Eval: 0.3203 s/iter. Total: 0.3830 s/iter. ETA=0:05:01
[09/02 14:33:34 d2.evaluation.evaluator]: Inference done 123/896. Dataloading: 0.0027 s/iter. Inference: 0.0598 s/iter. Eval: 0.3231 s/iter. Total: 0.3858 s/iter. ETA=0:04:58
[09/02 14:33:40 d2.evaluation.evaluator]: Inference done 132/896. Dataloading: 0.0027 s/iter. Inference: 0.0602 s/iter. Eval: 0.3373 s/iter. Total: 0.4003 s/iter. ETA=0:05:05
[09/02 14:33:45 d2.evaluation.evaluator]: Inference done 149/896. Dataloading: 0.0027 s/iter. Inference: 0.0598 s/iter. Eval: 0.3262 s/iter. Total: 0.3889 s/iter. ETA=0:04:50
[09/02 14:33:50 d2.evaluation.evaluator]: Inference done 163/896. Dataloading: 0.0027 s/iter. Inference: 0.0597 s/iter. Eval: 0.3263 s/iter. Total: 0.3888 s/iter. ETA=0:04:45
[09/02 14:33:56 d2.evaluation.evaluator]: Inference done 183/896. Dataloading: 0.0027 s/iter. Inference: 0.0592 s/iter. Eval: 0.3158 s/iter. Total: 0.3778 s/iter. ETA=0:04:29
[09/02 14:34:02 d2.evaluation.evaluator]: Inference done 187/896. Dataloading: 0.0027 s/iter. Inference: 0.0595 s/iter. Eval: 0.3400 s/iter. Total: 0.4023 s/iter. ETA=0:04:45
[09/02 14:34:07 d2.evaluation.evaluator]: Inference done 194/896. Dataloading: 0.0027 s/iter. Inference: 0.0597 s/iter. Eval: 0.3522 s/iter. Total: 0.4147 s/iter. ETA=0:04:51
[09/02 14:34:12 d2.evaluation.evaluator]: Inference done 205/896. Dataloading: 0.0027 s/iter. Inference: 0.0598 s/iter. Eval: 0.3549 s/iter. Total: 0.4175 s/iter. ETA=0:04:48
[09/02 14:34:18 d2.evaluation.evaluator]: Inference done 211/896. Dataloading: 0.0027 s/iter. Inference: 0.0601 s/iter. Eval: 0.3709 s/iter. Total: 0.4338 s/iter. ETA=0:04:57
[09/02 14:34:23 d2.evaluation.evaluator]: Inference done 218/896. Dataloading: 0.0027 s/iter. Inference: 0.0604 s/iter. Eval: 0.3811 s/iter. Total: 0.4442 s/iter. ETA=0:05:01
[09/02 14:34:28 d2.evaluation.evaluator]: Inference done 237/896. Dataloading: 0.0027 s/iter. Inference: 0.0600 s/iter. Eval: 0.3674 s/iter. Total: 0.4302 s/iter. ETA=0:04:43
[09/02 14:34:34 d2.evaluation.evaluator]: Inference done 249/896. Dataloading: 0.0027 s/iter. Inference: 0.0600 s/iter. Eval: 0.3676 s/iter. Total: 0.4303 s/iter. ETA=0:04:38
[09/02 14:34:39 d2.evaluation.evaluator]: Inference done 254/896. Dataloading: 0.0027 s/iter. Inference: 0.0601 s/iter. Eval: 0.3791 s/iter. Total: 0.4420 s/iter. ETA=0:04:43
[09/02 14:34:44 d2.evaluation.evaluator]: Inference done 260/896. Dataloading: 0.0027 s/iter. Inference: 0.0603 s/iter. Eval: 0.3891 s/iter. Total: 0.4522 s/iter. ETA=0:04:47
[09/02 14:34:50 d2.evaluation.evaluator]: Inference done 264/896. Dataloading: 0.0027 s/iter. Inference: 0.0606 s/iter. Eval: 0.4033 s/iter. Total: 0.4666 s/iter. ETA=0:04:54
[09/02 14:34:55 d2.evaluation.evaluator]: Inference done 278/896. Dataloading: 0.0027 s/iter. Inference: 0.0604 s/iter. Eval: 0.3987 s/iter. Total: 0.4619 s/iter. ETA=0:04:45
[09/02 14:35:00 d2.evaluation.evaluator]: Inference done 289/896. Dataloading: 0.0027 s/iter. Inference: 0.0605 s/iter. Eval: 0.3996 s/iter. Total: 0.4629 s/iter. ETA=0:04:40
[09/02 14:35:05 d2.evaluation.evaluator]: Inference done 307/896. Dataloading: 0.0027 s/iter. Inference: 0.0602 s/iter. Eval: 0.3899 s/iter. Total: 0.4528 s/iter. ETA=0:04:26
[09/02 14:35:11 d2.evaluation.evaluator]: Inference done 327/896. Dataloading: 0.0027 s/iter. Inference: 0.0598 s/iter. Eval: 0.3785 s/iter. Total: 0.4411 s/iter. ETA=0:04:11
[09/02 14:35:16 d2.evaluation.evaluator]: Inference done 345/896. Dataloading: 0.0027 s/iter. Inference: 0.0595 s/iter. Eval: 0.3706 s/iter. Total: 0.4329 s/iter. ETA=0:03:58
[09/02 14:35:21 d2.evaluation.evaluator]: Inference done 367/896. Dataloading: 0.0027 s/iter. Inference: 0.0591 s/iter. Eval: 0.3586 s/iter. Total: 0.4205 s/iter. ETA=0:03:42
[09/02 14:35:26 d2.evaluation.evaluator]: Inference done 381/896. Dataloading: 0.0026 s/iter. Inference: 0.0591 s/iter. Eval: 0.3570 s/iter. Total: 0.4188 s/iter. ETA=0:03:35
[09/02 14:35:31 d2.evaluation.evaluator]: Inference done 390/896. Dataloading: 0.0027 s/iter. Inference: 0.0591 s/iter. Eval: 0.3604 s/iter. Total: 0.4223 s/iter. ETA=0:03:33
[09/02 14:35:37 d2.evaluation.evaluator]: Inference done 408/896. Dataloading: 0.0027 s/iter. Inference: 0.0590 s/iter. Eval: 0.3550 s/iter. Total: 0.4168 s/iter. ETA=0:03:23
[09/02 14:35:42 d2.evaluation.evaluator]: Inference done 413/896. Dataloading: 0.0027 s/iter. Inference: 0.0592 s/iter. Eval: 0.3624 s/iter. Total: 0.4243 s/iter. ETA=0:03:24
[09/02 14:35:47 d2.evaluation.evaluator]: Inference done 420/896. Dataloading: 0.0027 s/iter. Inference: 0.0593 s/iter. Eval: 0.3686 s/iter. Total: 0.4307 s/iter. ETA=0:03:25
[09/02 14:35:53 d2.evaluation.evaluator]: Inference done 430/896. Dataloading: 0.0027 s/iter. Inference: 0.0593 s/iter. Eval: 0.3706 s/iter. Total: 0.4327 s/iter. ETA=0:03:21
[09/02 14:35:58 d2.evaluation.evaluator]: Inference done 443/896. Dataloading: 0.0027 s/iter. Inference: 0.0593 s/iter. Eval: 0.3704 s/iter. Total: 0.4325 s/iter. ETA=0:03:15
[09/02 14:36:03 d2.evaluation.evaluator]: Inference done 462/896. Dataloading: 0.0027 s/iter. Inference: 0.0592 s/iter. Eval: 0.3642 s/iter. Total: 0.4261 s/iter. ETA=0:03:04
[09/02 14:36:09 d2.evaluation.evaluator]: Inference done 470/896. Dataloading: 0.0026 s/iter. Inference: 0.0592 s/iter. Eval: 0.3679 s/iter. Total: 0.4299 s/iter. ETA=0:03:03
[09/02 14:36:14 d2.evaluation.evaluator]: Inference done 484/896. Dataloading: 0.0026 s/iter. Inference: 0.0592 s/iter. Eval: 0.3668 s/iter. Total: 0.4288 s/iter. ETA=0:02:56
[09/02 14:36:20 d2.evaluation.evaluator]: Inference done 496/896. Dataloading: 0.0026 s/iter. Inference: 0.0592 s/iter. Eval: 0.3683 s/iter. Total: 0.4303 s/iter. ETA=0:02:52
[09/02 14:36:25 d2.evaluation.evaluator]: Inference done 513/896. Dataloading: 0.0026 s/iter. Inference: 0.0591 s/iter. Eval: 0.3640 s/iter. Total: 0.4259 s/iter. ETA=0:02:43
[09/02 14:36:30 d2.evaluation.evaluator]: Inference done 539/896. Dataloading: 0.0026 s/iter. Inference: 0.0587 s/iter. Eval: 0.3536 s/iter. Total: 0.4151 s/iter. ETA=0:02:28
[09/02 14:36:36 d2.evaluation.evaluator]: Inference done 553/896. Dataloading: 0.0026 s/iter. Inference: 0.0587 s/iter. Eval: 0.3541 s/iter. Total: 0.4155 s/iter. ETA=0:02:22
[09/02 14:36:42 d2.evaluation.evaluator]: Inference done 570/896. Dataloading: 0.0026 s/iter. Inference: 0.0586 s/iter. Eval: 0.3514 s/iter. Total: 0.4127 s/iter. ETA=0:02:14
[09/02 14:36:47 d2.evaluation.evaluator]: Inference done 590/896. Dataloading: 0.0026 s/iter. Inference: 0.0585 s/iter. Eval: 0.3460 s/iter. Total: 0.4072 s/iter. ETA=0:02:04
[09/02 14:36:52 d2.evaluation.evaluator]: Inference done 607/896. Dataloading: 0.0026 s/iter. Inference: 0.0584 s/iter. Eval: 0.3430 s/iter. Total: 0.4041 s/iter. ETA=0:01:56
[09/02 14:36:57 d2.evaluation.evaluator]: Inference done 620/896. Dataloading: 0.0026 s/iter. Inference: 0.0584 s/iter. Eval: 0.3428 s/iter. Total: 0.4039 s/iter. ETA=0:01:51
[09/02 14:37:03 d2.evaluation.evaluator]: Inference done 624/896. Dataloading: 0.0026 s/iter. Inference: 0.0585 s/iter. Eval: 0.3494 s/iter. Total: 0.4106 s/iter. ETA=0:01:51
[09/02 14:37:08 d2.evaluation.evaluator]: Inference done 631/896. Dataloading: 0.0026 s/iter. Inference: 0.0586 s/iter. Eval: 0.3528 s/iter. Total: 0.4141 s/iter. ETA=0:01:49
[09/02 14:37:13 d2.evaluation.evaluator]: Inference done 643/896. Dataloading: 0.0026 s/iter. Inference: 0.0586 s/iter. Eval: 0.3530 s/iter. Total: 0.4143 s/iter. ETA=0:01:44
[09/02 14:37:18 d2.evaluation.evaluator]: Inference done 657/896. Dataloading: 0.0026 s/iter. Inference: 0.0585 s/iter. Eval: 0.3522 s/iter. Total: 0.4134 s/iter. ETA=0:01:38
[09/02 14:37:24 d2.evaluation.evaluator]: Inference done 682/896. Dataloading: 0.0026 s/iter. Inference: 0.0583 s/iter. Eval: 0.3453 s/iter. Total: 0.4063 s/iter. ETA=0:01:26
[09/02 14:37:29 d2.evaluation.evaluator]: Inference done 696/896. Dataloading: 0.0026 s/iter. Inference: 0.0585 s/iter. Eval: 0.3442 s/iter. Total: 0.4054 s/iter. ETA=0:01:21
[09/02 14:37:34 d2.evaluation.evaluator]: Inference done 706/896. Dataloading: 0.0026 s/iter. Inference: 0.0585 s/iter. Eval: 0.3461 s/iter. Total: 0.4073 s/iter. ETA=0:01:17
[09/02 14:37:39 d2.evaluation.evaluator]: Inference done 719/896. Dataloading: 0.0026 s/iter. Inference: 0.0585 s/iter. Eval: 0.3458 s/iter. Total: 0.4071 s/iter. ETA=0:01:12
[09/02 14:37:44 d2.evaluation.evaluator]: Inference done 731/896. Dataloading: 0.0026 s/iter. Inference: 0.0585 s/iter. Eval: 0.3460 s/iter. Total: 0.4073 s/iter. ETA=0:01:07
[09/02 14:37:50 d2.evaluation.evaluator]: Inference done 737/896. Dataloading: 0.0026 s/iter. Inference: 0.0586 s/iter. Eval: 0.3501 s/iter. Total: 0.4114 s/iter. ETA=0:01:05
[09/02 14:37:55 d2.evaluation.evaluator]: Inference done 747/896. Dataloading: 0.0026 s/iter. Inference: 0.0587 s/iter. Eval: 0.3517 s/iter. Total: 0.4132 s/iter. ETA=0:01:01
[09/02 14:38:01 d2.evaluation.evaluator]: Inference done 759/896. Dataloading: 0.0026 s/iter. Inference: 0.0587 s/iter. Eval: 0.3530 s/iter. Total: 0.4145 s/iter. ETA=0:00:56
[09/02 14:38:06 d2.evaluation.evaluator]: Inference done 771/896. Dataloading: 0.0026 s/iter. Inference: 0.0587 s/iter. Eval: 0.3532 s/iter. Total: 0.4146 s/iter. ETA=0:00:51
[09/02 14:38:12 d2.evaluation.evaluator]: Inference done 776/896. Dataloading: 0.0026 s/iter. Inference: 0.0588 s/iter. Eval: 0.3578 s/iter. Total: 0.4193 s/iter. ETA=0:00:50
[09/02 14:38:17 d2.evaluation.evaluator]: Inference done 781/896. Dataloading: 0.0026 s/iter. Inference: 0.0589 s/iter. Eval: 0.3621 s/iter. Total: 0.4237 s/iter. ETA=0:00:48
[09/02 14:38:23 d2.evaluation.evaluator]: Inference done 788/896. Dataloading: 0.0026 s/iter. Inference: 0.0589 s/iter. Eval: 0.3654 s/iter. Total: 0.4271 s/iter. ETA=0:00:46
[09/02 14:38:28 d2.evaluation.evaluator]: Inference done 795/896. Dataloading: 0.0027 s/iter. Inference: 0.0590 s/iter. Eval: 0.3680 s/iter. Total: 0.4298 s/iter. ETA=0:00:43
[09/02 14:38:33 d2.evaluation.evaluator]: Inference done 808/896. Dataloading: 0.0027 s/iter. Inference: 0.0590 s/iter. Eval: 0.3676 s/iter. Total: 0.4294 s/iter. ETA=0:00:37
[09/02 14:38:39 d2.evaluation.evaluator]: Inference done 819/896. Dataloading: 0.0027 s/iter. Inference: 0.0590 s/iter. Eval: 0.3683 s/iter. Total: 0.4302 s/iter. ETA=0:00:33
[09/02 14:38:44 d2.evaluation.evaluator]: Inference done 841/896. Dataloading: 0.0027 s/iter. Inference: 0.0590 s/iter. Eval: 0.3632 s/iter. Total: 0.4250 s/iter. ETA=0:00:23
[09/02 14:38:49 d2.evaluation.evaluator]: Inference done 855/896. Dataloading: 0.0027 s/iter. Inference: 0.0589 s/iter. Eval: 0.3622 s/iter. Total: 0.4239 s/iter. ETA=0:00:17
[09/02 14:38:54 d2.evaluation.evaluator]: Inference done 865/896. Dataloading: 0.0027 s/iter. Inference: 0.0590 s/iter. Eval: 0.3633 s/iter. Total: 0.4251 s/iter. ETA=0:00:13
[09/02 14:39:00 d2.evaluation.evaluator]: Inference done 874/896. Dataloading: 0.0027 s/iter. Inference: 0.0591 s/iter. Eval: 0.3653 s/iter. Total: 0.4271 s/iter. ETA=0:00:09
[09/02 14:39:05 d2.evaluation.evaluator]: Inference done 884/896. Dataloading: 0.0027 s/iter. Inference: 0.0591 s/iter. Eval: 0.3661 s/iter. Total: 0.4280 s/iter. ETA=0:00:05
[09/02 14:39:09 d2.evaluation.evaluator]: Total inference time: 0:06:19.875148 (0.426347 s / iter per device, on 1 devices)
[09/02 14:39:09 d2.evaluation.evaluator]: Total inference pure compute time: 0:00:52 (0.059065 s / iter per device, on 1 devices)
[09/02 14:39:10 d2.evaluation.coco_evaluation]: Preparing results for COCO format ...
[09/02 14:39:10 d2.evaluation.coco_evaluation]: Saving results to /vol/out/train_s0v2/coco_instances_results.json
[09/02 14:39:10 d2.evaluation.coco_evaluation]: Evaluating predictions with unofficial COCO API...
Loading and preparing results...
DONE (t=0.07s)
creating index...
index created!
[09/02 14:39:10 d2.evaluation.fast_eval_api]: Evaluate annotation type *bbox*
[09/02 14:39:11 d2.evaluation.fast_eval_api]: COCOeval_opt.evaluate() finished in 0.65 seconds.
[09/02 14:39:11 d2.evaluation.fast_eval_api]: Accumulating evaluation results...
[09/02 14:39:11 d2.evaluation.fast_eval_api]: COCOeval_opt.accumulate() finished in 0.10 seconds.
 Average Precision  (AP) @[ IoU=0.50:0.95 | area=   all | maxDets=100 ] = 0.130
 Average Precision  (AP) @[ IoU=0.50      | area=   all | maxDets=100 ] = 0.488
 Average Precision  (AP) @[ IoU=0.75      | area=   all | maxDets=100 ] = 0.020
 Average Precision  (AP) @[ IoU=0.50:0.95 | area= small | maxDets=100 ] = 0.095
 Average Precision  (AP) @[ IoU=0.50:0.95 | area=medium | maxDets=100 ] = 0.168
 Average Precision  (AP) @[ IoU=0.50:0.95 | area= large | maxDets=100 ] = 0.149
 Average Recall     (AR) @[ IoU=0.50:0.95 | area=   all | maxDets=  1 ] = 0.012
 Average Recall     (AR) @[ IoU=0.50:0.95 | area=   all | maxDets= 10 ] = 0.085
 Average Recall     (AR) @[ IoU=0.50:0.95 | area=   all | maxDets=100 ] = 0.256
 Average Recall     (AR) @[ IoU=0.50:0.95 | area= small | maxDets=100 ] = 0.180
 Average Recall     (AR) @[ IoU=0.50:0.95 | area=medium | maxDets=100 ] = 0.317
 Average Recall     (AR) @[ IoU=0.50:0.95 | area= large | maxDets=100 ] = 0.393
[09/02 14:39:11 d2.evaluation.coco_evaluation]: Evaluation results for bbox: 
|   AP   |  AP50  |  AP75  |  APs  |  APm   |  APl   |
|:------:|:------:|:------:|:-----:|:------:|:------:|
| 12.975 | 48.782 | 2.041  | 9.467 | 16.850 | 14.907 |
Loading and preparing results...
DONE (t=0.66s)
creating index...
index created!
[09/02 14:39:14 d2.evaluation.fast_eval_api]: Evaluate annotation type *segm*
[09/02 14:39:15 d2.evaluation.fast_eval_api]: COCOeval_opt.evaluate() finished in 0.95 seconds.
[09/02 14:39:15 d2.evaluation.fast_eval_api]: Accumulating evaluation results...
[09/02 14:39:15 d2.evaluation.fast_eval_api]: COCOeval_opt.accumulate() finished in 0.10 seconds.
 Average Precision  (AP) @[ IoU=0.50:0.95 | area=   all | maxDets=100 ] = 0.336
 Average Precision  (AP) @[ IoU=0.50      | area=   all | maxDets=100 ] = 0.631
 Average Precision  (AP) @[ IoU=0.75      | area=   all | maxDets=100 ] = 0.332
 Average Precision  (AP) @[ IoU=0.50:0.95 | area= small | maxDets=100 ] = 0.203
 Average Precision  (AP) @[ IoU=0.50:0.95 | area=medium | maxDets=100 ] = 0.449
 Average Precision  (AP) @[ IoU=0.50:0.95 | area= large | maxDets=100 ] = 0.543
 Average Recall     (AR) @[ IoU=0.50:0.95 | area=   all | maxDets=  1 ] = 0.029
 Average Recall     (AR) @[ IoU=0.50:0.95 | area=   all | maxDets= 10 ] = 0.178
 Average Recall     (AR) @[ IoU=0.50:0.95 | area=   all | maxDets=100 ] = 0.460
 Average Recall     (AR) @[ IoU=0.50:0.95 | area= small | maxDets=100 ] = 0.350
 Average Recall     (AR) @[ IoU=0.50:0.95 | area=medium | maxDets=100 ] = 0.550
 Average Recall     (AR) @[ IoU=0.50:0.95 | area= large | maxDets=100 ] = 0.628
[09/02 14:39:15 d2.evaluation.coco_evaluation]: Evaluation results for segm: 
|   AP   |  AP50  |  AP75  |  APs   |  APm   |  APl   |
|:------:|:------:|:------:|:------:|:------:|:------:|
| 33.617 | 63.099 | 33.202 | 20.273 | 44.909 | 54.316 |
[09/02 14:39:15 d2.engine.defaults]: Evaluation results for trees_valv2 in csv format:
[09/02 14:39:15 d2.evaluation.testing]: copypaste: Task: bbox
[09/02 14:39:15 d2.evaluation.testing]: copypaste: AP,AP50,AP75,APs,APm,APl
[09/02 14:39:15 d2.evaluation.testing]: copypaste: 12.9748,48.7819,2.0408,9.4671,16.8496,14.9068
[09/02 14:39:15 d2.evaluation.testing]: copypaste: Task: segm
[09/02 14:39:15 d2.evaluation.testing]: copypaste: AP,AP50,AP75,APs,APm,APl
[09/02 14:39:15 d2.evaluation.testing]: copypaste: 33.6170,63.0994,33.2019,20.2727,44.9088,54.3165
[eval] iter 14000 segm AP50=63.099 (best 63.827)
[early-stop] no AP50 gain in 2 evals (best 63.827)
[09/02 14:39:15 d2.utils.events]:  eta: 0:14:36  iter: 13999  total_loss: 0.9248  loss_cls: 0.2219  loss_box_reg: 0.3269  loss_mask: 0.2974  loss_rpn_cls: 0.04883  loss_rpn_loc: 0.0321    time: 0.4736  last_time: 0.3397  data_time: 0.0698  last_data_time: 0.0532   lr: 0.0003389  max_mem: 8818M
[commit] volume committed @ iter 14000
[09/02 14:39:17 d2.engine.hooks]: Overall training speed: 13998 iterations in 1:50:29 (0.4736 s / it)
[09/02 14:39:17 d2.engine.hooks]: Total training time: 2:46:51 (0:56:21 on hooks)
[09/02 14:39:17 d2.checkpoint.detection_checkpoint]: [DetectionCheckpointer] Loading from /vol/out/train_s0v2/model_5.pth ...
[09/02 14:39:18 d2.engine.hooks]: Loading scheduler from state_dict ...
[best] loaded /vol/out/train_s0v2/model_5.pth (AP50=63.827)
[09/02 14:39:18 d2.utils.events]:  eta: 0:14:36  iter: 14000  total_loss: 0.9248  loss_cls: 0.2219  loss_box_reg: 0.3269  loss_mask: 0.2974  loss_rpn_cls: 0.04883  loss_rpn_loc: 0.0321    time: 0.4736  last_time: 0.3397  data_time: 0.0698  last_data_time: 0.0532   lr: 0.0003389  max_mem: 8818M
[train] done -> /vol/out/model_best_s0v2.pth  gpu=NVIDIA A100-SXM4-40GB  best_AP50=63.82728709717702
Runner terminated.
✓ App completed. View run at 
https://modal.com/apps/tomdpitts/main/ap-Z10WOp1dAuxMJNcKR3TYSw
