{
  "ckpt_step": 2000,
  "val_f1": 0.9047312282799115,
  "scales": [
    512,
    768
  ],
  "flips": false,
  "n_test": 439,
  "test_f1": 0.8954236090568127,
  "test_iou": 0.8106488753505035,
  "min": 40.1
}