{
  "ckpt_step": 1500,
  "val_f1": 0.9234691074319755,
  "scales": [
    512,
    768
  ],
  "n_test": 439,
  "test_f1": 0.8642666234789106,
  "test_iou": 0.7609766881433744,
  "min": 57.8
}