{
  "test_f1": 0.8516219296505301,
  "test_iou": 0.7415867227344106,
  "best_val_f1": 0.8541506664797534,
  "best_step": 30
}