{
  "test_f1": 0.8929117537123064,
  "test_iou": 0.8065407222111087,
  "best_grouped_val_f1": 0.9037605343388448,
  "best_phase": "joint",
  "best_step": 2000,
  "stopped_at": 2000
}