{
  "tag": "v3_smoke",
  "flips": true,
  "test_f1": 0.8797759710574565,
  "test_iou": 0.7853571681442485,
  "best_grouped_val_f1": 0.9162476290991515,
  "best_phase": "joint",
  "best_step": 40,
  "stopped_at": 40
}