{
  "tag": "v3_last4",
  "flips": true,
  "test_f1": 0.8963814310691407,
  "test_iou": 0.8122203234923081,
  "best_grouped_val_f1": 0.9047312282799115,
  "best_phase": "joint",
  "best_step": 2000,
  "stopped_at": 2000
}