{
  "web": {
    "capacity": "mlp",
    "seeds": [
      0,
      1,
      2,
      3,
      4
    ],
    "mAP50_mean": 0.4502098486134809,
    "mAP50_std": 0.015192184070067533,
    "mAP50_ci95": [
      0.3171558222325915,
      0.537282578516804
    ],
    "mAP50_ci_median": 0.45434577305873236,
    "f1_mean": 0.5600903820025029,
    "count_mae_mean": 2.3575757575757574
  },
  "sat": {
    "capacity": "mlp",
    "seeds": [
      0,
      1,
      2,
      3,
      4
    ],
    "mAP50_mean": 0.35353167369755234,
    "mAP50_std": 0.027425797042852838,
    "mAP50_ci95": [
      0.24310857383206866,
      0.43209508525608525
    ],
    "mAP50_ci_median": 0.358350586945006,
    "f1_mean": 0.5099136248928,
    "count_mae_mean": 3.7090909090909085
  },
  "_paired_gap": {
    "a": "web",
    "b": "sat",
    "gap_median": 0.09374432423966444,
    "gap_ci95": [
      0.03847193856016691,
      0.14893881276203236
    ],
    "frac_gap_gt_0": 1.0,
    "resolved": true
  }
}