{
  "web": {
    "capacity": "linear",
    "seeds": [
      0,
      1,
      2,
      3,
      4
    ],
    "mAP50_mean": 0.18075009962297522,
    "mAP50_std": 0.02641823220988287,
    "mAP50_ci95": [
      0.09079425239622116,
      0.26395520911561704
    ],
    "mAP50_ci_median": 0.1861162983440634,
    "f1_mean": 0.33599759733815016,
    "count_mae_mean": 7.24848484848485
  },
  "sat": {
    "capacity": "linear",
    "seeds": [
      0,
      1,
      2,
      3,
      4
    ],
    "mAP50_mean": 0.16261556829644142,
    "mAP50_std": 0.019984218653128244,
    "mAP50_ci95": [
      0.08055290581153862,
      0.24122932826464386
    ],
    "mAP50_ci_median": 0.16764445329696337,
    "f1_mean": 0.30685673623349674,
    "count_mae_mean": 7.321212121212122
  }
}