{
  "web": {
    "capacity": "mlp",
    "seeds": [
      0,
      1,
      2,
      3,
      4
    ],
    "mAP50_mean": 0.4502098486134809,
    "mAP50_std": 0.015192184070067533,
    "mAP50_ci95": [
      0.3171558222325915,
      0.537282578516804
    ],
    "mAP50_ci_median": 0.45434577305873236,
    "f1_mean": 0.5600903820025029,
    "count_mae_mean": 2.3575757575757574
  }
}