{
  "dapt_s42_i999": {
    "capacity": "linear",
    "seeds": [
      0,
      1,
      2,
      3,
      4
    ],
    "mAP50_mean": 0.18333415376994563,
    "mAP50_std": 0.031097972676386854,
    "mAP50_ci95": [
      0.09780576162922944,
      0.26523927892394294
    ],
    "mAP50_ci_median": 0.18889452629084402,
    "f1_mean": 0.3417859586585955,
    "count_mae_mean": 7.284848484848484
  },
  "web": {
    "capacity": "linear",
    "seeds": [
      0,
      1,
      2,
      3,
      4
    ],
    "mAP50_mean": 0.18075009962297522,
    "mAP50_std": 0.02641823220988287,
    "mAP50_ci95": [
      0.09079425239622116,
      0.26395520911561704
    ],
    "mAP50_ci_median": 0.1861162983440634,
    "f1_mean": 0.33599759733815016,
    "count_mae_mean": 7.24848484848485
  },
  "sat": {
    "capacity": "linear",
    "seeds": [
      0,
      1,
      2,
      3,
      4
    ],
    "mAP50_mean": 0.16261556829644142,
    "mAP50_std": 0.019984218653128244,
    "mAP50_ci95": [
      0.08055290581153862,
      0.24122932826464386
    ],
    "mAP50_ci_median": 0.16764445329696337,
    "f1_mean": 0.30685673623349674,
    "count_mae_mean": 7.321212121212122
  },
  "_paired_gap": {
    "a": "dapt_s42_i999",
    "b": "web",
    "FULL": {
      "n_tiles": 33,
      "gap_median": 0.004710338468692676,
      "gap_ci95": [
        -0.02403838643032647,
        0.0320463082321901
      ],
      "frac_gap_gt_0": 0.62,
      "resolved": false
    },
    "arid": {
      "n_tiles": 18,
      "gap_median": -0.005925037978595088,
      "gap_ci95": [
        -0.04607323114360455,
        0.02709092306511051
      ],
      "frac_gap_gt_0": 0.388,
      "resolved": false
    },
    "NEON": {
      "n_tiles": 15,
      "gap_median": 0.017227125987312596,
      "gap_ci95": [
        -0.0013523494113708932,
        0.06218610695233073
      ],
      "frac_gap_gt_0": 0.93,
      "resolved": false
    }
  }
}