{
  "dapt_s42_i999": {
    "capacity": "mlp",
    "seeds": [
      0,
      1,
      2,
      3,
      4
    ],
    "mAP50_mean": 0.48347832237305965,
    "mAP50_std": 0.009184036902118067,
    "mAP50_ci95": [
      0.34772229337568067,
      0.5675409183881165
    ],
    "mAP50_ci_median": 0.4872683540888841,
    "f1_mean": 0.583526251254203,
    "count_mae_mean": 2.1575757575757573
  },
  "dapt_s42_shuf_i999": {
    "capacity": "mlp",
    "seeds": [
      0,
      1,
      2,
      3,
      4
    ],
    "mAP50_mean": 0.47057704271393036,
    "mAP50_std": 0.009256825826302205,
    "mAP50_ci95": [
      0.3327302040887647,
      0.5539757470215895
    ],
    "mAP50_ci_median": 0.47467795917252714,
    "f1_mean": 0.5728745404452263,
    "count_mae_mean": 2.3393939393939394
  },
  "_paired_gap": {
    "a": "dapt_s42_i999",
    "b": "dapt_s42_shuf_i999",
    "FULL": {
      "n_tiles": 33,
      "gap_median": 0.012589881482347742,
      "gap_ci95": [
        0.0034081334767771493,
        0.021424062050193704
      ],
      "frac_gap_gt_0": 0.993,
      "resolved": true
    },
    "arid": {
      "n_tiles": 18,
      "gap_median": 0.011608577518119667,
      "gap_ci95": [
        -0.0005723343887028802,
        0.025073040665350193
      ],
      "frac_gap_gt_0": 0.968,
      "resolved": false
    },
    "NEON": {
      "n_tiles": 15,
      "gap_median": 0.008251890245383767,
      "gap_ci95": [
        -0.004774206648639594,
        0.017999214661335177
      ],
      "frac_gap_gt_0": 0.909,
      "resolved": false
    }
  }
}