{
  "dapt_s42_i999": {
    "capacity": "mlp",
    "seeds": [
      0,
      1,
      2,
      3,
      4
    ],
    "mAP50_mean": 0.48347832237305965,
    "mAP50_std": 0.009184036902118067,
    "mAP50_ci95": [
      0.34772229337568067,
      0.5675409183881165
    ],
    "mAP50_ci_median": 0.4872683540888841,
    "f1_mean": 0.583526251254203,
    "count_mae_mean": 2.1575757575757573
  },
  "web": {
    "capacity": "mlp",
    "seeds": [
      0,
      1,
      2,
      3,
      4
    ],
    "mAP50_mean": 0.4502098486134809,
    "mAP50_std": 0.015192184070067533,
    "mAP50_ci95": [
      0.3171558222325915,
      0.537282578516804
    ],
    "mAP50_ci_median": 0.45434577305873236,
    "f1_mean": 0.5600903820025029,
    "count_mae_mean": 2.3575757575757574
  },
  "sat": {
    "capacity": "mlp",
    "seeds": [
      0,
      1,
      2,
      3,
      4
    ],
    "mAP50_mean": 0.35353167369755234,
    "mAP50_std": 0.027425797042852838,
    "mAP50_ci95": [
      0.24310857383206866,
      0.43209508525608525
    ],
    "mAP50_ci_median": 0.358350586945006,
    "f1_mean": 0.5099136248928,
    "count_mae_mean": 3.7090909090909085
  },
  "_paired_gap": {
    "a": "dapt_s42_i999",
    "b": "web",
    "FULL": {
      "n_tiles": 33,
      "gap_median": 0.03344555537572197,
      "gap_ci95": [
        0.008672002060147689,
        0.05770721308690376
      ],
      "frac_gap_gt_0": 0.996,
      "resolved": true
    },
    "arid": {
      "n_tiles": 18,
      "gap_median": 0.032969449919079796,
      "gap_ci95": [
        0.006099037585837241,
        0.06282500570825852
      ],
      "frac_gap_gt_0": 0.993,
      "resolved": true
    },
    "NEON": {
      "n_tiles": 15,
      "gap_median": 0.016698480777424224,
      "gap_ci95": [
        -0.03972467502938371,
        0.048649768213012985
      ],
      "frac_gap_gt_0": 0.739,
      "resolved": false
    }
  }
}