{
  "dapt_s42_shuf_i999": {
    "capacity": "mlp",
    "seeds": [
      0,
      1,
      2,
      3,
      4
    ],
    "mAP50_mean": 0.47057704271393036,
    "mAP50_std": 0.009256825826302205,
    "mAP50_ci95": [
      0.3327302040887647,
      0.5539757470215895
    ],
    "mAP50_ci_median": 0.47467795917252714,
    "f1_mean": 0.5728745404452263,
    "count_mae_mean": 2.3393939393939394
  },
  "web": {
    "capacity": "mlp",
    "seeds": [
      0,
      1,
      2,
      3,
      4
    ],
    "mAP50_mean": 0.4502098486134809,
    "mAP50_std": 0.015192184070067533,
    "mAP50_ci95": [
      0.3171558222325915,
      0.537282578516804
    ],
    "mAP50_ci_median": 0.45434577305873236,
    "f1_mean": 0.5600903820025029,
    "count_mae_mean": 2.3575757575757574
  },
  "_paired_gap": {
    "a": "dapt_s42_shuf_i999",
    "b": "web",
    "FULL": {
      "n_tiles": 33,
      "gap_median": 0.021199298170645642,
      "gap_ci95": [
        -0.0016196479252699588,
        0.040331064080657016
      ],
      "frac_gap_gt_0": 0.968,
      "resolved": false
    },
    "arid": {
      "n_tiles": 18,
      "gap_median": 0.021566332335359317,
      "gap_ci95": [
        -0.002405967105785522,
        0.04375164872209341
      ],
      "frac_gap_gt_0": 0.965,
      "resolved": false
    },
    "NEON": {
      "n_tiles": 15,
      "gap_median": 0.00800747100250606,
      "gap_ci95": [
        -0.04955357990445395,
        0.04671786300948431
      ],
      "frac_gap_gt_0": 0.651,
      "resolved": false
    }
  }
}