{
  "dapt_s123_i499": {
    "capacity": "mlp",
    "seeds": [
      0,
      1,
      2,
      3,
      4
    ],
    "mAP50_mean": 0.4672997597403,
    "mAP50_std": 0.018908536868060686,
    "mAP50_ci95": [
      0.3217220427181856,
      0.5532684234622938
    ],
    "mAP50_ci_median": 0.47052830155415587,
    "f1_mean": 0.5652286779782921,
    "count_mae_mean": 2.412121212121212
  },
  "web": {
    "capacity": "mlp",
    "seeds": [
      0,
      1,
      2,
      3,
      4
    ],
    "mAP50_mean": 0.4502098486134809,
    "mAP50_std": 0.015192184070067533,
    "mAP50_ci95": [
      0.3171558222325915,
      0.537282578516804
    ],
    "mAP50_ci_median": 0.45434577305873236,
    "f1_mean": 0.5600903820025029,
    "count_mae_mean": 2.3575757575757574
  },
  "_paired_gap": {
    "a": "dapt_s123_i499",
    "b": "web",
    "FULL": {
      "n_tiles": 33,
      "gap_median": 0.01740359463876795,
      "gap_ci95": [
        -0.005482640791500312,
        0.03757860946437841
      ],
      "frac_gap_gt_0": 0.94,
      "resolved": false
    },
    "arid": {
      "n_tiles": 18,
      "gap_median": 0.021636046748606808,
      "gap_ci95": [
        -0.007043324852518509,
        0.04670835234573781
      ],
      "frac_gap_gt_0": 0.927,
      "resolved": false
    },
    "NEON": {
      "n_tiles": 15,
      "gap_median": -0.0019519388394346054,
      "gap_ci95": [
        -0.02016866948603993,
        0.004210486558971199
      ],
      "frac_gap_gt_0": 0.236,
      "resolved": false
    }
  }
}