{
  "dapt_s43_p1k_i999": {
    "capacity": "mlp",
    "seeds": [
      0,
      1,
      2,
      3,
      4
    ],
    "mAP50_mean": 0.4733043912273886,
    "mAP50_std": 0.01637392812501857,
    "mAP50_ci95": [
      0.32883597715014934,
      0.5603105786118048
    ],
    "mAP50_ci_median": 0.47645743966787923,
    "f1_mean": 0.5698695599808903,
    "count_mae_mean": 2.23030303030303
  },
  "web": {
    "capacity": "mlp",
    "seeds": [
      0,
      1,
      2,
      3,
      4
    ],
    "mAP50_mean": 0.4502098486134809,
    "mAP50_std": 0.015192184070067533,
    "mAP50_ci95": [
      0.3171558222325915,
      0.537282578516804
    ],
    "mAP50_ci_median": 0.45434577305873236,
    "f1_mean": 0.5600903820025029,
    "count_mae_mean": 2.3575757575757574
  },
  "_paired_gap": {
    "a": "dapt_s43_p1k_i999",
    "b": "web",
    "FULL": {
      "n_tiles": 33,
      "gap_median": 0.022435237341680264,
      "gap_ci95": [
        -0.0009456441076817866,
        0.045525941170416036
      ],
      "frac_gap_gt_0": 0.968,
      "resolved": false
    },
    "arid": {
      "n_tiles": 18,
      "gap_median": 0.023361914854950094,
      "gap_ci95": [
        -0.0072160943974499585,
        0.0535625142522608
      ],
      "frac_gap_gt_0": 0.948,
      "resolved": false
    },
    "NEON": {
      "n_tiles": 15,
      "gap_median": 0.005212747007014115,
      "gap_ci95": [
        -0.010467798272599893,
        0.018969897701844266
      ],
      "frac_gap_gt_0": 0.746,
      "resolved": false
    }
  }
}