{
  "baseline": "web",
  "dapt_arms": [
    "dapt_s43_p1k_i999",
    "dapt_s124_p1k_i499",
    "dapt_s317_p1k_i999",
    "dapt_s588_p1k_i999",
    "dapt_s902_p1k_i999"
  ],
  "capacity": "mlp",
  "probe_seeds": [
    0,
    1,
    2,
    3,
    4
  ],
  "per_seed": {
    "dapt_s43_p1k_i999": {
      "FULL": {
        "gap": 0.022435237341680264,
        "ci95": [
          -0.0009456441076817866,
          0.045525941170416036
        ],
        "p_gt0": 0.968,
        "resolved": false
      },
      "arid": {
        "gap": 0.023361914854950094,
        "ci95": [
          -0.0072160943974499585,
          0.0535625142522608
        ],
        "p_gt0": 0.948,
        "resolved": false
      },
      "NEON": {
        "gap": 0.005212747007014115,
        "ci95": [
          -0.010467798272599893,
          0.018969897701844266
        ],
        "p_gt0": 0.746,
        "resolved": false
      }
    },
    "dapt_s124_p1k_i499": {
      "FULL": {
        "gap": 0.015333649304960756,
        "ci95": [
          -0.00037677065249842276,
          0.029180669938112
        ],
        "p_gt0": 0.972,
        "resolved": false
      },
      "arid": {
        "gap": 0.015834414426292465,
        "ci95": [
          -0.0036635192346619865,
          0.03276949306122768
        ],
        "p_gt0": 0.947,
        "resolved": false
      },
      "NEON": {
        "gap": 0.005019282235291217,
        "ci95": [
          -0.011005514680726606,
          0.015095606955871053
        ],
        "p_gt0": 0.808,
        "resolved": false
      }
    },
    "dapt_s317_p1k_i999": {
      "FULL": {
        "gap": 0.015173477241806038,
        "ci95": [
          -0.005180973868484024,
          0.034075569690883996
        ],
        "p_gt0": 0.933,
        "resolved": false
      },
      "arid": {
        "gap": 0.01590060991372111,
        "ci95": [
          -0.011198291744542871,
          0.04102910257092637
        ],
        "p_gt0": 0.888,
        "resolved": false
      },
      "NEON": {
        "gap": 0.0036145120674585876,
        "ci95": [
          -0.012583250429788705,
          0.014934067394883656
        ],
        "p_gt0": 0.69,
        "resolved": false
      }
    },
    "dapt_s588_p1k_i999": {
      "FULL": {
        "gap": 0.019492029266921174,
        "ci95": [
          0.00025108019572175623,
          0.03854501446753061
        ],
        "p_gt0": 0.977,
        "resolved": true
      },
      "arid": {
        "gap": 0.02424510257484233,
        "ci95": [
          0.0014233506914308192,
          0.047351105613955884
        ],
        "p_gt0": 0.982,
        "resolved": true
      },
      "NEON": {
        "gap": -0.002274201469846429,
        "ci95": [
          -0.03308654017296428,
          0.016827846490461946
        ],
        "p_gt0": 0.404,
        "resolved": false
      }
    },
    "dapt_s902_p1k_i999": {
      "FULL": {
        "gap": 0.01616398261366389,
        "ci95": [
          -0.0013591659561574244,
          0.03616868501300467
        ],
        "p_gt0": 0.962,
        "resolved": false
      },
      "arid": {
        "gap": 0.020567862518045016,
        "ci95": [
          -0.0029088089616167013,
          0.04491840907050083
        ],
        "p_gt0": 0.959,
        "resolved": false
      },
      "NEON": {
        "gap": -0.00244144762794693,
        "ci95": [
          -0.026257904396308512,
          0.008675084604095218
        ],
        "p_gt0": 0.335,
        "resolved": false
      }
    }
  },
  "pooled": {
    "FULL": {
      "gap": 0.017598404030035042,
      "ci95": [
        -0.0009577148239387572,
        0.036390943984997474
      ],
      "p_gt0": 0.964,
      "resolved": false,
      "gap_mean_over_seeds": 0.017719675153806423,
      "gap_std_over_seeds": 0.0028275143956439986
    },
    "arid": {
      "gap": 0.020249400385938254,
      "ci95": [
        -0.004335485542145653,
        0.04299515261041148
      ],
      "p_gt0": 0.955,
      "resolved": false,
      "gap_mean_over_seeds": 0.019981980857570202,
      "gap_std_over_seeds": 0.003572151004819365
    },
    "NEON": {
      "gap": 0.0014814820059863634,
      "ci95": [
        -0.015760596260311795,
        0.014183491153595792
      ],
      "p_gt0": 0.594,
      "resolved": false,
      "gap_mean_over_seeds": 0.0018261784423941121,
      "gap_std_over_seeds": 0.003460885532073628
    }
  }
}