{
  "model": "facebook/dinov3-vitl16-pretrain-lvd1689m",
  "eval_split": "test",
  "crop": 512,
  "train_tiles": 300,
  "steps": 800,
  "micro_f1": 0.874049512200885,
  "micro_iou": 0.776277040306969,
  "wall_clock_s": 1239.7
}