{
  "model": "facebook/dinov3-vitl16-pretrain-lvd1689m",
  "eval_split": "sparse",
  "crop": 512,
  "train_tiles": 300,
  "steps": 800,
  "micro_f1": 0.8478958608064351,
  "micro_iou": 0.7359541832736877,
  "wall_clock_s": 945.6
}