{
  "model": "facebook/dinov3-vitl16-pretrain-lvd1689m",
  "n_sweep": [
    10,
    30
  ],
  "n_folds": 2,
  "seeds": 1,
  "steps": 120,
  "curve": {
    "none": {
      "10": {
        "mean": 0.6453262989718089,
        "std": 0.01638645139605238
      },
      "30": {
        "mean": 0.632558558417713,
        "std": 0.021677302479279015
      }
    },
    "correct": {
      "10": {
        "mean": 0.6463466516358498,
        "std": 0.01836851746065815
      },
      "30": {
        "mean": 0.6326499630872415,
        "std": 0.022134928023710587
      }
    },
    "shuffled": {
      "10": {
        "mean": 0.6463103955083137,
        "std": 0.018394846152680056
      },
      "30": {
        "mean": 0.6326388184706822,
        "std": 0.02213692658153138
      }
    }
  },
  "stats_correct_vs_shuffled": {
    "10": {
      "name": "nadeau-bengio",
      "mean_delta": 3.6256127536105076e-05,
      "ci_low": -0.0005460993481664533,
      "ci_high": 0.0006186116032386635,
      "effect_size_dz": 0.9737268231561056,
      "p_value": 0.573932325429832,
      "n_folds": 2,
      "statistic": 0.7910594106944371,
      "df": 1,
      "note": "correction_factor=1.5152 (1/J + n_test/n_train)"
    },
    "30": {
      "name": "nadeau-bengio",
      "mean_delta": 1.1144616559488618e-05,
      "ci_low": -3.306081109633526e-05,
      "ci_high": 5.53500442153125e-05,
      "effect_size_dz": 3.9430602712374734,
      "p_value": 0.1926325237743235,
      "n_folds": 2,
      "statistic": 3.203357307532752,
      "df": 1,
      "note": "correction_factor=1.5152 (1/J + n_test/n_train)"
    }
  },
  "wall_clock_s": 44.0
}